smiles,canonical_smiles,labels,num_labels,sources
CCCCC=COC(=O)CCCCCCCC,CCCCC=COC(=O)CCCCCCCC,fruity;green;herbal;oily;waxy,5,leffingwell
CC(=O)OCC1C=CC(C(C)C)CC1,CC(=O)OCC1C=CC(C(C)C)CC1,fruity;herbal;spicy;woody,4,leffingwell
CCCCCCCCC(OC(C)=O)C(=O)OC,CCCCCCCCC(OC(C)=O)C(=O)OC,apricot;buttery;peach,3,leffingwell
CCCCC=COC(=O)C(C)CCC,CCCCC=COC(=O)C(C)CCC,apple;fruity;green;tropical,4,leffingwell
CCCCCCCC=CC(=O)OC(CCCCCCCC)C(=O)O,CCCCCCCC=CC(=O)OC(CCCCCCCC)C(=O)O,milky,1,leffingwell
CCCCC=COC(=O)C=CCCCCC,CCCCC=COC(=O)C=CCCCCC,fatty;fruity,2,leffingwell
CC(C)CC(C)(O)C1CCCS1,CC(C)CC(C)(O)C1CCCS1,green;lemon;sulfur;tropical,4,leffingwell
CC(=S)OC1(C)OCCC1C,CC(=S)OC1(C)OCCC1C,meaty;roasted;sulfur,3,leffingwell
CCCCCC(OCC)OCCC,CCCCCC(OCC)OCCC,apple;green,2,leffingwell
CCCCC=COC(=O)c1ccco1,CCCCC=COC(=O)c1ccco1,caramel;fruity;green;sweet;tropical,5,leffingwell
CCC=CC(=O)OC=CCCCC,CCC=CC(=O)OC=CCCCC,fruity;green;tropical,3,leffingwell
CCCC(CS)OC=O,CCCC(CS)OC=O,black;currant;fruity;roasted;sulfur;tropical,6,leffingwell
CCCCCCCCC(=O)C(=O)OC(=C(C)C)C(O)CO,CCCCCCCCC(=O)C(=O)OC(=C(C)C)C(O)CO,buttery,1,leffingwell
CCCC(CCOC)[SH]=C(O)OCC,CCCC(CCOC)[SH]=C(O)OCC,black;coffee;currant;roasted;sulfur;tropical,6,leffingwell
CC=CCOC(=O)C(C)CCC,CC=CCOC(=O)C(C)CCC,apple;ethereal;fruity;plum,4,leffingwell
CC1=C(OC(=O)CO)CC(C(C)C)CC1,CC1=C(OC(=O)CO)CC(C(C)C)CC1,citrus;herbal,2,leffingwell
Cc1coc(C(=O)c2cccs2)c1C,Cc1coc(C(=O)c2cccs2)c1C,meaty;sulfur,2,leffingwell
CCCCCCCCCCC(OC=O)C(=O)OC,CCCCCCCCCCC(OC=O)C(=O)OC,buttery;fatty;peach,3,leffingwell
CCCC(=O)CCSCc1ccco1,CCCC(=O)CCSCc1ccco1,burnt;meaty;roasted,3,leffingwell
CCOC(=O)C1(c2ccccc2)OC1CC,CCOC(=O)C1(c2ccccc2)OC1CC,berry;fruity,2,leffingwell
CCCCCCCCC=CC(OC)OC,CCCCCCCCC=CC(OC)OC,citrus;fruity,2,leffingwell
SCC1CC=CS1,SCC1CC=CS1,meaty;roasted;sulfur,3,leffingwell
CCCOC(CC)OC(C)CCC,CCCOC(CC)OC(C)CCC,alcoholic;cognac;ethereal;green,4,leffingwell
CCCCCCCC=COC(=O)CC(C)C,CCCCCCCC=COC(=O)CC(C)C,apple;fruity;green;melon;tropical;waxy,6,leffingwell
CCCCCCCCCC(=O)Oc1ccccc1C,CCCCCCCCCC(=O)Oc1ccccc1C,floral;phenolic;sweet,3,leffingwell
CC=CC1(C)CCOSC1(C)C,CC=CC1(C)CCOSC1(C)C,green;herbal;spicy;sulfur;tropical,5,leffingwell
CCCSC(O)(CS)CCC,CCCSC(O)(CS)CCC,meaty;onion;sulfur,3,leffingwell
CC(C)C=C(C=O)c1ccco1,CC(C)C=C(C=O)c1ccco1,green;herbal;oily;woody,4,leffingwell
CCCCC(C)C(C)(C)OC(=O)CC(C)C,CCCCC(C)C(C)(C)OC(=O)CC(C)C,floral;fruity;herbal;woody,4,leffingwell
CCCCCCCCC=CC=CC=CC=CC=O,CCCCCCCCC=CC=CC=CC=CC=O,fatty;oily,2,leffingwell
CCCC=CC(OCCCC)OCCCC,CCCC=CC(OCCCC)OCCCC,fruity;green;vegetable,3,leffingwell
CCC(=O)C(C)SSc1ccco1,CCC(=O)C(C)SSc1ccco1,meaty;nutty;sweet,3,leffingwell
CCCCCCCCC(S)C=O,CCCCCCCCC(S)C=O,citrus;fatty;tropical,3,leffingwell
CCC(=O)OC1(C)CCCCC1(C)C,CCC(=O)OC1(C)CCCCC1(C)C,fruity;herbal;minty;sweet,4,leffingwell
CC(O)CN,CC(O)CN,fishy,1,"goodscents,leffingwell"
CCC(=O)C(=O)O,CCC(=O)C(=O)O,brown;caramel;creamy;fatty;lactonic;sweet,6,"goodscents,leffingwell"
O=C(O)C(=O)CS,O=C(O)C(=O)CS,cheesy;meaty;sulfur,3,leffingwell
O=Cc1cccc(O)c1,O=Cc1cccc(O)c1,aromatic;medicinal;phenolic;sweet,4,leffingwell
O=C(O)CCc1ccccc1,O=C(O)CCc1ccccc1,balsamic;cinnamon;fatty;floral;musk;rose;sweet,7,"aromadb,flavornet,goodscents,leffingwell"
OCc1ccc(O)cc1,OCc1ccc(O)cc1,almond;bitter;coconut;fruity;medicinal;nutty;phenolic;sweet,8,"goodscents,leffingwell"
O=Cc1ccc(O)cc1,O=Cc1ccc(O)cc1,almond;balsamic;brown;hay;honey;metallic;nutty;phenolic;sweet;vanilla;woody,11,"aromadb,goodscents,leffingwell"
CC(C)CCC=O,CC(C)CCC=O,cheesy;cocoa;fatty;fruity;herbal,5,leffingwell
O=C(O)c1ccc(O)cc1,O=C(O)c1ccc(O)cc1,nutty;odorless;phenolic,3,"goodscents,leffingwell"
CC(=O)O,CC(=O)O,acidic;bland;pungent;sour,4,"aromadb,flavornet,goodscents,leffingwell"
CC=O,CC=O,alcoholic;aldehydic;ethereal;fresh;fruity;musty;nutty;pungent,8,"aromadb,flavornet,goodscents,leffingwell"
CC(=O)C(C)O,CC(=O)C(C)O,buttery;creamy;fatty;fruity;milky;sweet,6,"aromadb,flavornet,goodscents,leffingwell"
CC(C)=O,CC(C)=O,apple;ethereal;pear;solvent,4,"goodscents,leffingwell"
O=C(O)CCCCC(=O)O,O=C(O)CCCCC(=O)O,minty;odorless,2,"aromadb,goodscents,leffingwell"
CC(O)C(N)C(=O)O,CC(O)C(N)C(=O)O,mild;savory;sweet,3,"aromadb,goodscents,leffingwell"
O=Cc1ccccc1,O=Cc1ccccc1,almond;bitter;burnt;cherry;fruity;nutty;powdery;sweet,8,"aromadb,flavornet,goodscents,leffingwell"
O=C(O)c1ccccc1,O=C(O)c1ccccc1,almond;balsamic,2,"aromadb,flavornet,goodscents,leffingwell"
OCc1ccccc1,OCc1ccccc1,almond;balsamic;chemical;floral;fruity;phenolic;rose;sweet,8,"aromadb,flavornet,goodscents,leffingwell"
CCCC=O,CCCC=O,bready;chocolate;cocoa;fruity;green;malty;musty;nutty;pungent,9,"aromadb,flavornet,goodscents,leffingwell"
CCCCO,CCCCO,alcoholic;balsamic;fermented;fruity;oily;solvent;sweet;winey,8,"aromadb,flavornet,goodscents,leffingwell"
CCCC(=O)O,CCCC(=O)O,buttery;cheesy;fruity;milky;sour,5,"aromadb,flavornet,goodscents,leffingwell"
O=CO,O=CO,fermented;fruity;pungent,3,"goodscents,leffingwell"
Oc1ccccc1O,Oc1ccccc1O,burnt;phenolic,2,leffingwell
O=C(O)CC(O)(CC(=O)O)C(=O)O,O=C(O)CC(O)(CC(=O)O)C(=O)O,odorless,1,"goodscents,leffingwell"
CC(C)c1ccc(CO)cc1,CC(C)c1ccc(CO)cc1,herbal;leathery;oily;spicy;woody,5,"aromadb,flavornet,goodscents,leffingwell"
CC(C)c1ccc(C=O)cc1,CC(C)c1ccc(C=O)cc1,green;herbal;pungent;spicy;woody,5,"aromadb,flavornet,goodscents,leffingwell"
C=Cc1ccc(O)c(OC)c1,C=Cc1ccc(O)c(OC)c1,peppery;phenolic;powdery;smoky;spicy;sweet;woody,7,"aromadb,flavornet,goodscents,leffingwell"
Cc1ccccc1O,Cc1ccccc1O,herbal;leathery;medicinal;musty;phenolic;plastic,6,"flavornet,goodscents,leffingwell"
Cc1cccc(O)c1,Cc1cccc(O)c1,dry;leathery;medicinal;phenolic;plastic;woody,6,"flavornet,goodscents,leffingwell"
CCCCCCCC,CCCCCCCC,gasoline,1,"flavornet,leffingwell"
CCCCCCCC(=O)O,CCCCCCCC(=O)O,animal;cheesy;fatty;oily;vegetable;waxy,6,"flavornet,goodscents,leffingwell"
CC(O)CC(=O)O,CC(O)CC(=O)O,cheesy;fruity,2,leffingwell
OCC(O)C(O)C(O)C(O)CO,OCC(O)C(O)C(O)C(O)CO,odorless,1,"goodscents,leffingwell"
CCCCCCCC=O,CCCCCCCC=O,aldehydic;citrus;fatty;fresh;fruity;green;herbal;lemon;orange;peel;soap;waxy,12,"aromadb,flavornet,goodscents,leffingwell"
COc1ccccc1O,COc1ccccc1O,meaty;medicinal;phenolic;savory;smoky;spicy;sweet;vanilla;woody,9,"aromadb,flavornet,goodscents,leffingwell"
CSCCC(=O)C(=O)O,CSCCC(=O)C(=O)O,cheesy;sulfur,2,leffingwell
O=C(O)CC(O)C(=O)O,O=C(O)CC(O)C(=O)O,odorless,1,"goodscents,leffingwell"
CCC=O,CCC=O,alcoholic;brandy;cocoa;cognac;earthy;ethereal;grape;green;meaty;nutty;pungent;solvent;winey,13,"flavornet,goodscents,leffingwell"
CSCCC(=O)O,CSCCC(=O)O,cheesy;cocoa;fruity;green;roasted;sulfur;sweet;tropical,8,"goodscents,leffingwell"
NC(CS)C(=O)O,NC(CS)C(=O)O,odorless;sulfur,2,"aromadb,goodscents,leffingwell"
NC(CCC(=O)O)C(=O)O,NC(CCC(=O)O)C(=O)O,bread;meaty;odorless,3,"aromadb,goodscents,leffingwell"
CC(O)C(=O)O,CC(O)C(=O)O,buttery;odorless;sour,3,"goodscents,leffingwell"
CC(=O)C(C)=O,CC(=O)C(C)=O,buttery;caramel;creamy;pungent;sweet,5,"aromadb,flavornet,goodscents,leffingwell"
O=C1CCc2ccccc2O1,O=C1CCc2ccccc2O1,balsamic;cinnamon;coconut;coumarinic;creamy;hay;herbal;nutty;spicy;sweet;tobacco;vanilla,12,"aromadb,goodscents,leffingwell"
O=C(CO)CO,O=C(CO)CO,fruity;minty;sweet,3,"goodscents,leffingwell"
CNC,CNC,fishy,1,leffingwell
CCOC(=O)C(C)C(C)=O,CCOC(=O)C(C)C(C)=O,apple;fruity;green;winey,4,leffingwell
CCO,CCO,alcoholic;ethereal;medicinal;sweet,4,"flavornet,goodscents,leffingwell"
O=C(O)CO,O=C(O)CO,odorless,1,"goodscents,leffingwell"
c1ccc2[nH]ccc2c1,c1ccc2[nH]ccc2c1,animal;burnt;cheesy;floral;musty;pungent,6,"flavornet,goodscents,leffingwell"
CC(C)CC(N)C(=O)O,CC(C)CC(N)C(=O)O,odorless,1,"goodscents,leffingwell"
O=C(O)C(O)C(O)C(=O)O,O=C(O)C(O)C(O)C(=O)O,caramel;mild;odorless,3,"goodscents,leffingwell"
CSCCC(N)C(=O)O,CSCCC(N)C(=O)O,acidic;meaty;mild;sulfur,4,"goodscents,leffingwell"
CS,CS,cabbage;creamy;garlic;gasoline;oily;savory;sulfur;vegetable,8,"flavornet,goodscents,leffingwell"
CC(=O)C=O,CC(=O)C=O,acidic;brown;caramel;ethereal;pungent;rummy;sweet,7,"goodscents,leffingwell"
c1ccc2ccccc2c1,c1ccc2ccccc2c1,camphoreous;dry;gasoline;pungent,4,"flavornet,goodscents,leffingwell"
CCCCCCCCO,CCCCCCCCO,aldehydic;burnt;chemical;citrus;coconut;fatty;floral;green;mushroom;orange;rose;sweet;waxy,13,"aromadb,flavornet,goodscents,leffingwell"
O=C(O)C(=O)CO,O=C(O)C(=O)CO,burnt;buttery;cabbage;creamy;radish;sour,6,"goodscents,leffingwell"
CCCCCCCCCCCCCCCC=O,CCCCCCCCCCCCCCCC=O,fatty;orris;waxy,3,"flavornet,goodscents,leffingwell"
CCCCCCCCCCCCCCCC(=O)O,CCCCCCCCCCCCCCCC(=O)O,creamy;fatty;grass;odorless;waxy,5,"aromadb,goodscents,leffingwell"
CC1(C)COC(=O)C1O,CC1(C)COC(=O)C1O,bread;roasted;sweet,3,"flavornet,goodscents,leffingwell"
NC(Cc1ccccc1)C(=O)O,NC(Cc1ccccc1)C(=O)O,chocolate;cocoa;odorless,3,"goodscents,leffingwell"
Oc1ccccc1,Oc1ccccc1,medicinal;phenolic;plastic;sweet,4,"aromadb,flavornet,goodscents,leffingwell"
O=C(O)C(=O)Cc1ccccc1,O=C(O)C(=O)Cc1ccccc1,acidic;almond;burnt;caramel;green;honey;phenolic;sweet;weedy,9,"goodscents,leffingwell"
O=CCc1ccccc1,O=CCc1ccccc1,chocolate;cocoa;earthy;fermented;floral;green;honey;hyacinth;powdery;rose;sweet,11,"aromadb,flavornet,goodscents,leffingwell"
O=C(O)Cc1ccccc1,O=C(O)Cc1ccccc1,animal;chocolate;floral;honey;powdery;rose;sour;sweet;tobacco;waxy,10,"aromadb,flavornet,goodscents,leffingwell"
NCCc1ccccc1,NCCc1ccccc1,fishy,1,"aromadb,goodscents,leffingwell"
O=C(O)c1ccccc1C(=O)O,O=C(O)c1ccccc1C(=O)O,aromatic,1,leffingwell
CC(O)CO,CC(O)CO,odorless,1,"goodscents,leffingwell"
CCCO,CCCO,alcoholic;apple;fermented;fruity;musty;pear;pungent;sweet,8,"flavornet,goodscents,leffingwell"
CCC(=O)O,CCC(=O)O,acidic;cheesy;milky;pungent;sour,5,"aromadb,flavornet,goodscents,leffingwell"
c1ccncc1,c1ccncc1,burnt;fishy;sour,3,"flavornet,goodscents,leffingwell"
CC(=O)C(=O)O,CC(=O)C(=O)O,acidic;burnt;caramel;sour,4,"aromadb,goodscents,leffingwell"
CSC,CSC,berry;cabbage;creamy;fishy;fruity;gasoline;green;onion;pungent;radish;sulfur;sweet;tomato;vegetable,14,"flavornet,goodscents,leffingwell"
O=C(O)CCC(=O)O,O=C(O)CCC(=O)O,odorless,1,"goodscents,leffingwell"
C1CCSC1,C1CCSC1,burnt;cabbage;garlic;meaty;sulfur,5,"flavornet,goodscents,leffingwell"
O=C(O)CS,O=C(O)CS,sulfur,1,leffingwell
Cc1ncsc1CCO,Cc1ncsc1CCO,beefy;bready;brothy;cooked;fatty;meaty;nutty;oily;sulfur,9,"flavornet,goodscents,leffingwell"
C[N+](C)(C)[O-],C[N+](C)(C)[O-],fishy;odorless,2,"goodscents,leffingwell"
CN(C)C,CN(C)C,fishy;fruity;oily;pungent,4,"flavornet,goodscents,leffingwell"
CC(C)C(N)C(=O)O,CC(C)C(N)C(=O)O,fishy;odorless,2,"aromadb,goodscents,leffingwell"
COc1cc(C=O)ccc1O,COc1cc(C=O)ccc1O,chocolate;creamy;sweet;vanilla,4,"aromadb,flavornet,goodscents,leffingwell"
CC1CCC(C(C)C)C(O)C1,CC1CCC(C(C)C)C(O)C1,camphoreous;cooling;earthy;hay;herbal;minty;musty;pine;sweet;woody,10,"aromadb,flavornet,goodscents,leffingwell"
O=C(O)c1ccc(O)cc1O,O=C(O)c1ccc(O)cc1O,mild;odorless;phenolic,3,"goodscents,leffingwell"
OCCS,OCCS,burnt;chicken;meaty,3,leffingwell
COc1cc(C(C)=O)ccc1O,COc1cc(C(C)=O)ccc1O,sweet;vanilla,2,"aromadb,flavornet,goodscents,leffingwell"
O=C(O)CCCCCCCC(=O)O,O=C(O)CCCCCCCC(=O)O,odorless,1,leffingwell
O=C(OCc1ccccc1)c1ccccc1,O=C(OCc1ccccc1)c1ccccc1,balsamic;fruity;herbal;oily;sweet,5,"aromadb,flavornet,goodscents,leffingwell"
S=C=NCc1ccccc1,S=C=NCc1ccccc1,horseradish;medicinal;oily;pungent;radish;vegetable,6,"goodscents,leffingwell"
Cn1c(=O)c2c(ncn2C)n(C)c1=O,Cn1c(=O)c2c(ncn2C)n(C)c1=O,odorless,1,"goodscents,leffingwell"
CC12CCC(CC1=O)C2(C)C,CC12CCC(CC1=O)C2(C)C,camphor;camphoreous;cooling;fresh;green;herbal;medicinal;minty;phenolic;woody,10,"aromadb,flavornet,goodscents,leffingwell"
CCCCCCCCCCCCCCCCO,CCCCCCCCCCCCCCCCO,bland;clean;floral;fruity;odorless;oily;waxy,7,"aromadb,flavornet,goodscents,leffingwell"
CC12CCC(CC1)C(C)(C)O2,CC12CCC(CC1)C(C)(C)O2,camphoreous;fresh;herbal;medicinal;minty;sweet,6,"flavornet,goodscents,leffingwell"
Cc1ccc(O)cc1,Cc1ccc(O)cc1,animal;medicinal;phenolic;smoky,4,"aromadb,flavornet,goodscents,leffingwell"
CCCCCCCCCC(=O)O,CCCCCCCCCC(=O)O,bland;cheesy;citrus;fatty;milky;sour;waxy,7,"aromadb,flavornet,goodscents,leffingwell"
CCCCCCCCC(=O)NCc1ccc(O)c(OC)c1,CCCCCCCCC(=O)NCc1ccc(O)c(OC)c1,odorless,1,"goodscents,leffingwell"
OCC(S)CS,OCC(S)CS,sulfur,1,leffingwell
O=C(c1ccccc1)c1ccccc1,O=C(c1ccccc1)c1ccccc1,balsamic;floral;geranium;herbal;metallic;powdery;rose,7,"aromadb,goodscents,leffingwell"
C=CCc1ccc(O)c(OC)c1,C=CCc1ccc(O)c(OC)c1,cinnamon;dry;honey;phenolic;pungent;savory;smoky;spicy;sweet;woody,10,"aromadb,flavornet,goodscents,leffingwell"
O=CCCCC=O,O=CCCCC=O,apple;fruity;green;medicinal;pungent,5,"goodscents,leffingwell"
CC(C)c1cccc(O)c(=O)c1,CC(C)c1cccc(O)c(=O)c1,phenolic;woody,2,"goodscents,leffingwell"
CC(C)O,CC(C)O,alcoholic;musty;woody,3,"goodscents,leffingwell"
CCCCCCCCCCCC(=O)O,CCCCCCCCCCCC(=O)O,coconut;fatty;fresh;lily;waxy,5,"aromadb,flavornet,goodscents,leffingwell"
C=C(C)C(=O)O,C=C(C)C(=O)O,pungent,1,leffingwell
COC(=O)c1ccccc1O,COC(=O)c1ccccc1O,aromatic;camphoreous;minty;phenolic;sweet;warm,6,"aromadb,flavornet,goodscents,leffingwell"
C=CCc1cc(OC)c2c(c1)OCO2,C=CCc1cc(OC)c2c(c1)OCO2,balsamic;spicy;warm;woody,4,"aromadb,flavornet,goodscents,leffingwell"
O=C(O)CCCc1ccccc1,O=C(O)CCCc1ccccc1,floral;honey;sweet,3,"aromadb,leffingwell"
C1CNCCN1,C1CNCCN1,fishy,1,"aromadb,goodscents,leffingwell"
CCCOC(=O)c1cc(O)c(O)c(O)c1,CCCOC(=O)c1cc(O)c(O)c(O)c1,bland;odorless,2,"goodscents,leffingwell"
Oc1cccc(O)c1,Oc1cccc(O)c1,creamy;hawthorn;musty;nutty;odorless;phenolic;vanilla,7,"goodscents,leffingwell"
O=C1NS(=O)(=O)c2ccccc21,O=C1NS(=O)(=O)c2ccccc21,odorless,1,"goodscents,leffingwell"
C=CCc1ccc2c(c1)OCO2,C=CCc1ccc2c(c1)OCO2,anise;aromatic;floral;spicy;sweet;warm;woody,7,"aromadb,flavornet,goodscents,leffingwell"
CCCCCCCCCCCCCCCCCC(=O)O,CCCCCCCCCCCCCCCCCC(=O)O,bland;fatty;odorless,3,"aromadb,goodscents,leffingwell"
Cn1cnc2c1c(=O)[nH]c(=O)n2C,Cn1cnc2c1c(=O)[nH]c(=O)n2C,odorless,1,leffingwell
CC(=O)OCC(COC(C)=O)OC(C)=O,CC(=O)OCC(COC(C)=O)OC(C)=O,acidic;clean;creamy;ethereal;fruity;tropical,6,"goodscents,leffingwell"
NCCc1ccc(O)cc1,NCCc1ccc(O)cc1,cheesy;cooked;fishy;meaty;phenolic;ripe,6,"goodscents,leffingwell"
C=CCCCCCCCCC(=O)O,C=CCCCCCCCCC(=O)O,fatty;oily;sweet;waxy;woody,5,"goodscents,leffingwell"
O=C(O)[C@@H]1C[C@@H](O)CN1,O=C(O)C1CC(O)CN1,odorless,1,leffingwell
NC(=O)CC[C@H](N)C(=O)O,NC(=O)CCC(N)C(=O)O,cocoa;milky;odorless;oily,4,"goodscents,leffingwell"
C=CCN=C=S,C=CCN=C=S,garlic;pungent;sulfur,3,"aromadb,flavornet,goodscents,leffingwell"
O=C(CO)[C@@H](O)[C@H](O)[C@H](O)CO,O=C(CO)C(O)C(O)C(O)CO,odorless;sweet,2,"goodscents,leffingwell"
OC[C@H]1O[C@@](CO)(O[C@H]2O[C@H](CO)[C@@H](O)[C@H](O)[C@H]2O)[C@@H](O)[C@@H]1O,OCC1OC(OC2(CO)OC(CO)C(O)C2O)C(O)C(O)C1O,sweet,1,leffingwell
CCCC(=O)OCC(COC(=O)CCC)OC(=O)CCC,CCCC(=O)OCC(COC(=O)CCC)OC(=O)CCC,acidic;buttery;cheesy;creamy;fatty;fruity;sweet;waxy,8,"goodscents,leffingwell"
OCCc1ccccc1,OCCc1ccccc1,bready;floral;fresh;honey;rose;spicy;sweet,7,"aromadb,flavornet,goodscents,leffingwell"
CCCCCC=O,CCCCCC=O,aldehydic;clean;fatty;fresh;fruity;grass;grassy;green;leafy;vegetable;woody,11,"aromadb,flavornet,goodscents,leffingwell"
O=C(O)CC(S)C(=O)O,O=C(O)CC(S)C(=O)O,sulfur,1,leffingwell
CCCCCO,CCCCCO,alcoholic;balsamic;bready;fermented;oily;pungent;solvent;sweet;winey,9,"flavornet,goodscents,leffingwell"
CC[C@H](C)[C@H](N)C(=O)O,CCC(C)C(N)C(=O)O,odorless,1,"goodscents,leffingwell"
CN,CN,cheesy;fishy;ripe,3,leffingwell
CCN,CCN,cheesy;fishy;ripe,3,"aromadb,goodscents,leffingwell"
CCS,CCS,coffee;fruity;garlic;meaty;onion;sulfur;tropical;vegetable,8,"goodscents,leffingwell"
CC(C)N,CC(C)N,cheesy;fishy,2,"goodscents,leffingwell"
CC(C)S,CC(C)S,brothy;chicken;garlic;meaty;onion;pungent;ripe;sulfur,8,"goodscents,leffingwell"
CC(C)(C)O,CC(C)(C)O,camphor;ethereal;fermented;musty,4,"goodscents,leffingwell"
CC(C)(C)S,CC(C)(C)S,meaty;roasted;sulfur;tropical,4,"goodscents,leffingwell"
CCC(C)(C)O,CCC(C)(C)O,alcoholic;camphoreous;ethereal;fermented;pungent;solvent,6,"goodscents,leffingwell"
CC(C)(C)C(=O)O,CC(C)(C)C(=O)O,cheesy;pungent;sour,3,leffingwell
CC(C)(O)C(C)(C)O,CC(C)(O)C(C)(C)O,bread;bready;earthy;ethereal;herbal;minty;warm;woody,8,"goodscents,leffingwell"
CC(=O)OC1CC2CCC1(C)C2(C)C,CC(=O)OC1CC2CCC1(C)C2(C)C,balsamic;camphor;camphoreous;cedar;earthy;fresh;fruity;herbal;pine;spicy;sweet;woody,12,"aromadb,goodscents,leffingwell"
CC(=O)OC1(C)CCC23CC1C(C)(C)[C@@H]2CC[C@H]3C,CC(=O)OC1(C)CCC23CC1C(C)(C)C2CCC3C,cedar;dry;earthy;leathery;powdery;woody,6,"goodscents,leffingwell"
CCC(C)(O)CC,CCC(C)(O)CC,camphoreous;earthy;fermented;fruity;green;leafy,6,"goodscents,leffingwell"
COC(C)(C)OC,COC(C)(C)OC,ethereal;fresh;solvent,3,leffingwell
CCOC(=O)C1OC1(C)c1ccccc1,CCOC(=O)C1OC1(C)c1ccccc1,fatty;floral;fruity;honey;strawberry;sweet,6,"goodscents,leffingwell"
CCCCOC(=O)CC(CC(=O)OCCCC)(OC(C)=O)C(=O)OCCCC,CCCCOC(=O)CC(CC(=O)OCCCC)(OC(C)=O)C(=O)OCCCC,fruity;herbaceous;herbal;sweet;winey,5,"aromadb,goodscents,leffingwell"
CCOC(=O)CC(O)(CC(=O)OCC)C(=O)OCC,CCOC(=O)CC(O)(CC(=O)OCC)C(=O)OCC,fruity;odorless;plum;sweet;winey,5,"goodscents,leffingwell"
CCCCOC(=O)CC(O)(CC(=O)OCCCC)C(=O)OCCCC,CCCCOC(=O)CC(O)(CC(=O)OCCCC)C(=O)OCCCC,herbal;odorless;plastic,3,"goodscents,leffingwell"
O=C(O)CCS,O=C(O)CCS,meaty;roasted;sulfur,3,leffingwell
C=CC(C)(CCC=C(C)C)OC(=O)C(C)C,C=CC(C)(CCC=C(C)C)OC(=O)C(C)C,bergamot;berry;citrus;floral;fruity;juicy;lavender;rose;sweet;woody,10,"goodscents,leffingwell"
CC1=CC(=O)CC(C)(C)C1,CC1=CC(=O)CC(C)(C)C1,camphoreous;cooling;fruity;green;honey;leathery;minty;musty;sweet;tobacco;woody,11,"goodscents,leffingwell"
CCC(C)(O)CCCC(C)C,CCC(C)(O)CCCC(C)C,citrus;floral;fresh;lily;sweet,5,"goodscents,leffingwell"
C=CC(C)(O)CCC=C(C)C,C=CC(C)(O)CCC=C(C)C,citrus;floral;fresh;green;lavender;rose;sweet;woody,8,"aromadb,flavornet,goodscents,leffingwell"
C=CC(=C)C,C=CC(=C)C,gasoline,1,leffingwell
CC(C)CN,CC(C)CN,cheesy;fishy;malty;ripe,4,"goodscents,leffingwell"
CC(C)CO,CC(C)CO,bitter;ethereal;fermented;solvent;sweet;winey,6,"flavornet,goodscents,leffingwell"
CC(C)C=O,CC(C)C=O,aldehydic;banana;cheesy;chocolate;floral;fresh;fruity;green;pungent,9,"flavornet,goodscents,leffingwell"
CCC(C)O,CCC(C)O,alcoholic;apricot;fermented;fruity;oily;solvent;sweet;winey,8,"flavornet,goodscents,leffingwell"
CCC(C)=O,CCC(C)=O,camphoreous;ethereal;fruity;ketonic;solvent;sweet,6,"aromadb,flavornet,goodscents,leffingwell"
C=CC(C)=O,C=CC(C)=O,ethereal;gasoline;pungent;sweet,4,"goodscents,leffingwell"
COC(C)=O,COC(C)=O,citrus;cognac;estery;ethereal;fruity;rummy;solvent;sweet;winey,9,"aromadb,goodscents,leffingwell"
CC(C)C(=O)O,CC(C)C(=O)O,acidic;buttery;cheesy;fruity;milky;sour,6,"aromadb,flavornet,goodscents,leffingwell"
C=C1C2CCC(C2)C1(C)C,C=C1C2CCC(C2)C1(C)C,camphor;camphoreous;citrus;cooling;fresh;green;herbal;minty;oily;pine;spicy;sweet;terpenic;woody,14,"aromadb,flavornet,goodscents,leffingwell"
CC(=O)OC(C)(C)C1CCC(C)CC1,CC(=O)OC(C)(C)C1CCC(C)CC1,citrus;fresh;fruity;herbal;pine;soap;woody,7,"flavornet,goodscents,leffingwell"
CC1(O)CCC(C(C)(C)O)CC1,CC1(O)CCC(C(C)(C)O)CC1,balsamic;camphoreous;pine,3,leffingwell
CC1=CCC2CC1C2(C)C,CC1=CCC2CC1C2(C)C,aromatic;camphoreous;cooling;earthy;fresh;herbal;minty;pine;sweet;terpenic;warm;woody,12,"aromadb,flavornet,goodscents,leffingwell"
C=C(C)C(=O)OC,C=C(C)C(=O)OC,apple;aromatic;fruity;grape,4,"goodscents,leffingwell"
Cc1c[nH]c2ccccc12,Cc1c[nH]c2ccccc12,animal;floral;fruity,3,"flavornet,goodscents,leffingwell"
COc1c(C(C)(C)C)cc([N+](=O)[O-])c(C)c1[N+](=O)[O-],COc1c(C(C)(C)C)cc([N+](=O)[O-])c(C)c1[N+](=O)[O-],floral;musk;musty;sweet,4,"goodscents,leffingwell"
CNc1ccccc1C(=O)OC,CNc1ccccc1C(=O)OC,floral;fruity;musty;orange;phenolic;powdery;sweet,7,"aromadb,goodscents,leffingwell"
CC(C)COC(=O)c1ccccc1O,CC(C)COC(=O)c1ccccc1O,floral;herbal;sweet,3,"goodscents,leffingwell"
CC(C)CCOC(=O)c1ccccc1O,CC(C)CCOC(=O)c1ccccc1O,balsamic;floral;green;herbal;metallic;sweet;woody,7,"goodscents,leffingwell"
CCOC(=O)c1ccccc1N,CCOC(=O)c1ccccc1N,floral;fruity;grape;green;orangeflower;sweet,6,"goodscents,leffingwell"
O=C1OCc2ccccc21,O=C1OCc2ccccc21,almond;coconut;coumarinic;hay;lactonic;phenolic;powdery;sweet,8,"goodscents,leffingwell"
CCC(CC)C(=O)O,CCC(CC)C(=O)O,acidic;berry;dry;earthy;fruity;milky;nutty;tropical,8,"goodscents,leffingwell"
O=C(O)c1ccco1,O=C(O)c1ccco1,odorless,1,"goodscents,leffingwell"
Cc1ccc(C(C)(C)C)c(O)c1,Cc1ccc(C(C)(C)C)c(O)c1,animal;burnt;dry;leathery;smoky;woody,6,"goodscents,leffingwell"
CC(C)c1ccccc1O,CC(C)c1ccccc1O,burnt;medicinal;phenolic;smoky;solvent;spicy;woody,7,"goodscents,leffingwell"
CC(C)=C1CCC(C)C2=C(C1)C(C)CC2,CC(C)=C1CCC(C)C2=C(C1)C(C)CC2,balsamic;dry;powdery;spicy;sweet;woody,6,"aromadb,flavornet,goodscents,leffingwell"
CC1CCC(C(C)C)C(OC(=O)c2ccccc2O)C1,CC1CCC(C(C)C)C(OC(=O)c2ccccc2O)C1,odorless,1,"goodscents,leffingwell"
CC(=O)c1ccc(C)cc1C,CC(=O)c1ccc(C)cc1C,coumarinic;floral;hay;minty;sweet;woody,6,"aromadb,goodscents,leffingwell"
CC1=CC(=O)C(C(C)C)CC1,CC1=CC(=O)C(C(C)C)CC1,camphoreous;fresh;fruity;herbal;medicinal;minty;pungent;sweet,8,"aromadb,flavornet,goodscents,leffingwell"
Cc1ccc(C(C)C)c(O)c1,Cc1ccc(C(C)C)c(O)c1,camphoreous;chemical;herbal;medicinal;phenolic;spicy;sweet,7,"aromadb,goodscents,leffingwell"
CCc1ccccc1O,CCc1ccccc1O,phenolic;sweet,2,leffingwell
O=Cc1ccccc1O,O=Cc1ccccc1O,almond;cinnamon;cooling;medicinal;phenolic;pungent;spicy,7,"goodscents,leffingwell"
Cc1cccc2ccccc12,Cc1cccc2ccccc12,camphoreous;chemical;earthy;green;medicinal;musty,6,"goodscents,leffingwell"
Oc1ccccc1-c1ccccc1,Oc1ccccc1-c1ccccc1,bitter;medicinal;phenolic;spicy,4,"aromadb,leffingwell"
COc1cccc(OC)c1O,COc1cccc(OC)c1O,balsamic;medicinal;phenolic;powdery;smoky;sweet;woody,7,"aromadb,flavornet,goodscents,leffingwell"
COc1ccccc1OC,COc1ccccc1OC,creamy;earthy;musty;nutty;phenolic;sweet;vanilla,7,"goodscents,leffingwell"
c1ccc2nccnc2c1,c1ccc2nccnc2c1,burnt,1,leffingwell
c1ccc2ncccc2c1,c1ccc2ncccc2c1,animal;balsamic;earthy;leathery;medicinal;musty;sweet;tobacco,8,"aromadb,goodscents,leffingwell"
Cc1ccc2ccccc2c1,Cc1ccc2ccccc2c1,aromatic;floral;oily;sweet;woody,5,"goodscents,leffingwell"
Sc1ccc2ccccc2c1,Sc1ccc2ccccc2c1,brothy;brown;creamy;meaty;mushroom;oily;roasted;sulfur;woody,9,"goodscents,leffingwell"
Cc1ccc2ncccc2c1,Cc1ccc2ncccc2c1,animal;floral;leathery;sweet;tobacco;woody,6,"goodscents,leffingwell"
Cc1ccc2ccccc2n1,Cc1ccc2ccccc2n1,fishy;herbal;oily;tobacco,4,leffingwell
Cc1ccc2oc(=O)ccc2c1,Cc1ccc2oc(=O)ccc2c1,coconut;coumarinic;creamy;earthy;floral;powdery;sweet;vanilla,8,"goodscents,leffingwell"
c1ccc(-c2ccccc2)cc1,c1ccc(-c2ccccc2)cc1,geranium;green;metallic;pungent;rose,5,"aromadb,goodscents,leffingwell"
COc1ccc(CO)cc1OC,COc1ccc(CO)cc1OC,aromatic;vanilla,2,leffingwell
COc1ccc2ccccc2c1,COc1ccc2ccccc2c1,floral;orange;sweet,3,"goodscents,leffingwell"
CC(=O)c1ccc2ccccc2c1,CC(=O)c1ccc2ccccc2c1,floral;honey;orange;orangeflower;powdery;sweet,6,"aromadb,goodscents,leffingwell"
C=CCc1ccc(OC)c(OC)c1,C=CCc1ccc(OC)c(OC)c1,cinnamon;floral;fresh;herbal;musty;peppery;phenolic;rose;spicy;sweet;tea;vegetable;warm;waxy,14,"aromadb,flavornet,goodscents,leffingwell"
CCOc1ccc2ccccc2c1,CCOc1ccc2ccccc2c1,floral;grape;orange;powdery,4,"goodscents,leffingwell"
CC(C)Cc1ccc2ccccc2n1,CC(C)Cc1ccc2ccccc2n1,animal;earthy;leathery;tobacco;woody,5,"goodscents,leffingwell"
C=CCc1ccc(OC(C)=O)c(OC)c1,C=CCc1ccc(OC(C)=O)c(OC)c1,balsamic;floral;fresh;fruity;malty;spicy;sweet;woody,8,"aromadb,goodscents,leffingwell"
COc1cc(C)ccc1O,COc1cc(C)ccc1O,burnt;leathery;medicinal;phenolic;smoky;spicy;sweet;vanilla;woody,9,"aromadb,goodscents,leffingwell"
CC(C=O)c1ccccc1,CC(C=O)c1ccccc1,floral;fresh;green;honey;hyacinth;leafy;vegetable,7,"aromadb,goodscents,leffingwell"
CCC(O)c1ccccc1,CCC(O)c1ccccc1,balsamic;floral;rose;sweet,4,"goodscents,leffingwell"
CCC(=O)c1ccccc1,CCC(=O)c1ccccc1,aromatic;cherry;floral;fruity;hawthorn;hay;herbal,7,"goodscents,leffingwell"
COC(=O)c1ccccc1,COC(=O)c1ccccc1,almond;floral;fruity;herbal;phenolic;sweet,6,"flavornet,goodscents,leffingwell"
COC(=O)c1cccnc1,COC(=O)c1cccnc1,herbal;sweet;tobacco;warm,4,"aromadb,goodscents,leffingwell"
CCOC(=O)c1ccccc1,CCOC(=O)c1ccccc1,celery;cherry;dry;floral;fruity;grape;medicinal;minty;musty;sweet,10,"flavornet,goodscents,leffingwell"
CC(=O)CC(=O)c1ccccc1,CC(=O)CC(=O)c1ccccc1,balsamic;dry;hawthorn;sweet;vanilla;woody,6,"goodscents,leffingwell"
O=C(Oc1ccccc1)c1ccccc1,O=C(Oc1ccccc1)c1ccccc1,balsamic;floral;fruity;green;metallic;phenolic,6,"goodscents,leffingwell"
CCOC(=O)CC(=O)c1ccccc1,CCOC(=O)CC(=O)c1ccccc1,almond;brandy;cherry;fruity;hawthorn;phenolic;spicy;sweet;woody,9,"goodscents,leffingwell"
CCCOC(=O)c1ccc(O)cc1,CCCOC(=O)c1ccc(O)cc1,burnt;hawthorn;odorless;smoky;sweet;woody,6,"goodscents,leffingwell"
CCCCOC(=O)c1ccc(O)cc1,CCCCOC(=O)c1ccc(O)cc1,fermented;fruity;odorless;phenolic,4,"aromadb,goodscents,leffingwell"
CC(C)CCOC(=O)c1ccccc1,CC(C)CCOC(=O)c1ccccc1,balsamic;fruity;green;sweet;waxy,5,"goodscents,leffingwell"
O=C(OCCc1ccccc1)c1ccccc1,O=C(OCCc1ccccc1)c1ccccc1,balsamic;floral;honey;rose,4,"aromadb,flavornet,goodscents,leffingwell"
c1ccc2sccc2c1,c1ccc2sccc2c1,burnt;earthy;gasoline;sulfur,4,leffingwell
c1ccc2scnc2c1,c1ccc2scnc2c1,beefy;brown;burnt;coffee;cooked;gasoline;meaty;nutty;sulfur;vegetable,10,"aromadb,flavornet,goodscents,leffingwell"
Cc1cc2ccccc2[nH]1,Cc1cc2ccccc2[nH]1,animal,1,"goodscents,leffingwell"
Cc1nc2ccccc2o1,Cc1nc2ccccc2o1,burnt;floral;meaty;phenolic;powdery;pungent;sweet;tobacco;vanilla,9,"goodscents,leffingwell"
Cc1ccc(O)cc1C,Cc1ccc(O)cc1C,dry,1,"goodscents,leffingwell"
Cc1ccc(C)c(O)c1,Cc1ccc(C)c(O)c1,phenolic;smoky;sweet,3,"goodscents,leffingwell"
CCOC(=O)C(=O)OCC,CCOC(=O)C(=O)OCC,fermented;fruity;herbal;musk;winey,5,leffingwell
CCC(C)C=O,CCC(C)C=O,alcoholic;almond;burnt;chocolate;cocoa;coffee;fatty;fermented;fresh;fruity;green;malty;musty;nutty;phenolic,15,"aromadb,flavornet,goodscents,leffingwell"
CCC(=O)CC,CCC(=O)CC,caramel;cheesy;ethereal;fruity,4,"flavornet,goodscents,leffingwell"
C=CC(=O)OC,C=CC(=O)OC,chamomile;pungent,2,leffingwell
OC1CCCC1,OC1CCCC1,alcoholic;ethereal;fermented;solvent,4,leffingwell
CC1CCCO1,CC1CCCO1,minty;solvent;sweet,3,leffingwell
O=C1CCCO1,O=C1CCCO1,buttery;caramel;creamy;fatty;nutty;oily;sweet,7,"aromadb,flavornet,goodscents,leffingwell"
Cn1cccc1,Cn1cccc1,animal;herbal;smoky;sweet;woody,5,"goodscents,leffingwell"
C=C(C)C1CC=C(C)C(OC(C)=O)C1,C=C(C)C1CC=C(C)C(OC(C)=O)C1,fruity;grape;green;herbal;minty;pear;rummy;sour;spicy;sweet,10,"aromadb,flavornet,goodscents,leffingwell"
C=C(C)C1CC=C(C)C(OC(=O)CC)C1,C=C(C)C1CC=C(C)C(OC(=O)CC)C1,creamy;fruity;metallic;minty;spicy;sweet;warm,7,"aromadb,goodscents,leffingwell"
CCCC(C)C(=O)O,CCCC(C)C(=O)O,cheesy;creamy;milky;pungent;sour,5,"goodscents,leffingwell"
CCOC(=O)C(C)C,CCOC(=O)C(C)C,alcoholic;apple;ethereal;fruity;pungent;rum;rummy;sweet,8,"flavornet,goodscents,leffingwell"
C=C(C)C(=O)OCC,C=C(C)C(=O)OCC,apple;chamomile;pungent,3,"goodscents,leffingwell"
CCOC(=O)C(C)O,CCOC(=O)C(C)O,acidic;brown;buttery;ethereal;fruity;rum;sweet,7,"flavornet,goodscents,leffingwell"
CC(C)COC(=O)C(C)C,CC(C)COC(=O)C(C)C,banana;ethereal;fruity;grape;pineapple;skin;sweet;tropical;winey,9,"goodscents,leffingwell"
C=C(C)C(=O)OCC(C)C,C=C(C)C(=O)OCC(C)C,chamomile;pungent,2,leffingwell
CCCCOC(=O)C(C)C,CCCCOC(=O)C(C)C,apple;banana;cheesy;citrus;fruity;green;melon;sweet;tropical,9,"aromadb,goodscents,leffingwell"
C=C(C)C(=O)OCCCC,C=C(C)C(=O)OCCCC,ethereal;fruity;herbal;sweet,4,leffingwell
CCC(CC)CO,CCC(CC)CO,alcoholic;fermented;musty;solvent;sweet,5,"goodscents,leffingwell"
CCC(C=O)CC,CCC(C=O)CC,caramel;cocoa;ethereal;fresh;fruity;green;pungent;sweet,8,"goodscents,leffingwell"
OCC1CCCO1,OCC1CCCO1,caramel;fruity;oily;solvent;vegetable;warm,6,"goodscents,leffingwell"
O=Cc1ccco1,O=Cc1ccco1,almond;bread;bready;brown;caramel;phenolic;spicy;sweet;woody,9,"aromadb,flavornet,goodscents,leffingwell"
SCc1ccco1,SCc1ccco1,burnt;caramel;chicken;coffee;cooked;fatty;garlic;meaty;oily;onion;roasted;savory;smoky;sulfur,14,"flavornet,goodscents,leffingwell"
O=Cc1cccs1,O=Cc1cccs1,coconut;nutty;sulfur,3,"flavornet,goodscents,leffingwell"
CC(C)(C)C1CCC(O)CC1,CC(C)(C)C1CCC(O)CC1,camphoreous;dry;leathery;minty;musty;woody,6,"goodscents,leffingwell"
CC(C)(C)C1CCC(=O)CC1,CC(C)(C)C1CCC(=O)CC1,camphoreous;dry;leathery;minty;musk;woody,6,"goodscents,leffingwell"
CC(C)(C)c1ccc(O)cc1,CC(C)(C)c1ccc(O)cc1,leathery;phenolic,2,"goodscents,leffingwell"
C=C(C)c1ccccc1,C=C(C)c1ccccc1,herbal,1,leffingwell
CC(O)c1ccccc1,CC(O)c1ccccc1,almond;camphoreous;chemical;earthy;floral;fresh;green;hyacinth;medicinal;rose;strawberry;sweet,12,"goodscents,leffingwell"
CC(=O)c1ccccc1,CC(=O)c1ccccc1,almond;chemical;cherry;coumarinic;floral;hawthorn;nutty;pungent;sweet;vanilla,10,"flavornet,goodscents,leffingwell"
O=C(O)C1CCCCC1,O=C(O)C1CCCCC1,acidic;cheesy;fruity;metallic;tropical,5,"aromadb,goodscents,leffingwell"
C=C(C)C1CC=C(C)C(O)C1,C=C(C)C1CC=C(C)C(O)C1,cooling;fresh;green;herbal;minty;solvent;spicy;sweet,8,"aromadb,flavornet,goodscents,leffingwell"
COC(=O)c1ccc(C)cc1,COC(=O)c1ccc(C)cc1,anise;floral;fruity;sweet,4,"goodscents,leffingwell"
CC1=CCC(C(C)C)C=C1,CC1=CCC(C(C)C)C=C1,black;citrus;fresh;green;herbaceous;herbal;medicinal;minty;spicy;terpenic;woody,11,"aromadb,flavornet,goodscents,leffingwell"
CC1=CCC(C(C)C)=CC1,CC1=CCC(C(C)C)=CC1,citrus;fresh;gasoline;herbal;lemon;oily;pine;sweet;terpenic;tropical;woody,11,"aromadb,flavornet,goodscents,leffingwell"
CC1=CC=C(C(C)C)CC1,CC1=CC=C(C(C)C)CC1,camphoreous;citrus;fresh;herbal;juicy;lemon;medicinal;pine;spicy;terpenic;woody,11,"aromadb,flavornet,goodscents,leffingwell"
Cc1ccc(C(C)C)cc1,Cc1ccc(C(C)C)cc1,citrus;fresh;gasoline;solvent;spicy;woody,6,"aromadb,flavornet,goodscents,leffingwell"
CC(C)c1ccc(O)cc1,CC(C)c1ccc(O)cc1,medicinal;phenolic;spicy;warm;woody,5,"goodscents,leffingwell"
CC(=O)c1ccc(O)cc1,CC(=O)c1ccc(O)cc1,balsamic;floral;fruity;hawthorn;hay;herbal;sweet;woody,8,"goodscents,leffingwell"
COc1ccc(C(C)=O)cc1,COc1ccc(C(C)=O)cc1,anise;balsamic;cherry;floral;hawthorn;hay;powdery;sweet;vanilla,9,"aromadb,goodscents,leffingwell"
COc1ccc(C(=O)O)cc1,COc1ccc(C(=O)O)cc1,animal;cherry;medicinal;phenolic;spicy;sweet,6,"goodscents,leffingwell"
C=Cc1ccccc1,C=Cc1ccccc1,balsamic;floral;gasoline;plastic;pungent;sweet,6,"flavornet,goodscents,leffingwell"
N#Cc1ccccc1,N#Cc1ccccc1,almond;cherry,2,"flavornet,leffingwell"
SCc1ccccc1,SCc1ccccc1,coffee;fruity;garlic;horseradish;minty;onion;sulfur,7,"aromadb,goodscents,leffingwell"
COc1ccccc1,COc1ccccc1,anise;ethereal;gasoline;phenolic;sweet,5,"goodscents,leffingwell"
CSc1ccccc1,CSc1ccccc1,coffee;meaty;pungent;roasted;solvent;spicy;sulfur;woody,8,"goodscents,leffingwell"
CCc1ccccn1,CCc1ccccn1,fishy;grass;grassy;green;smoky,5,"flavornet,goodscents,leffingwell"
CC1(C)OCC(CO)O1,CC1(C)OCC(CO)O1,fruity;solvent,2,leffingwell
COc1cccc(C)c1,COc1cccc(C)c1,dry;floral;nutty;pungent,4,"goodscents,leffingwell"
CC(C)(O)Cc1ccccc1,CC(C)(O)Cc1ccccc1,bark;clean;floral;fresh;green;herbaceous;herbal;oily;rose,9,"aromadb,goodscents,leffingwell"
COC(=O)Cc1ccccc1,COC(=O)Cc1ccccc1,almond;floral;fruity;honey;spicy;sweet;waxy,7,"goodscents,leffingwell"
c1ccc(CC2OCCO2)cc1,c1ccc(CC2OCCO2)cc1,green;honey;hyacinth;sweet;waxy,5,"goodscents,leffingwell"
c1ccc(Cc2ccccc2)cc1,c1ccc(Cc2ccccc2)cc1,geranium;green;leafy;metallic;plastic;rose;sweet,7,"goodscents,leffingwell"
c1ccc(Oc2ccccc2)cc1,c1ccc(Oc2ccccc2)cc1,floral;geranium;green;leaf;metallic;phenolic,6,"goodscents,leffingwell"
CCOC(=O)Cc1ccccc1,CCOC(=O)Cc1ccccc1,anise;balsamic;black;chocolate;cocoa;floral;fruity;honey;licorice;rose;sweet,11,"flavornet,goodscents,leffingwell"
O=C(Cc1ccccc1)Cc1ccccc1,O=C(Cc1ccccc1)Cc1ccccc1,almond;bitter;cherry;floral;fruity;honey;plastic;powdery;rose;sweet,10,"aromadb,goodscents,leffingwell"
COc1ccc(COC(=O)Cc2ccccc2)cc1,COc1ccc(COC(=O)Cc2ccccc2)cc1,anise;balsamic;honey;rose;woody,5,"aromadb,goodscents,leffingwell"
CC(C)CCOC(=O)Cc1ccccc1,CC(C)CCOC(=O)Cc1ccccc1,animal;balsamic;chocolate;cocoa;floral;fruity;honey;rose;sweet,9,"goodscents,leffingwell"
O=C(Cc1ccccc1)OCCc1ccccc1,O=C(Cc1ccccc1)OCCc1ccccc1,balsamic;fatty;floral;green;honey;powdery;rose;sweet,8,"aromadb,goodscents,leffingwell"
CCCN(CCC)CCC,CCCN(CCC)CCC,cheesy;fishy;ripe,3,"goodscents,leffingwell"
CCCCN(CCCC)CCCC,CCCCN(CCCC)CCCC,animal;cheesy;fishy;ripe,4,leffingwell
CC(C)(O)CCc1ccccc1,CC(C)(O)CCc1ccccc1,clean;floral;fresh;green;herbal;lily;rose;sweet;violet,9,"aromadb,goodscents,leffingwell"
CC(=O)OC(C)(C)CCc1ccccc1,CC(=O)OC(C)(C)CCc1ccccc1,balsamic;floral;fresh;fruity;green;leafy;rose;sweet,8,"goodscents,leffingwell"
CCCCC(CC)COC(C)=O,CCCCC(CC)COC(C)=O,earthy;fruity;herbal;sweet,4,"goodscents,leffingwell"
COC(=O)CCc1ccccc1,COC(=O)CCc1ccccc1,balsamic;cinnamon;floral;fruity;honey;rose;spicy;sweet;winey,9,"aromadb,goodscents,leffingwell"
CC(C)C(=O)OCc1ccccc1,CC(C)C(=O)OCc1ccccc1,floral;fruity;jasmin;juicy;oily;powdery;rose;sweet;tropical;woody,10,"aromadb,goodscents,leffingwell"
CCCC(=O)OCc1ccccc1,CCCC(=O)OCc1ccccc1,apple;apricot;floral;fresh;fruity;jasmin;pineapple;plum;sweet;tropical;waxy,11,"aromadb,flavornet,goodscents,leffingwell"
CC(C)CC(=O)OCc1ccccc1,CC(C)CC(=O)OCc1ccccc1,apple;cheesy;fruity;herbal;musty;pineapple;powdery;sweet;tobacco,9,"aromadb,goodscents,leffingwell"
CC(=O)OCCc1ccccc1,CC(=O)OCCc1ccccc1,balsamic;cocoa;floral;fruity;honey;rose;sweet;tobacco;tropical,9,"flavornet,goodscents,leffingwell"
CC(C)C(=O)OCCc1ccccc1,CC(C)C(=O)OCCc1ccccc1,floral;fruity;honey;peach;rose;tea,6,"aromadb,goodscents,leffingwell"
c1ccc(COCc2ccccc2)cc1,c1ccc(COCc2ccccc2)cc1,almond;cherry;earthy;fruity;mushroom;plastic;rose;sweet,8,"goodscents,leffingwell"
CCCC(=O)OCCc1ccccc1,CCCC(=O)OCCc1ccccc1,floral;fruity;green;musty;rose;strawberry;sweet,7,"aromadb,goodscents,leffingwell"
CC(C)C(=O)OCCCc1ccccc1,CC(C)C(=O)OCCCc1ccccc1,apricot;balsamic;bready;fermented;fruity;honey;jammy;juicy;plum;spicy;sweet;tropical,12,"goodscents,leffingwell"
CCOc1ccccc1,CCOc1ccccc1,anise;sweet,2,leffingwell
CC(=O)Cc1ccccc1,CC(=O)Cc1ccccc1,fruity;green,2,leffingwell
Cc1ccc(OC(=O)C(C)C)cc1,Cc1ccc(OC(=O)C(C)C)cc1,animal;floral;fruity;green;lily;warm,6,"aromadb,goodscents,leffingwell"
CC(C)c1ccc(C(C)CC=O)cc1,CC(C)c1ccc(C(C)CC=O)cc1,floral;green;vegetable,3,leffingwell
COc1ccc(COC(C)=O)cc1,COc1ccc(COC(C)=O)cc1,balsamic;cherry;coumarinic;floral;fruity;plum;powdery;sweet;vanilla,9,"aromadb,goodscents,leffingwell"
CCCc1ccc(OC)cc1,CCCc1ccc(OC)cc1,anise;black;herbaceous;herbal;licorice;sweet,6,"aromadb,goodscents,leffingwell"
CCCCC1CCC(=O)O1,CCCCC1CCC(=O)O1,almond;coconut;coumarinic;creamy;fatty;green;milky;spicy;sweet;waxy,10,"flavornet,goodscents,leffingwell"
O=CCCc1ccccc1,O=CCCc1ccccc1,aldehydic;balsamic;bark;floral;fresh;green;leafy;melon,8,"aromadb,goodscents,leffingwell"
O=COCc1ccccc1,O=COCc1ccccc1,almond;black;chemical;cherry;floral;fresh;fruity;spicy;tea,9,"aromadb,goodscents,leffingwell"
O=COCCc1ccccc1,O=COCCc1ccccc1,floral;green;herbaceous;herbal;hyacinth;rose,6,"aromadb,goodscents,leffingwell"
CCCCC(CC)CO,CCCCC(CC)CO,citrus;fermented;floral;fresh;green;oily;rose;sweet,8,"flavornet,goodscents,leffingwell"
Cc1ccc(C=O)cc1,Cc1ccc(C=O)cc1,almond;cherry;fruity;phenolic;sweet,5,"goodscents,leffingwell"
CCc1ccc(C)nc1,CCc1ccc(C)nc1,earthy;fatty;green;nutty;potato;roasted,6,"goodscents,leffingwell"
COc1ccc(C)cc1,COc1ccc(C)cc1,floral;green;leathery;nutty;phenolic;powdery;sweet,7,"aromadb,goodscents,leffingwell"
CC(C)COC(=O)CCc1ccco1,CC(C)COC(=O)CCc1ccco1,brandy;floral;fruity;pineapple;rum;winey;woody,7,"goodscents,leffingwell"
COc1ccc(CO)cc1,COc1ccc(CO)cc1,anise;balsamic;cherry;coumarinic;creamy;floral;fruity;hawthorn;hyacinth;lactonic;licorice;powdery;rose;sweet;vanilla,15,"aromadb,flavornet,goodscents,leffingwell"
CCCC1CCC(=O)O1,CCCC1CCC(=O)O1,caramel;coconut;coumarinic;creamy;fatty;fruity;hay;herbal;lactonic;nut;nutty;powdery;spicy;sweet,14,"flavornet,goodscents,leffingwell"
CCCC(C)CO,CCCC(C)CO,alcoholic;ethereal;fermented;solvent;sweet,5,leffingwell
CCOC(=O)CC,CCOC(=O)CC,ethereal;fermented;fruity;grape;juicy;pineapple;rum;rummy;sweet;winey,10,"flavornet,goodscents,leffingwell"
CCC(C)CC(=O)O,CCC(C)CC(=O)O,acidic;animal;cheesy;fruity;green,5,"goodscents,leffingwell"
COC(=O)CC(C)=O,COC(=O)CC(C)=O,apple;brandy;citrus;fresh;fruity;green;winey,7,"goodscents,leffingwell"
CCC(C)OC(C)=O,CCC(C)OC(C)=O,banana;ethereal;fruity;pear;solvent;sweet,6,"goodscents,leffingwell"
CCOC(=O)CC(=O)OCC,CCOC(=O)CC(=O)OCC,apple;fruity;green;sweet,4,"aromadb,flavornet,goodscents,leffingwell"
CCCC(=O)OCC,CCCC(=O)OCC,apple;banana;buttery;cognac;ethereal;fruity;juicy;pineapple;ripe,9,"flavornet,goodscents,leffingwell"
CCOC(C)OCC,CCOC(C)OCC,alcoholic;earthy;ethereal;fruity;green;nutty;sweet;vegetable,8,"aromadb,flavornet,goodscents,leffingwell"
CCOC(=O)OCC,CCOC(=O)OCC,ethereal;fresh,2,leffingwell
O=C1CCCCCN1,O=C1CCCCCN1,animal;fishy;spicy,3,"aromadb,goodscents,leffingwell"
CCCOC(=O)CCC,CCCOC(=O)CCC,apricot;ethereal;fruity;pineapple;solvent;sweet,6,"flavornet,goodscents,leffingwell"
Cc1ccc(O)c(C)c1,Cc1ccc(O)c(C)c1,burnt;phenolic;roasted;smoky,4,"goodscents,leffingwell"
CCC(=O)OCCC(C)C,CCC(=O)OCCC(C)C,apple;apricot;banana;estery;fresh;fruity;green;pineapple;plum;ripe;sweet;tropical,12,"goodscents,leffingwell"
CCCCCC(=O)OCC(C)C,CCCCCC(=O)OCC(C)C,apple;earthy;estery;fruity;green;peach;pineapple;skin;sour;sweet;tropical;winey,12,"goodscents,leffingwell"
CC(C)=CCCC(C)CCOC=O,CC(C)=CCCC(C)CCOC=O,apricot;bergamot;citrus;cucumber;floral;fruity;green;leafy;peach;plum;rose;sweet;waxy,13,"aromadb,goodscents,leffingwell"
C=C(C)CCCC(C)CCOC(=O)CC,C=C(C)CCCC(C)CCOC(=O)CC,floral;geranium;rose;sweet,4,"goodscents,leffingwell"
CCCOC(=O)CCCCC(=O)OCCC,CCCOC(=O)CCCCC(=O)OCCC,alcoholic;mild;odorless;solvent,4,"goodscents,leffingwell"
CC(C)CCCC(C)CCO,CC(C)CCCC(C)CCO,aldehydic;citrus;floral;green;leathery;musty;plastic;rose;soap;sweet;waxy,11,"aromadb,goodscents,leffingwell"
CC(C)=CCC[C@H](C)CCO,CC(C)=CCCC(C)CCO,citrus;fatty;floral;fresh;fruity;geranium;green;leafy;lemon;oily;powdery;rose;spicy;sweet;waxy,15,"aromadb,flavornet,goodscents,leffingwell"
CCCC(=O)OCCC(C)C,CCCC(=O)OCCC(C)C,apricot;banana;fruity;green;pear,5,"goodscents,leffingwell"
CCCCCCC(=O)OCC,CCCCCCC(=O)OCC,banana;berry;cognac;estery;fruity;green;pineapple;rummy;sweet;winey,10,"flavornet,goodscents,leffingwell"
CCCCCCCC(=O)OCC,CCCCCCCC(=O)OCC,apricot;banana;brandy;creamy;fatty;fruity;milky;musty;pear;pineapple;sweet;waxy;winey,13,"flavornet,goodscents,leffingwell"
CCCCCCCCCCCC(=O)OCC,CCCCCCCCCCCC(=O)OCC,clean;fatty;floral;fruity;leaf;oily;soap;sweet;waxy,9,"flavornet,goodscents,leffingwell"
CCCCC(=O)CC,CCCCC(=O)CC,banana;cheesy;fatty;fruity;green;ketonic;musty;sweet,8,"goodscents,leffingwell"
CCCOC(=O)CC,CCCOC(=O)CC,chemical;ethereal;fruity;pineapple;pungent;rum;sweet;winey,8,"flavornet,goodscents,leffingwell"
COC(=O)CCC(=O)OC,COC(=O)CCC(=O)OC,estery;ethereal;floral;fruity;green;rummy;sweet;winey,8,"goodscents,leffingwell"
CCC(=O)CC(C)CC,CCC(=O)CC(C)CC,fruity;herbal;ketonic;oily;sweet,5,"goodscents,leffingwell"
CCCCCC(=O)OC,CCCCCC(=O)OC,apple;apricot;banana;ethereal;fresh;fruity;pineapple;strawberry;sweet;tropical,10,"flavornet,goodscents,leffingwell"
CCCCCCC(=O)OC,CCCCCCC(=O)OC,apple;berry;floral;fruity;green;orris;sweet;waxy,8,"goodscents,leffingwell"
COC(=O)CCCCCCCCC(=O)OC,COC(=O)CCCCCCCCC(=O)OC,ethereal;fruity,2,leffingwell
C=CC=O,C=CC=O,almond;cherry;fruity;garlic;herbal;pungent,6,"goodscents,leffingwell"
CCCS,CCCS,cabbage;garlic;meaty;onion;sulfur;sweet,6,"goodscents,leffingwell"
CCCN,CCCN,cheesy;fishy,2,"goodscents,leffingwell"
C=CCO,C=CCO,garlic;pungent,2,"goodscents,leffingwell"
O=CC=O,O=CC=O,burnt;caramel;mild;sour,4,"goodscents,leffingwell"
COC=O,COC=O,estery;ethereal;fresh;fruity;plum;rum;warm;winey,8,"goodscents,leffingwell"
CC(CC=O)CCCC(C)(C)O,CC(CC=O)CCCC(C)(C)O,animal;floral;green;jasmin;lily;melon;sweet;tropical;waxy,9,"aromadb,goodscents,leffingwell"
CC(C)CCN,CC(C)CCN,cheesy,1,"goodscents,leffingwell"
CCCC(C)=O,CCCC(C)=O,banana;ethereal;fermented;fruity;ketonic;milky;rum;sweet;winey;woody,10,"flavornet,goodscents,leffingwell"
COCC(C)O,COCC(C)O,ethereal;sweet,2,leffingwell
CC(=O)CC(C)C,CC(=O)CC(C)C,ethereal;fruity;green;herbal;milky;solvent;spicy;sweet,8,"goodscents,leffingwell"
CC(C)CC(C)O,CC(C)CC(C)O,alcoholic;fermented;green;oily;pungent;solvent;winey,7,"goodscents,leffingwell"
CC(=O)OC(C)C,CC(=O)OC(C)C,banana;chemical;ethereal;fruity;sweet,5,"goodscents,leffingwell"
C=C(C)OC(C)=O,C=C(C)OC(C)=O,berry;cognac;ethereal;fruity;grape;rum;skin;sweet,8,"goodscents,leffingwell"
CC1CCC(=O)O1,CC1CCC(=O)O1,cocoa;coumarinic;hay;herbal;sweet;tobacco;warm;woody,8,"goodscents,leffingwell"
Cc1ccnc(C)c1,Cc1ccnc(C)c1,animal;fishy;green;minty;phenolic;smoky,6,"goodscents,leffingwell"
Cc1cccc(C)n1,Cc1cccc(C)n1,bready;cocoa;coffee;fishy;green;herbal;musty;nutty;oily;potato;vegetable;woody,12,"aromadb,goodscents,leffingwell"
Cc1cncc(C)n1,Cc1cncc(C)n1,beefy;brown;chocolate;cocoa;coffee;ethereal;meaty;nut;nutty;potato;roasted,11,"aromadb,flavornet,goodscents,leffingwell"
COC(=O)CC(=O)OC,COC(=O)CC(=O)OC,apple;ethereal;fruity;green,4,"goodscents,leffingwell"
CCOC(=O)CC(C)C,CCOC(=O)CC(C)C,apple;banana;buttery;estery;fruity;green;orange;pineapple;sweet;winey,10,"flavornet,goodscents,leffingwell"
Cc1cc(C)cc(O)c1,Cc1cc(C)cc(O)c1,orris;phenolic;spicy;woody,4,leffingwell
Cc1cc(C)nc(C)c1,Cc1cc(C)nc(C)c1,animal;fishy;green;leathery;musty;tobacco,6,leffingwell
CC(C)CC(O)CC(C)C,CC(C)CC(O)CC(C)C,ethereal;fermented;fresh;fruity;green;sweet;winey,7,"goodscents,leffingwell"
CC(C)CC(=O)CC(C)C,CC(C)CC(=O)CC(C)C,banana;ethereal;fermented;fruity;green;ketonic;metallic;pineapple;sweet,9,"aromadb,goodscents,leffingwell"
CC(=O)OC(C)CC(C)C,CC(=O)OC(C)CC(C)C,apple;banana;fresh;fruity;sweet,5,"goodscents,leffingwell"
Cc1ccncc1,Cc1ccncc1,animal;coffee;fishy;green;tobacco,5,"aromadb,leffingwell"
OC1CCCCC1,OC1CCCCC1,camphoreous;fermented;minty;phenolic,4,"goodscents,leffingwell"
O=C1CCCCC1,O=C1CCCCC1,camphoreous;ketonic;minty;solvent;sweet,5,"aromadb,goodscents,leffingwell"
Sc1ccccc1,Sc1ccccc1,burnt;garlic;meaty;phenolic;sulfur,5,"aromadb,goodscents,leffingwell"
Cc1cccnc1,Cc1cccnc1,earthy;green;hazelnut;tobacco,4,leffingwell
CC1CCCCN1,CC1CCCCN1,cheesy;fishy;nutty;popcorn;roasted,5,"goodscents,leffingwell"
Cc1ccccn1,Cc1ccccn1,fishy;hazelnut;popcorn;rum,4,"flavornet,goodscents,leffingwell"
Cc1cnccn1,Cc1cnccn1,brown;chocolate;cocoa;earthy;fishy;green;musty;nut;nutty;popcorn;potato;roasted;skin,13,"flavornet,goodscents,leffingwell"
CCCCOC(=O)CC(C)C,CCCCOC(=O)CC(C)C,apple;banana;ethereal;fruity;green;peach;pear;pineapple;pungent;sweet,10,"aromadb,goodscents,leffingwell"
CCCCOC(=O)CCC,CCCCOC(=O)CCC,apple;banana;cherry;floral;fresh;fruity;green;juicy;pear;pineapple;ripe;sweet;tropical,13,"aromadb,goodscents,leffingwell"
O=C1CCCCCCCCCCCCCCCO1,O=C1CCCCCCCCCCCCCCCO1,amber;animal;balsamic;musk;sweet,5,"goodscents,leffingwell"
CCCCOC(=O)CCCCCCCCC(=O)OCCCC,CCCCOC(=O)CCCCCCCCC(=O)OCCCC,fruity;odorless;oily,3,"aromadb,goodscents,leffingwell"
C=CCCC(C)=O,C=CCCC(C)=O,burnt;ethereal;floral;fruity;gasoline;ketonic;pungent,7,"goodscents,leffingwell"
CCCCC(=O)O,CCCCC(=O)O,acidic;cheesy;fruity;milky;sour;tobacco,6,"aromadb,flavornet,goodscents,leffingwell"
CCCOC(C)=O,CCCOC(C)=O,alcoholic;celery;ethereal;fruity;pear;pungent;raspberry;solvent;sweet,9,"goodscents,leffingwell"
CCCCN,CCCCN,cheesy;fishy,2,"aromadb,goodscents,leffingwell"
CCCCS,CCCCS,beefy;cheesy;coffee;cooked;fatty;fruity;garlic;meaty;onion;roasted;savory;sulfur,12,"aromadb,goodscents,leffingwell"
SCCCS,SCCCS,garlic;meaty;onion;sulfur,4,"goodscents,leffingwell"
COCOC,COCOC,alcoholic;ethereal;fruity;gasoline;rum,5,"goodscents,leffingwell"
CCNCC,CCNCC,cheesy;fishy,2,"goodscents,leffingwell"
CCOC=O,CCOC=O,alcoholic;cognac;ethereal;fermented;fruity;green;pungent;rose;rum;winey,10,"flavornet,goodscents,leffingwell"
CCON=O,CCON=O,ethereal;fermented;fruity;rum;rummy;sweet,6,"goodscents,leffingwell"
c1cc[nH]c1,c1cc[nH]c1,burnt;ethereal;nutty;sweet;warm,5,"goodscents,leffingwell"
c1ccoc1,c1ccoc1,burnt;ethereal;smoky,3,"goodscents,leffingwell"
c1ccsc1,c1ccsc1,aromatic;garlic;pungent;solvent;sulfur,5,"aromadb,flavornet,goodscents,leffingwell"
CC(=O)CCC(C)C,CC(=O)CCC(C)C,cheesy;fruity;ketonic;minty;sweet,5,leffingwell
CC(=O)CCC(C)=O,CC(=O)CCC(C)=O,burnt;fresh;herbal,3,leffingwell
CC(=O)OCC(C)C,CC(=O)OCC(C)C,apple;banana;ethereal;fruity;pear;pineapple;sweet;tropical,8,"flavornet,goodscents,leffingwell"
CCCCCCCCCCCCCC(=O)OC(C)C,CCCCCCCCCCCCCC(=O)OC(C)C,fatty;oily,2,"goodscents,leffingwell"
CCCCCCCCCCCCCC(=O)OCCCC,CCCCCCCCCCCCCC(=O)OCCCC,fatty;oily;waxy,3,"goodscents,leffingwell"
CCCCCCCCCC(=O)OCC,CCCCCCCCCC(=O)OCC,apple;brandy;cognac;fatty;fruity;grape;nutty;oily;sweet;waxy;winey,11,"aromadb,flavornet,goodscents,leffingwell"
CCOC(=O)CCCCCCCCC(=O)OCC,CCOC(=O)CCCCCCCCC(=O)OCC,fruity;melon;winey,3,"aromadb,goodscents,leffingwell"
CCCCCCCCCC(=O)OC,CCCCCCCCCC(=O)OC,cognac;fatty;fermented;floral;fruity;grape;oily;winey,8,"aromadb,flavornet,goodscents,leffingwell"
CCCCCC(C)=O,CCCCCC(C)=O,banana;cheesy;cinnamon;coconut;creamy;fruity;green;herbal;ketonic;soap;spicy;sweet;woody,13,"aromadb,flavornet,goodscents,leffingwell"
CC(C)CCOC=O,CC(C)CCOC=O,apple;bark;black;currant;dry;earthy;estery;ethereal;fruity;green;plum;sweet;waxy;winey,14,"goodscents,leffingwell"
CCCCCN,CCCCCN,cheesy;fermented;fishy;fresh,4,"goodscents,leffingwell"
CCCCC=O,CCCCC=O,almond;berry;bready;chocolate;fermented;fruity;nutty;pungent,8,"flavornet,goodscents,leffingwell"
CCCCCS,CCCCCS,cabbage;fatty;green;meaty;roasted;sulfur;tropical;vegetable,8,"aromadb,goodscents,leffingwell"
COCCOC,COCCOC,ethereal;solvent;sweet,3,leffingwell
CCCOC=O,CCCOC=O,berry;ethereal;fruity;green;rum;rummy;sweet,7,"goodscents,leffingwell"
CCSCCO,CCSCCO,garlic;meaty;onion;savory;sulfur;tropical,6,leffingwell
CCSSCC,CCSSCC,cabbage;fruity;garlic;onion;ripe;sulfur;tropical;vegetable,8,"aromadb,goodscents,leffingwell"
C1CCCCC1,C1CCCCC1,gasoline;sweet,2,leffingwell
C1CCNCC1,C1CCNCC1,animal;fishy;floral;sweet,4,"goodscents,leffingwell"
CCCCCCCCCCCCCCCC(=O)OCCCC,CCCCCCCCCCCCCCCC(=O)OCCCC,fatty;waxy,2,leffingwell
CCCCCCCC(=O)OC,CCCCCCCC(=O)OC,aldehydic;fruity;green;herbal;orange;sweet;vegetable;waxy;winey,9,"flavornet,goodscents,leffingwell"
CCCCCC#CC(=O)OC,CCCCCC#CC(=O)OC,cucumber;fatty;floral;fruity;green;leaf;leafy;melon;vegetable;violet;waxy;winey,12,"goodscents,leffingwell"
CCCCCCC(C)=O,CCCCCCC(C)=O,apple;cheesy;earthy;fatty;fruity;gasoline;green;herbal;ketonic;milky;musty;soap;weedy;woody,14,"aromadb,flavornet,goodscents,leffingwell"
CCCCCCC(=O)O,CCCCCCC(=O)O,cheesy;fatty;fermented;fruity;pineapple;sour;waxy,7,"aromadb,goodscents,leffingwell"
CCOCCOC(C)=O,CCOCCOC(C)=O,fruity;solvent;sweet,3,leffingwell
CCCCCCN,CCCCCCN,cheesy;fishy;musty,3,"aromadb,goodscents,leffingwell"
CCCCCCO,CCCCCCO,alcoholic;ethereal;fatty;floral;fruity;green;herbal;oily;pungent;sweet;winey,11,"flavornet,goodscents,leffingwell"
CCCCCCS,CCCCCCS,burnt;coffee;fatty;garlic;meaty;nutty;roasted;savory;sulfur,9,"flavornet,goodscents,leffingwell"
C=CCOCCO,C=CCOCCO,mild;mushroom;solvent,3,"goodscents,leffingwell"
CCCSCCC,CCCSCCC,garlic;green;onion;sulfur,4,"goodscents,leffingwell"
CC(=O)OCCOC(C)=O,CC(=O)OCCOC(C)=O,alcoholic;estery;floral;green;oily;sweet;winey,7,"goodscents,leffingwell"
CCCCCCCCCCCCCCCCCC(=O)OCC,CCCCCCCCCCCCCCCCCC(=O)OCC,odorless;waxy,2,"goodscents,leffingwell"
C=CCCCCCC,C=CCCCCCC,gasoline,1,"aromadb,goodscents,leffingwell"
CCCCCCCO,CCCCCCCO,apple;banana;chemical;fatty;fresh;fruity;grass;green;herbal;leafy;musty;pungent;sweet;vegetable;violet;woody,16,"aromadb,flavornet,goodscents,leffingwell"
CCCCCCC=O,CCCCCCC=O,aldehydic;citrus;cognac;fatty;fresh;green;herbal;nutty;ozone;sweet,10,"aromadb,flavornet,goodscents,leffingwell"
CCCCOCCO,CCCCOCCO,alcoholic;ethereal;fruity;oily,4,leffingwell
CCCCCCC#CC(=O)OC,CCCCCCC#CC(=O)OC,cucumber;floral;green;leaf;leafy;melon;violet,7,"goodscents,leffingwell"
C=CCCCCCCCCC(=O)OC,C=CCCCCCCCCC(=O)OC,citrus;earthy;fatty;floral;fruity;milky;rose;waxy;winey,9,"goodscents,leffingwell"
CCCCCCCCC,CCCCCCCCC,gasoline,1,"flavornet,goodscents,leffingwell"
CCCCCCCCS,CCCCCCCCS,meaty;roasted;sulfur;vegetable,4,"goodscents,leffingwell"
CCCCCCCCC(=O)O,CCCCCCCCC(=O)O,cheesy;fatty;green;milky;nutty;waxy,6,"flavornet,goodscents,leffingwell"
CCCCCCCOC(C)=O,CCCCCCCOC(C)=O,aldehydic;apricot;citrus;fatty;floral;fresh;fruity;green;pear;ripe;rummy;waxy;winey;woody,14,"goodscents,leffingwell"
CCCCOCCOC(C)=O,CCCCOCCOC(C)=O,ethereal;fruity;pungent;radish;sweet;warm,6,leffingwell
CCCCCCCCCC(C)=O,CCCCCCCCCC(C)=O,creamy;fatty;floral;fresh;fruity;green;ketonic;orange;orris;pineapple;rose;waxy,12,"flavornet,goodscents,leffingwell"
CCCCCCCCOC(C)=O,CCCCCCCCOC(C)=O,citrus;earthy;floral;fruity;green;herbal;jasmine;mushroom;orange;peach;waxy,11,"goodscents,leffingwell"
CCCCCCCCCCOC(C)=O,CCCCCCCCCCOC(C)=O,citrus;clean;creamy;fatty;fresh;fruity;orange;pineapple;rose;soap;sweet;waxy,12,"aromadb,flavornet,goodscents,leffingwell"
CCCCCCCOC=O,CCCCCCCOC=O,apple;cucumber;fatty;floral;fruity;green;herbal;plum;vegetable;waxy,10,"goodscents,leffingwell"
CCCCCCCCCCO,CCCCCCCCCCO,clean;fatty;floral;fruity;oily;orange;sweet;waxy,8,"aromadb,flavornet,goodscents,leffingwell"
CCCCCCCCCC=O,CCCCCCCCCC=O,aldehydic;citrus;floral;orange;peel;soap;sweet;waxy,8,"aromadb,flavornet,goodscents,leffingwell"
CCCCCCCCOC=O,CCCCCCCCOC=O,citrus;cucumber;fruity;green;orange;orris;rose;waxy,8,"goodscents,leffingwell"
CCCCCCCCCCC(=O)O,CCCCCCCCCCC(=O)O,cheesy;coconut;creamy;fatty;waxy,5,"aromadb,flavornet,goodscents,leffingwell"
CCCCCCCCCCCCCCCC(=O)OC,CCCCCCCCCCCCCCCC(=O)OC,fatty;oily;orris;sweet;waxy,5,"aromadb,goodscents,leffingwell"
CCCCCCCCCCCC,CCCCCCCCCCCC,gasoline;sweet,2,"flavornet,leffingwell"
C=CCCCCCCCCCC,C=CCCCCCCCCCC,gasoline;sweet,2,leffingwell
CCCCCCCCCCCO,CCCCCCCCCCCO,citrus;floral;fruity;oily,4,"flavornet,leffingwell"
C=CCCCCCCCCCO,C=CCCCCCCCCCO,citrus;clean;fatty;floral;fresh;green;ozone;rose;waxy,9,"goodscents,leffingwell"
CCCCCCCCCCC=O,CCCCCCCCCCC=O,aldehydic;citrus;fatty;floral;green;oily;orange;pineapple;pungent;soap;sweet;waxy,12,"aromadb,flavornet,goodscents,leffingwell"
C=CCCCCCCCCC=O,C=CCCCCCCCCC=O,aldehydic;citrus;fatty;rose;soap;waxy,6,"goodscents,leffingwell"
CCCCCSSCCCCC,CCCCCSSCCCCC,garlic;green;meaty;savory;sulfur;vegetable,6,leffingwell
CCCCCCCCCCCCO,CCCCCCCCCCCCO,citrus;coconut;earthy;fatty;floral;honey;oily;soap;waxy,9,"flavornet,goodscents,leffingwell"
CCCCCCCCCCCC=O,CCCCCCCCCCCC=O,aldehydic;citrus;fatty;floral;green;lily;orange;soap;sweet;waxy,10,"flavornet,goodscents,leffingwell"
CCCCCCCCCCCCS,CCCCCCCCCCCCS,cooked;fatty;meaty;sulfur,4,"goodscents,leffingwell"
CCCCCCCCCCCCCCCCCC(=O)OC,CCCCCCCCCCCCCCCCCC(=O)OC,fatty;odorless;oily;waxy,4,"flavornet,goodscents,leffingwell"
CCCCCCCCCCCCOC(C)=O,CCCCCCCCCCCCOC(C)=O,citrus;clean;fresh;fruity;rose;sweet;waxy,7,"aromadb,goodscents,leffingwell"
CCCCCCCCCCCCCO,CCCCCCCCCCCCCO,fruity;musty;sweet;waxy;woody,5,"flavornet,goodscents,leffingwell"
CCCCCCCCCCCCCCO,CCCCCCCCCCCCCCO,coconut;fatty;fruity;oily;orris;waxy,6,"flavornet,goodscents,leffingwell"
CCCCCCCCCCCCCCCCCCO,CCCCCCCCCCCCCCCCCCO,bland;fatty;mild;oily;waxy,5,"flavornet,goodscents,leffingwell"
CCCCCCCCCCCCCCCCCCCC,CCCCCCCCCCCCCCCCCCCC,waxy,1,"flavornet,goodscents,leffingwell"
C=CC(C)(C)O,C=CC(C)(C)O,earthy;ethereal;fruity;herbal;oily,5,"flavornet,goodscents,leffingwell"
C=CC(C)(CCC=C(C)C)OC(C)=O,C=CC(C)(CCC=C(C)C)OC(C)=O,bergamot;citrus;floral;fruity;green;lavender;pear;sweet;woody,9,"aromadb,flavornet,goodscents,leffingwell"
CC1CC(O)CC(C)(C)C1,CC1CC(O)CC(C)(C)C1,camphoreous;cooling;herbal;minty;musty;spicy,6,"goodscents,leffingwell"
CC(=O)CO,CC(=O)CO,caramel;ethereal;green;pungent;sweet;winey,6,"aromadb,goodscents,leffingwell"
CCC(C)C(=O)O,CCC(C)C(=O)O,acidic;cheesy;fermented;fruity;grass;pungent;sweet,7,"aromadb,flavornet,goodscents,leffingwell"
CC(=O)OC1C=C(C)C2CC(=C(C)C)CC2C(C)C1,CC(=O)OC1C=C(C)C2CC(=C(C)C)CC2C(C)C1,dry;fresh;herbal;powdery;sandalwood;sweet;vetiver;woody,8,"goodscents,leffingwell"
O=C(Oc1ccccc1)c1ccccc1O,O=C(Oc1ccccc1)c1ccccc1O,balsamic;floral;fruity;honey;sweet;woody,6,"goodscents,leffingwell"
CC1CC(OC(=O)c2ccccc2O)CC(C)(C)C1,CC1CC(OC(=O)c2ccccc2O)CC(C)(C)C1,medicinal;mild;odorless,3,"goodscents,leffingwell"
O=C(OCc1ccccc1)c1ccccc1O,O=C(OCc1ccccc1)c1ccccc1O,balsamic;clean;floral;herbal;oily;sweet,6,"aromadb,goodscents,leffingwell"
CCCCC(CC)COC(=O)c1ccccc1O,CCCCC(CC)COC(=O)c1ccccc1O,balsamic;floral;fruity;spicy;sweet,5,"goodscents,leffingwell"
CCOC(=O)c1ccccc1O,CCOC(=O)c1ccccc1O,balsamic;cooling;floral;fruity;minty;spicy;sweet,7,"flavornet,goodscents,leffingwell"
Cc1occc(=O)c1O,Cc1occc(=O)c1O,berry;bread;bready;burnt;caramel;fruity;jammy;strawberry;sweet,9,"flavornet,goodscents,leffingwell"
CC(=O)c1ccccc1O,CC(=O)c1ccccc1O,almond;bitter;cherry;cinnamon;coumarinic;hawthorn;hay;herbal;honey;melon;phenolic;sweet;tobacco;tropical,14,"goodscents,leffingwell"
O=C(c1ccccc1)C(O)c1ccccc1,O=C(c1ccccc1)C(O)c1ccccc1,balsamic;camphoreous;medicinal;spicy;sweet;vanilla,6,"aromadb,goodscents,leffingwell"
c1ccc2cnccc2c1,c1ccc2cnccc2c1,almond;anise;balsamic;bitter;herbaceous;herbal;sweet,7,"aromadb,goodscents,leffingwell"
COc1ccc(C=O)cc1OC,COc1ccc(C=O)cc1OC,creamy;herbal;phenolic;powdery;sweet;vanilla;woody,7,"goodscents,leffingwell"
CCC(=O)OC(C)c1ccccc1,CCC(=O)OC(C)c1ccccc1,citrus;floral;fresh;fruity;green;rose;sweet;tropical;weedy,9,"goodscents,leffingwell"
O=Cc1ccc2c(c1)OCO2,O=Cc1ccc2c(c1)OCO2,almond;bitter;cherry;creamy;floral;spicy;sweet;tropical;vanilla,9,"goodscents,leffingwell"
Cc1nc2ccccc2s1,Cc1nc2ccccc2s1,meaty;nutty;sulfur;vegetable,4,leffingwell
O=C1CCCC1,O=C1CCCC1,ketonic;minty;musty;nutty;woody,5,"aromadb,goodscents,leffingwell"
CN1CCCC1,CN1CCCC1,cheesy;fishy;ripe,3,leffingwell
CCOc1cc(C=O)ccc1O,CCOc1cc(C=O)ccc1O,caramel;chocolate;creamy;milky;rummy;sweet;vanilla,7,"aromadb,goodscents,leffingwell"
COc1cc(C(=O)O)ccc1O,COc1cc(C(=O)O)ccc1O,brown;creamy;milky;odorless;phenolic;powdery;sweet;vanilla,8,"aromadb,goodscents,leffingwell"
CCOC(=O)C1OC1c1ccccc1,CCOC(=O)C1OC1c1ccccc1,berry;caramel;floral;fruity;honey;rose;strawberry;sweet;tropical,9,"goodscents,leffingwell"
CCN(CC)CC,CCN(CC)CC,cheesy;fishy;ripe,3,"goodscents,leffingwell"
COC(=O)c1ccc(OC)cc1,COC(=O)c1ccc(OC)cc1,anise;herbal;sweet;vanilla,4,"goodscents,leffingwell"
CC(=O)c1ccc(C)cc1,CC(=O)c1ccc(C)cc1,almond;bitter;cherry;coumarinic;floral;fruity;hawthorn;hay;powdery;sweet;vanilla,11,"aromadb,flavornet,goodscents,leffingwell"
COC(=O)c1ccccc1N,COC(=O)c1ccccc1N,floral;fruity;grape;honey;musty;orange;orangeflower;powdery,8,"aromadb,flavornet,goodscents,leffingwell"
COc1cc(C=O)cc(OC)c1O,COc1cc(C=O)cc(OC)c1O,balsamic;chocolate;floral;green;plastic;smoky;sweet;vanilla;woody,9,"goodscents,leffingwell"
COc1ccccc1C=O,COc1ccccc1C=O,almond;anise;cinnamon;hawthorn;powdery;spicy;sweet;vanilla,8,"goodscents,leffingwell"
CCCCC(CC)C(=O)O,CCCCC(CC)C(=O)O,cheesy;earthy;fatty;fruity;herbal;musty;sour;sweet,8,"aromadb,goodscents,leffingwell"
CCCCOC(=O)c1ccccc1,CCCCOC(=O)c1ccccc1,amber;balsamic;fruity;spicy;woody,5,"flavornet,goodscents,leffingwell"
Cc1ccccc1S,Cc1ccccc1S,brothy;burnt;chemical;garlic;meaty;musty;onion;phenolic;roasted;smoky;sulfur,11,"goodscents,leffingwell"
CCC(C)CO,CCC(C)CO,alcoholic;cocoa;ethereal;fatty;fermented;fresh;leathery;onion;solvent;winey,10,"flavornet,goodscents,leffingwell"
CCCCOC(=O)C(C)O,CCCCOC(=O)C(C)O,apple;buttery;caramel;cheesy;creamy;earthy;fermented;fruity;green;ketonic;lactonic;melon;milky;mushroom;skin;soap;sweet;vanilla;waxy;winey,20,"aromadb,goodscents,leffingwell"
C=C(C)C1CCC(C)(O)CC1,C=C(C)C1CCC(C)(O)CC1,earthy;herbal;pungent;sour;sweet;woody,6,"aromadb,flavornet,goodscents,leffingwell"
CCC(=O)OCC(COC(=O)CC)OC(=O)CC,CCC(=O)OCC(COC(=O)CC)OC(=O)CC,chemical;fatty;fruity;oily;sour,5,"goodscents,leffingwell"
CC(C)=CCCC(C)CCOC(=O)Cc1ccccc1,CC(C)=CCCC(C)CCOC(=O)Cc1ccccc1,floral;fresh;herbal;honey;rose;sweet;waxy,7,"aromadb,goodscents,leffingwell"
O=Cc1ccc(O)c(O)c1,O=Cc1ccc(O)c(O)c1,almond;bitter;burnt;dry;medicinal,5,"goodscents,leffingwell"
CC(=O)OCc1ccccc1,CC(=O)OCc1ccccc1,floral;fresh;fruity;jasmin;jasmine;sweet;vegetable,7,"aromadb,flavornet,goodscents,leffingwell"
CCCCCCCCCCCC(=O)OCc1ccccc1,CCCCCCCCCCCC(=O)OCc1ccccc1,fatty;soap;waxy,3,"goodscents,leffingwell"
CC(C)CC(=O)OCCc1ccccc1,CC(C)CC(=O)OCCc1ccccc1,apple;apricot;balsamic;floral;fruity;peach;pineapple;ripe;rose;sweet,10,"aromadb,goodscents,leffingwell"
CC(=O)Oc1ccc(C)cc1,CC(=O)Oc1ccc(C)cc1,animal;floral;phenolic,3,"aromadb,goodscents,leffingwell"
C=CCc1ccc(OC)cc1,C=CCc1ccc(OC)cc1,anise;green;herbal;licorice;minty;phenolic;spicy;sweet,8,"flavornet,goodscents,leffingwell"
C=CC(=O)OCC,C=CC(=O)OCC,fruity;plastic;rum,3,"aromadb,goodscents,leffingwell"
CCCCOC(=O)CCC(=O)OCCCC,CCCCOC(=O)CCC(=O)OCCCC,fermented;fruity;winey,3,leffingwell
CC(C)COC(=O)CCCCC(=O)OCC(C)C,CC(C)COC(=O)CCCCC(=O)OCC(C)C,bland;estery;mild;odorless,4,"aromadb,goodscents,leffingwell"
C=C(C)CCCC(C)CCOC(C)=O,C=C(C)CCCC(C)CCOC(C)=O,citrus;floral;fresh;fruity;geranium;leafy;powdery;rose;spicy,9,"goodscents,leffingwell"
CCC(=O)OCCC(C)CCC=C(C)C,CCC(=O)OCCC(C)CCC=C(C)C,citrus;floral;fruity;green;rose;sweet;waxy,7,"aromadb,goodscents,leffingwell"
CCCC(=O)OCCC(C)CCC=C(C)C,CCCC(=O)OCCC(C)CCC=C(C)C,apple;citrus;floral;fruity;geranium;green;leafy;plum;rose;sweet;tropical;waxy,12,"aromadb,flavornet,goodscents,leffingwell"
CCOC(=O)CCCCC(=O)OCC,CCOC(=O)CCCCC(=O)OCC,fruity;oily;winey,3,leffingwell
CCOC(C)=O,CCOC(C)=O,brandy;ethereal;fruity;grape;green;pineapple;rummy;sweet;weedy;winey,10,"flavornet,goodscents,leffingwell"
CC(=O)C=C(C)C,CC(=O)C=C(C)C,bread;chemical;chocolate;earthy;honey;minty;musty;nutty;pungent;sweet;vegetable;woody,12,"flavornet,goodscents,leffingwell"
COC(CC(C)CCCC(C)(C)O)OC,COC(CC(C)CCCC(C)(C)O)OC,floral;fresh;green;jasmine;lily;melon;muguet;rose;waxy,9,"aromadb,goodscents,leffingwell"
CCOC(=O)CC(C)=O,CCOC(=O)CC(C)=O,apple;ethereal;fatty;fresh;fruity;green;rum,7,"goodscents,leffingwell"
O=c1cccc[nH]1,O=c1cccc[nH]1,animal;burnt;nutty;smoky,4,leffingwell
C=CCOC(=O)CCCCCC,C=CCOC(=O)CCCCCC,apple;banana;cognac;fermented;fruity;pineapple;ripe;sweet;waxy,9,"goodscents,leffingwell"
CCCCCC(=O)O,CCCCCC(=O)O,cheesy;fatty;sour;sweet,4,"aromadb,flavornet,goodscents,leffingwell"
CCCCCCCCCCCCCCCC(=O)OC(C)C,CCCCCCCCCCCCCCCC(=O)OC(C)C,bland;fatty;odorless,3,"flavornet,goodscents,leffingwell"
CCCCCCOC(C)=O,CCCCCCOC(C)=O,apple;banana;fatty;fresh;fruity;green;herbal;pear;sweet,9,"aromadb,flavornet,goodscents,leffingwell"
CCCCOCCCC,CCCCOCCCC,ethereal;fruity;sweet,3,"goodscents,leffingwell"
CCCCCCCCCO,CCCCCCCCCO,citrus;clean;fatty;floral;fresh;green;oily;orange;rose,9,"aromadb,flavornet,goodscents,leffingwell"
CCCCCCCCCOC(C)=O,CCCCCCCCCOC(C)=O,clean;floral;fruity;green;leafy;mushroom;sweet;tropical;waxy,9,"flavornet,goodscents,leffingwell"
COc1cccc(C=O)c1O,COc1cccc(C=O)c1O,medicinal;pungent;sweet;vanilla,4,leffingwell
COc1cccc(O)c1,COc1cccc(O)c1,medicinal;phenolic;sweet,3,"goodscents,leffingwell"
c1ccc(CSSCc2ccccc2)cc1,c1ccc(CSSCc2ccccc2)cc1,burnt;caramel;earthy;green;smoky;sulfur,6,"aromadb,goodscents,leffingwell"
COc1ccc(O)cc1,COc1ccc(O)cc1,anise;aromatic;phenolic;sweet,4,"goodscents,leffingwell"
COc1ccc(OC)cc1,COc1ccc(OC)cc1,earthy;green;hay;nutty;phenolic;sweet;tobacco,7,"goodscents,leffingwell"
CC(=O)OCCC(C)CCC=C(C)C,CC(=O)OCCC(C)CCC=C(C)C,aldehydic;bergamot;citrus;floral;fresh;fruity;green;rose;sweet;tropical;woody,11,"aromadb,flavornet,goodscents,leffingwell"
CC(=O)OC(C)(C)Cc1ccccc1,CC(=O)OC(C)(C)Cc1ccccc1,berry;floral;fresh;fruity;green;jasmin;jasmine;pear;powdery;rose;sweet,11,"aromadb,goodscents,leffingwell"
COc1cccc(OC)c1,COc1cccc(OC)c1,acidic;cooling;earthy;fruity;medicinal;nutty;sweet,7,"aromadb,goodscents,leffingwell"
CCC(C)CCC(C)(O)CC,CCC(C)CCC(C)(O)CC,floral;fresh;rose;sweet;woody,5,"goodscents,leffingwell"
c1cscn1,c1cscn1,fishy;meaty;nutty,3,"goodscents,leffingwell"
C1SCSS1,C1SCSS1,beefy;garlic;meaty;mushroom;roasted;sulfur,6,leffingwell
c1cnccn1,c1cnccn1,hazelnut;musty;nutty;pungent;roasted;sweet,6,"aromadb,goodscents,leffingwell"
CC(=O)OCc1ccc2c(c1)OCO2,CC(=O)OCc1ccc2c(c1)OCO2,aromatic;cherry;floral;hawthorn;jammy;jasmin;metallic;powdery;soap;strawberry;sweet,11,"goodscents,leffingwell"
CC(=O)c1cccnc1,CC(=O)c1cccnc1,burnt;dry;hawthorn;nutty;phenolic;popcorn;roasted;sweet;tobacco;woody,10,"aromadb,goodscents,leffingwell"
CCSCC,CCSCC,ethereal;garlic;meaty;savory;sulfur;tomato,6,"goodscents,leffingwell"
CC(=O)CCC=C(C)C,CC(=O)CCC=C(C)C,apple;banana;cheesy;citrus;coffee;creamy;fruity;grass;green;hazelnut;herbal;ketonic;mushroom;musty;nutty;oily;roasted,17,"aromadb,flavornet,goodscents,leffingwell"
C1CS1,C1CS1,meaty;sulfur;vegetable,3,leffingwell
CC1=C(C=O)C(C)(C)CCC1,CC1=C(C=O)C(C)(C)CCC1,camphor;clean;floral;fruity;grassy;green;hay;herbal;minty;rose;sweet;tobacco;tropical,13,"aromadb,flavornet,goodscents,leffingwell"
CCOCOCC,CCOCOCC,ethereal;sweet,2,leffingwell
CC(O)C(C)(C)C,CC(O)C(C)(C)C,camphoreous;fermented,2,leffingwell
CC(C)C12CCC(C)(CC1)O2,CC(C)C12CCC(C)(CC1)O2,camphor;camphoreous;cooling;fresh;green;herbal;minty;pine;spicy;terpenic,10,"aromadb,flavornet,goodscents,leffingwell"
CC1=CC2C(=C(C)CCC2C(C)C)CC1,CC1=CC2C(=C(C)CCC2C(C)C)CC1,burnt;dry;herbal;woody,4,"aromadb,flavornet,goodscents,leffingwell"
C=CCc1cc(OC)c(OC)c(OC)c1,C=CCc1cc(OC)c(OC)c(OC)c1,floral;spicy;sweet;woody,4,"aromadb,flavornet,goodscents,leffingwell"
CC1=CC(O)C(C(C)C)CC1,CC1=CC(O)C(C(C)C)CC1,herbal;minty;musty;sour,4,"flavornet,goodscents,leffingwell"
Cc1ccnc2ccccc12,Cc1ccnc2ccccc12,animal;burnt;floral;green;herbal;musty;oily;sweet,8,"goodscents,leffingwell"
CC(C(=O)O)c1ccccc1,CC(C(=O)O)c1ccccc1,floral;honey;sweet,3,leffingwell
CCCC(=O)c1ccccc1,CCCC(=O)c1ccccc1,buttery;camphoreous;cherry;creamy;floral;fruity;hazelnut;nutty;sweet;vanilla,10,"goodscents,leffingwell"
OCc1ccc2c(c1)OCO2,OCc1ccc2c(c1)OCO2,powdery;sweet;vanilla,3,"goodscents,leffingwell"
c1ccc2c(c1)CCO2,c1ccc2c(c1)CCO2,aromatic;gasoline;phenolic;sweet,4,leffingwell
O=C1C=CCO1,O=C1C=CCO1,burnt;buttery;sweet;winey,4,"goodscents,leffingwell"
CC1CCC(C(C)(C)O)CC1,CC1CCC(C(C)(C)O)CC1,citrus;floral;pine;terpenic,4,"goodscents,leffingwell"
CC1CCC(C(C)C)CC1=O,CC1CCC(C(C)C)CC1=O,cooling;green;herbal;minty;woody,5,"goodscents,leffingwell"
Cc1ccc(C(C)C)cc1O,Cc1ccc(C(C)C)cc1O,camphoreous;cooling;herbal;medicinal;phenolic;smoky;spicy;woody,8,"aromadb,goodscents,leffingwell"
OCCc1ccc(O)cc1,OCCc1ccc(O)cc1,floral;fruity;rose;sweet,4,"goodscents,leffingwell"
CCCCCCCCCCCCCCC1CCC(=O)O1,CCCCCCCCCCCCCCC1CCC(=O)O1,fatty;waxy,2,"goodscents,leffingwell"
O=C1CCCCCC1,O=C1CCCCCC1,ketonic;minty,2,leffingwell
CC(C)=CCCC(C)CC(=O)O,CC(C)=CCCC(C)CC(=O)O,fatty;floral;grassy;green;smoky;tobacco;vegetable;waxy,8,"aromadb,goodscents,leffingwell"
CCCCC(=O)CCCC,CCCCC(=O)CCCC,floral;green;herbal;spicy,4,leffingwell
CC(=O)CCCC(C)CCCC(C)CCCC(C)C,CC(=O)CCCC(C)CCCC(C)CCCC(C)C,celery;fatty;floral;fresh;herbal;jasmin;jasmine;oily;sweet;woody,10,"flavornet,goodscents,leffingwell"
CC(C)CC(=O)O,CC(C)CC(=O)O,acidic;cheesy;fatty;fruity;milky;pungent;ripe;sour;tropical,9,"aromadb,flavornet,goodscents,leffingwell"
CSCCCO,CSCCCO,cooked;meaty;mushroom;onion;potato;savory;sulfur;sweet;vegetable,9,"flavornet,goodscents,leffingwell"
C1CSCCS1,C1CSCCS1,fermented;garlic;mushroom;onion;solvent;sulfur,6,"goodscents,leffingwell"
C=CC(C)(O)CCCC(C)CCCC(C)CCCC(C)C,C=CC(C)(O)CCCC(C)CCCC(C)CCCC(C)C,floral;green;herbal;leafy;odorless;sweet;tea,7,"goodscents,leffingwell"
CCCC=CC=O,CCCC=CC=O,aldehydic;almond;apple;banana;bitter;cheesy;clean;fatty;fresh;fruity;grassy;green;herbal;leaf;leafy;plum;pungent;spicy;sweet;vegetable,20,"aromadb,flavornet,goodscents,leffingwell"
CCCCCCCCCCCCCCCCC(=O)O,CCCCCCCCCCCCCCCCC(=O)O,mild;odorless;waxy,3,"goodscents,leffingwell"
CC(=O)S,CC(=O)S,burnt;cooked;fresh;fruity;herbal;meaty;roasted;savory;sulfur;tropical,10,"goodscents,leffingwell"
CC(C)CS,CC(C)CS,cooked;garlic;onion;sulfur;vegetable,5,"goodscents,leffingwell"
CCC(C)S,CCC(C)S,beefy;chicken;meaty;onion;sulfur,5,"goodscents,leffingwell"
CC1(C)C2CC=C(CO)C1C2,CC1(C)C2CC=C(CO)C1C2,balsamic;camphoreous;cooling;herbal;medicinal;minty;pine;sweet;woody,9,"goodscents,leffingwell"
C=CC1(C)CCC(C(=C)C)CC1C(=C)C,C=CC1(C)CCC(C(=C)C)CC1C(=C)C,fresh;herbal;sweet;waxy;woody,5,"flavornet,goodscents,leffingwell"
C=CCc1cc(OC)c2c(c1OC)OCO2,C=CCc1cc(OC)c2c(c1OC)OCO2,herbal;phenolic;spicy,3,"goodscents,leffingwell"
Cc1cccc(O)c1C,Cc1cccc(O)c1C,animal;chemical;leathery;musty;phenolic;spicy,6,"goodscents,leffingwell"
Cc1cc(C)c(O)c(C)c1,Cc1cc(C)c(O)c(C)c1,coffee;leathery;medicinal;phenolic;smoky;spicy;tobacco,7,"goodscents,leffingwell"
Cc1ccccc1C=O,Cc1ccccc1C=O,almond;cherry;sweet,3,"goodscents,leffingwell"
COc1cc(CO)cc(OC)c1O,COc1cc(CO)cc(OC)c1O,balsamic;floral,2,leffingwell
COc1cc(C(=O)O)cc(OC)c1O,COc1cc(C(=O)O)cc(OC)c1O,balsamic,1,leffingwell
CC(=O)Oc1ccccc1C,CC(=O)Oc1ccccc1C,floral;fruity;medicinal;sweet,4,"goodscents,leffingwell"
COC(C)OC,COC(C)OC,alcoholic;ethereal;green;hay;sweet,5,"goodscents,leffingwell"
Cc1ccco1,Cc1ccco1,burnt;chocolate;ethereal;gasoline;metallic;musty;nutty;solvent;sweet,9,"goodscents,leffingwell"
Cc1ccc(C(C)O)cc1,Cc1ccc(C(C)O)cc1,almond;camphor;cherry;floral;hawthorn;hay;minty;nutty;powdery;sweet,10,"aromadb,goodscents,leffingwell"
C=C(C)C1CC=C(CO)CC1,C=C(C)C1CC=C(CO)CC1,aromatic;citrus;floral;green;minty;orange;peel;spicy;sweet;violet;waxy;woody,12,"aromadb,goodscents,leffingwell"
CCc1ccncc1,CCc1ccncc1,earthy;green;herbal;sweet,4,leffingwell
CCc1cccnc1,CCc1cccnc1,leathery;nutty;roasted;smoky;tobacco,5,"goodscents,leffingwell"
COCc1ccccc1,COCc1ccccc1,ethereal;floral;fruity;green;hyacinth;metallic;rose,7,"flavornet,goodscents,leffingwell"
CCOCc1ccccc1,CCOCc1ccccc1,fruity;pineapple;tropical,3,"aromadb,goodscents,leffingwell"
CCCCc1cccnc1,CCCCc1cccnc1,animal;earthy;fishy;green,4,leffingwell
CCCCC(=O)OCC,CCCCC(=O)OCC,acidic;apple;berry;fruity;green;pineapple;sweet;tropical,8,"flavornet,goodscents,leffingwell"
CCOC(=O)CCC(C)=O,CCOC(=O)CCC(C)=O,apple;berry;caramel;floral;fruity;green;melon;pineapple;sweet;tropical;waxy,11,"goodscents,leffingwell"
CCCC(=O)OCC(C)C,CCCC(=O)OCC(C)C,apple;banana;berry;cherry;fruity;pear;pineapple;ripe;rum;rummy;sweet,11,"goodscents,leffingwell"
CCCCCOC(=O)CCCCC,CCCCCOC(=O)CCCCC,apple;cognac;estery;fatty;fruity;green;pear;pineapple;sweet;waxy,10,"aromadb,goodscents,leffingwell"
CCC(=O)OCC(C)C,CCC(=O)OCC(C)C,banana;estery;ethereal;fruity;green;pungent;rum;rummy;sweet;tropical,10,"goodscents,leffingwell"
SCCS,SCCS,garlic;meaty;onion;sulfur,4,"goodscents,leffingwell"
CC(C)CCS,CC(C)CCS,garlic;green;meaty;onion;sulfur;vegetable,6,"goodscents,leffingwell"
CC(C)=CC(=O)O,CC(C)=CC(=O)O,caramel;green;herbal;milky;musty;phenolic;spicy,7,"aromadb,goodscents,leffingwell"
Cc1csc(C)n1,Cc1csc(C)n1,beefy;cocoa;coffee;meaty;roasted;tea,6,"flavornet,goodscents,leffingwell"
CC1CCCCCCCCCCCCC(=O)C1,CC1CCCCCCCCCCCCC(=O)C1,animal;fatty;floral;musk;powdery;soap;sweet,7,"goodscents,leffingwell"
O=C1CCCCO1,O=C1CCCCO1,aromatic;fruity,2,leffingwell
CC(C)COC=O,CC(C)COC=O,chemical;ethereal;fruity;rum;sweet,5,"goodscents,leffingwell"
CCN=C=S,CCN=C=S,garlic;horseradish;pungent,3,"goodscents,leffingwell"
C=CC(=C)CCCC(C)(C)O,C=CC(=C)CCCC(C)(C)O,citrus;floral;fresh;lavender;woody,5,"goodscents,leffingwell"
CCCCCC(C)O,CCCCCC(C)O,cheesy;citrus;fatty;floral;fresh;fruity;grass;green;herbal;lemon;mushroom;oily;sweet,13,"aromadb,flavornet,goodscents,leffingwell"
CC(C)CCOCCC(C)C,CC(C)CCOCCC(C)C,ethereal;fruity;green;herbal,4,leffingwell
CCCCSCCCC,CCCCSCCCC,floral;garlic;geranium;grassy;green;herbal;horseradish;leaf;onion;rose;savory;vegetable;violet,13,"goodscents,leffingwell"
CCCCCCCCCCCCCC(=O)O,CCCCCCCCCCCCCC(=O)O,citrus;coconut;fatty;odorless;oily;peel;pineapple;soap;waxy,9,"goodscents,leffingwell"
CCCCCCCCCCCCCCCC,CCCCCCCCCCCCCCCC,gasoline;waxy,2,"flavornet,leffingwell"
CC1C(=O)CC2CC1C2(C)C,CC1C(=O)CC2CC1C2(C)C,camphor;camphoreous;fresh;herbal;pine;spicy,6,"aromadb,goodscents,leffingwell"
COC(=O)C(C)C,COC(=O)C(C)C,apple;apricot;ethereal;floral;fruity;pineapple;rum;sweet,8,"flavornet,goodscents,leffingwell"
CC(=O)c1ccccc1N,CC(=O)c1ccccc1N,fruity;grape;spicy;sweet,4,"aromadb,flavornet,goodscents,leffingwell"
CCC(=O)OC,CCC(=O)OC,apple;ethereal;fresh;fruity;rum;rummy;strawberry,7,"goodscents,leffingwell"
Cc1cccs1,Cc1cccs1,garlic;green;onion;pungent;roasted;sulfur,6,"flavornet,goodscents,leffingwell"
COC(=O)CC(C)C,COC(=O)CC(C)C,apple;estery;ethereal;fruity;pineapple;sweet,6,"flavornet,goodscents,leffingwell"
CN=C=S,CN=C=S,horseradish;pungent,2,"goodscents,leffingwell"
CC(C)=CCO,CC(C)=CCO,alcoholic;fermented;fruity;green;herbal;lavender;sweet,7,"aromadb,flavornet,goodscents,leffingwell"
CCCOC(=O)CC(C)C,CCCOC(=O)CC(C)C,apple;bitter;fruity;sweet,4,"goodscents,leffingwell"
C=CCOCC,C=CCOCC,ethereal,1,leffingwell
CC1=CCC(O)(C(C)C)CC1,CC1=CCC(O)(C(C)C)CC1,citrus;earthy;green;musty;peppery;spicy;sweet;terpenic;woody,9,"aromadb,flavornet,goodscents,leffingwell"
CC(=O)C(C)C,CC(=O)C(C)C,camphor;camphoreous;ethereal;ketonic,4,"flavornet,goodscents,leffingwell"
CCC(C)C(C)O,CCC(C)C(C)O,alcoholic;ethereal;fruity;green;solvent,5,leffingwell
CCC(C)C(C)=O,CCC(C)C(C)=O,fermented;fruity;ketonic,3,leffingwell
CCC(=O)C(C)C,CCC(=O)C(C)C,ethereal;fruity;ketonic;minty,4,"flavornet,goodscents,leffingwell"
CC(C)C(=O)C(C)C,CC(C)C(=O)C(C)C,cheesy;ethereal;fruity;herbal;ketonic,5,leffingwell
Cc1cccc(C)c1O,Cc1cccc(C)c1O,coffee;medicinal;phenolic;smoky;sweet,5,"goodscents,leffingwell"
CC(=O)c1ccccc1C,CC(=O)c1ccccc1C,almond;anise;aromatic;burnt;coconut;coumarinic;floral;hawthorn;hay;honey;nutty;phenolic;powdery;sweet,14,"aromadb,goodscents,leffingwell"
CC(=O)C(=O)c1ccccc1,CC(=O)C(=O)c1ccccc1,buttery;creamy;honey;milky;plastic;pungent;spicy;sweet,8,"aromadb,goodscents,leffingwell"
COc1ccccc1C(=O)O,COc1ccccc1C(=O)O,odorless,1,leffingwell
C=CCOC(=O)c1ccccc1,C=CCOC(=O)c1ccccc1,berry;cherry;floral;fruity;sweet,5,"goodscents,leffingwell"
CCCCOC(=O)c1ccco1,CCCCOC(=O)c1ccco1,caramel;floral;fruity,3,"goodscents,leffingwell"
CC1CCCCC1=O,CC1CCCCC1=O,almond;cooling;earthy;ketonic;minty,5,"goodscents,leffingwell"
Cc1cccnc1C,Cc1cccnc1C,roasted,1,leffingwell
CCC(O)CC,CCC(O)CC,ethereal;fermented;fruity;herbal;nutty;oily;sweet,7,"flavornet,goodscents,leffingwell"
CCCCCC(=O)C(C)=O,CCCCCC(=O)C(C)=O,aldehydic;bark;buttery;cheesy;creamy;earthy;fatty;herbal;sweet,9,"goodscents,leffingwell"
CC(C)(C)c1cccc(O)c1,CC(C)(C)c1cccc(O)c1,leathery;phenolic;spicy,3,leffingwell
CC1=CCC(=C(C)C)CC1,CC1=CCC(=C(C)C)CC1,anise;citrus;fresh;herbal;lemon;peel;pine;plastic;sweet;woody,10,"aromadb,flavornet,goodscents,leffingwell"
CC(C)C1=CCC(C)(O)CC1,CC(C)C1=CCC(C)(O)CC1,dry;musty;pine;woody,4,"flavornet,goodscents,leffingwell"
Cc1ccc(CO)cc1,Cc1ccc(CO)cc1,balsamic;floral;green;leafy;mild;rose;sweet,7,"goodscents,leffingwell"
CCCC(C)CC,CCCC(C)CC,gasoline,1,leffingwell
CCC(C)CCO,CCC(C)CCO,cocoa;cognac;fermented;fruity;green;pungent;winey,7,"goodscents,leffingwell"
CCCC(=O)CC,CCCC(=O)CC,ethereal;fruity;grape;rummy;sweet;waxy;winey,7,"flavornet,goodscents,leffingwell"
CCC(C)CC(C)C,CCC(C)CC(C)C,gasoline,1,leffingwell
CCCC(O)CCC,CCCC(O)CCC,alcoholic;fruity;grass;green;pungent,5,"aromadb,goodscents,leffingwell"
CC(C)COC(=O)CC(C)C,CC(C)COC(=O)CC(C)C,apple;banana;fruity;green;raspberry;sweet,6,"goodscents,leffingwell"
CCCCCCCC(=O)OCCCC,CCCCCCCC(=O)OCCCC,buttery;ethereal;floral;fruity;green;herbal;oily,7,"flavornet,goodscents,leffingwell"
CCCCC(O)CC,CCCCC(O)CC,bitter;fermented;fruity;green;herbaceous;herbal;lavender;medicinal;pungent;sweet,10,"aromadb,flavornet,goodscents,leffingwell"
CC1CCC(=O)CC1,CC1CCC(=O)CC1,animal;anise;minty;musty;solvent,5,"goodscents,leffingwell"
CCCCCC(O)CC,CCCCCC(O)CC,citrus;creamy;earthy;fermented;green;herbal;melon;milky;minty;mushroom;musty;nut;nutty;oily;spicy;waxy;woody,17,"flavornet,goodscents,leffingwell"
CCCCOC(=O)CC,CCCCOC(=O)CC,apricot;banana;cherry;earthy;estery;ethereal;fruity;ripe;rose;rum;rummy;sweet,12,"aromadb,goodscents,leffingwell"
CCCC(C)(C)O,CCCC(C)(C)O,alcoholic;camphoreous;fermented;minty;pungent;solvent,6,"flavornet,goodscents,leffingwell"
CCCCC(C)(C)C,CCCCC(C)(C)C,gasoline,1,leffingwell
CC(C)CC=O,CC(C)CC=O,aldehydic;almond;cheesy;chocolate;cocoa;ethereal;fatty;fruity;green;peach;pungent,11,"aromadb,flavornet,goodscents,leffingwell"
CC1C=CC(=O)O1,CC1C=CC(=O)O1,coumarinic;herbal;nutty;sweet;tobacco,5,leffingwell
CC1=CCC(=O)O1,CC1=CCC(=O)O1,bread;coconut;coumarinic;nutty;oily;solvent;sweet;tobacco,8,"aromadb,goodscents,leffingwell"
Cc1cncc(C)c1,Cc1cncc(C)c1,fatty;green,2,leffingwell
CC1CCCC(=O)C1,CC1CCCC(=O)C1,camphoreous;ethereal;fresh;ketonic;medicinal;minty;solvent,7,"goodscents,leffingwell"
COc1cccc(C=O)c1,COc1cccc(C=O)c1,anise;cinnamon;floral;spicy;sweet,5,"goodscents,leffingwell"
CCCCOC(=O)CC(C)=O,CCCCOC(=O)CC(C)=O,brandy;fermented;fruity;sweet;winey,5,"aromadb,goodscents,leffingwell"
CC(=O)CCC(=O)O,CC(=O)CCC(=O)O,acidic;buttery;caramel;creamy;sweet;vanilla,6,"goodscents,leffingwell"
CCCCC(C)=O,CCCCC(C)=O,buttery;cheesy;fruity;ketonic;meaty;milky,6,"flavornet,goodscents,leffingwell"
C=CCOC(C)=O,C=CCOC(C)=O,anise;ethereal;fruity;pungent;rum;winey,6,leffingwell
CC(=O)COC(C)=O,CC(=O)COC(C)=O,buttery;caramel;fermented;fruity;milky;nutty;sour,7,"goodscents,leffingwell"
CCCCN=C=S,CCCCN=C=S,cabbage;fruity;green;pungent;radish;sulfur;vegetable,7,"aromadb,flavornet,goodscents,leffingwell"
CCCCOC=O,CCCCOC=O,brandy;ethereal;fruity;plum;rum;rummy,6,"goodscents,leffingwell"
C=CCSCC=C,C=CCSCC=C,garlic;horseradish;metallic;onion;pungent;sulfur;sweet,7,"goodscents,leffingwell"
CCCCCCCCCCCC(C)=O,CCCCCCCCCCCC(C)=O,chicken;coconut;earthy;fatty;herbal;milky;mushroom;nutty;spicy;waxy,10,"goodscents,leffingwell"
CCCCCCCCCCCCCCCCCC,CCCCCCCCCCCCCCCCCC,gasoline;waxy,2,"flavornet,leffingwell"
C=CC(C)O,C=CC(C)O,balsamic;fermented;gasoline;green,4,"aromadb,leffingwell"
CC(C)C(C)O,CC(C)C(C)O,alcoholic;cheesy;cocoa;ethereal;fermented;fruity;musty;solvent;vegetable,9,"goodscents,leffingwell"
CCC(=O)C(C)=O,CCC(=O)C(C)=O,buttery;caramel;cheesy;creamy;fatty;nutty;oily;pungent;sweet,9,"flavornet,goodscents,leffingwell"
COC(=O)C(C)=O,COC(=O)C(C)=O,caramel;fruity;spicy;sweet,4,leffingwell
CC(C)C(O)C(C)C,CC(C)C(O)C(C)C,alcoholic;solvent;sweet,3,leffingwell
CC(C)OC(=O)c1ccccc1O,CC(C)OC(=O)c1ccccc1O,bark;fruity;green;herbal;sweet,5,"goodscents,leffingwell"
COC(=O)c1ccco1,COC(=O)c1ccco1,caramel;earthy;fruity;mushroom;sweet;tobacco;winey,7,"goodscents,leffingwell"
CCOc1ccccc1C=O,CCOc1ccccc1C=O,anise;aromatic;spicy;sweet,4,leffingwell
Cc1ccc(OC(=O)c2ccccc2)cc1,Cc1ccc(OC(=O)c2ccccc2)cc1,aromatic;floral,2,leffingwell
CCOC(=O)c1ccco1,CCOC(=O)c1ccco1,balsamic;burnt;floral;fruity,4,"goodscents,leffingwell"
CCCOC(=O)c1ccco1,CCCOC(=O)c1ccco1,burnt;chocolate;earthy;fruity;herbal;mushroom;sweet,7,"goodscents,leffingwell"
CSc1nc2ccccc2s1,CSc1nc2ccccc2s1,burnt;fatty;roasted;smoky;sulfur;woody,6,"goodscents,leffingwell"
C=CC(O)CC,C=CC(O)CC,ethereal;fruity;garlic;grassy;green;horseradish;pungent;radish;tropical;vegetable,10,"flavornet,goodscents,leffingwell"
COC(=O)OC,COC(=O)OC,ethereal,1,leffingwell
Cc1ccsc1,Cc1ccsc1,fatty;pungent;sulfur,3,leffingwell
CCOC(=O)c1ccc(O)c(OC)c1,CCOC(=O)c1ccc(O)c(OC)c1,burnt;floral;fruity;metallic;phenolic;powdery;smoky;spicy;sweet;vanilla,10,"flavornet,goodscents,leffingwell"
CCCC(O)C(C)C,CCCC(O)C(C)C,camphoreous;floral;green;leafy;musty,5,leffingwell
CCOC(=O)C(C)=O,CCOC(=O)C(C)=O,caramel;ethereal;fruity;rummy;sweet;vegetable,6,"goodscents,leffingwell"
CC(C)OC(=O)C(C)C,CC(C)OC(=O)C(C)C,citrus;fresh;fruity;pear;pineapple;sweet,6,"goodscents,leffingwell"
CC(C)(O)c1ccccc1,CC(C)(O)c1ccccc1,earthy;fatty;floral;green;herbal;sweet;woody,7,"goodscents,leffingwell"
CC(C)c1cccc(O)c1,CC(C)c1cccc(O)c1,animal;leathery;medicinal;phenolic,4,leffingwell
C=C(C)C1CCC(C)C(O)C1,C=C(C)C1CCC(C)C(O)C1,camphoreous;cooling;floral;fresh;herbal;minty;musty;spicy;sweet;terpenic;woody,11,"aromadb,flavornet,goodscents,leffingwell"
Cc1ccc(C=O)o1,Cc1ccc(C=O)o1,almond;bread;bready;brown;burnt;caramel;coffee;nutty;spicy;sweet,10,"aromadb,flavornet,goodscents,leffingwell"
CCc1cccc(O)c1,CCc1cccc(O)c1,musty;phenolic,2,"flavornet,goodscents,leffingwell"
Cc1cccc(C=O)c1,Cc1cccc(C=O)c1,almond;bitter;chemical;cherry;coumarinic;fruity;phenolic;powdery;sweet,9,"goodscents,leffingwell"
COc1ccc(C=O)cc1O,COc1ccc(C=O)cc1O,floral;hay;herbal;vanilla,4,leffingwell
CC(=O)OC1CCCCC1,CC(=O)OC1CCCCC1,apple;banana;ethereal;fruity;musty;solvent;sweet,7,"goodscents,leffingwell"
CCOc1ccc(O)cc1,CCOc1ccc(O)cc1,animal;anise;hawthorn;herbal;nutty;phenolic;plastic;smoky;sweet,9,"goodscents,leffingwell"
CC(=O)OCc1ccco1,CC(=O)OCc1ccco1,banana;ethereal;floral;fruity;horseradish;sweet,6,"goodscents,leffingwell"
CCCC(O)CC,CCCC(O)CC,alcoholic;apple;ethereal;fermented;fruity;green;medicinal;pineapple;rummy;solvent;tropical,11,"goodscents,leffingwell"
CCCC(=O)OC,CCCC(=O)OC,apple;banana;buttery;creamy;ethereal;fermented;fruity;pineapple;pungent;sweet,10,"flavornet,goodscents,leffingwell"
CCOC(=O)CS,CCOC(=O)CS,fruity;garlic;green;sulfur,4,leffingwell
CC(=O)OCC(C)OC(C)=O,CC(=O)OCC(C)OC(C)=O,fruity,1,"aromadb,goodscents,leffingwell"
CCOC(=O)CCCCCCCC(=O)OCC,CCOC(=O)CCCCCCCC(=O)OCC,fatty;fruity;oily,3,leffingwell
CCCCC(=O)OC,CCCCC(=O)OC,apple;estery;ethereal;fruity;green;juicy;nutty;pineapple;sweet,9,"goodscents,leffingwell"
CCC(C)COC(C)=O,CCC(C)COC(C)=O,apple;banana;estery;ethereal;fruity;juicy;ripe;sweet;tropical,9,"flavornet,goodscents,leffingwell"
CCC(=O)CCC(C)C,CCC(=O)CCC(C)C,camphoreous;fruity;herbal;ketonic,4,leffingwell
CCCCCCC(O)CC,CCCCCCC(O)CC,earthy;herbal;oily;spicy,4,"goodscents,leffingwell"
CCCCCOC(=O)CC,CCCCCOC(=O)CC,apple;apricot;banana;fruity;pineapple;sweet;tropical,7,"goodscents,leffingwell"
CCSC,CCSC,cabbage;coffee;garlic;meaty;metallic;savory;sulfur;tomato;vegetable,9,"flavornet,goodscents,leffingwell"
CSSC,CSSC,cabbage;onion;sulfur;vegetable,4,"aromadb,flavornet,goodscents,leffingwell"
CCC(C)(C)OC(C)=O,CCC(C)(C)OC(C)=O,banana;fresh;fruity;minty,4,leffingwell
CC(C)OC=O,CC(C)OC=O,cocoa;ethereal;fruity;solvent;sweet;tropical,6,"goodscents,leffingwell"
CC(C)SC(C)C,CC(C)SC(C)C,garlic;onion;savory;sulfur;vegetable,5,"goodscents,leffingwell"
Cc1ccc(C)[nH]1,Cc1ccc(C)[nH]1,animal;burnt;earthy;green,4,leffingwell
Cc1ccc(C)o1,Cc1ccc(C)o1,chemical;cognac;ethereal;meaty;roasted;rum;solvent,7,"goodscents,leffingwell"
CCCC(C)OC(C)=O,CCCC(C)OC(C)=O,animal;banana;fruity;green;herbal;juicy;ketonic;musty;nut;nutty;orange;ripe;skin;vegetable;weedy,15,"goodscents,leffingwell"
CCCCCC(=O)OCCC,CCCCCC(=O)OCCC,fruity;green;juicy;pineapple;sweet;tropical,6,"flavornet,goodscents,leffingwell"
CCCCCC(=O)OCCCC,CCCCCC(=O)OCCCC,apple;berry;cognac;fermented;floral;fruity;green;juicy;pineapple;soap;waxy;winey,12,"aromadb,flavornet,goodscents,leffingwell"
CC(C)CCCO,CC(C)CCCO,fermented;fruity;green;herbal;nutty;oily,6,"goodscents,leffingwell"
CCCCC(C)O,CCCCC(C)O,alcoholic;berry;chemical;earthy;fatty;fermented;fruity;grass;green;metallic;mushroom;musty;oily;ripe;solvent;terpenic;winey,17,"aromadb,goodscents,leffingwell"
CCCCCCCCCCC(=O)OCC,CCCCCCCCCCC(=O)OCC,buttery;cheesy;coconut;cognac;creamy;fatty;fruity;soap;waxy,9,"flavornet,goodscents,leffingwell"
COC(=O)CCCCC(=O)OC,COC(=O)CCCCC(=O)OC,alcoholic;fruity;nutty;sweet;winey,5,"aromadb,goodscents,leffingwell"
CC(C)CCCCO,CC(C)CCCCO,alcoholic;fermented;oily;solvent,4,leffingwell
CCCCSC,CCCCSC,garlic;green;meaty;onion;sulfur;vegetable,6,"goodscents,leffingwell"
CC(C)CCCC(=O)O,CC(C)CCCC(=O)O,cheesy;fatty;fruity;oily;sour,5,"goodscents,leffingwell"
CCCCCOC(C)=O,CCCCCOC(C)=O,apple;banana;ethereal;fruity;pear,5,"goodscents,leffingwell"
CCCCCCCCCCCCCCCC(=O)OCC,CCCCCCCCCCCCCCCC(=O)OCC,balsamic;creamy;fruity;milky;oily;sweet;waxy,7,"flavornet,goodscents,leffingwell"
CCCCCCCC(C)O,CCCCCCCC(C)O,cheesy;citrus;creamy;cucumber;fruity;green;milky;musty;orange;waxy,10,"flavornet,goodscents,leffingwell"
CCCSSCCC,CCCSSCCC,burnt;earthy;fresh;garlic;green;metallic;onion;sulfur;tropical,9,"goodscents,leffingwell"
CCCCSSCCCC,CCCCSSCCCC,garlic;green;sulfur;vegetable,4,"goodscents,leffingwell"
CCCCCCCCCCCCC,CCCCCCCCCCCCC,gasoline,1,"flavornet,leffingwell"
CCCCCCCCCCCCCC,CCCCCCCCCCCCCC,gasoline;mild;waxy,3,"flavornet,goodscents,leffingwell"
CCCCCCCCCCCCCCC,CCCCCCCCCCCCCCC,gasoline;waxy,2,"flavornet,goodscents,leffingwell"
CCCCCCCCCCCCCCCCOC(C)=O,CCCCCCCCCCCCCCCCOC(C)=O,sweet;waxy,2,leffingwell
CCCCCCCCCCCCCCCO,CCCCCCCCCCCCCCCO,fatty;floral;waxy,3,leffingwell
CCCCCCCCCCCCCCCCC,CCCCCCCCCCCCCCCCC,gasoline;waxy,2,"flavornet,leffingwell"
COc1cccc(OC)c1OC,COc1cccc(OC)c1OC,leathery;phenolic;smoky;spicy,4,leffingwell
CCC(=O)Oc1ccccc1,CCC(=O)Oc1ccccc1,floral;honey;phenolic,3,leffingwell
CC(=O)OCC1CCCO1,CC(=O)OCC1CCCO1,bread;brown;caramel;cognac;cooked;ethereal;fruity;nutty;rum;rummy;sweet,11,"aromadb,goodscents,leffingwell"
C=Cc1ccc(OC)cc1,C=Cc1ccc(OC)cc1,rose;sweet,2,"flavornet,goodscents,leffingwell"
CCC(=O)OC(C)C,CCC(=O)OC(C)C,banana;ethereal;fruity;pineapple;plum;rum;sweet,7,"goodscents,leffingwell"
Cc1ccc(C)s1,Cc1ccc(C)s1,fresh;green;nutty;onion;sulfur,5,"goodscents,leffingwell"
CCOC(=O)C=C(C)C,CCOC(=O)C=C(C)C,apple;chamomile;fruity;pineapple;sweet,5,leffingwell
CC1NC(C)SC(C)S1,CC1NC(C)SC(C)S1,beefy;brothy;chicken;earthy;hazelnut;meaty;nutty;roasted;sulfur,9,"goodscents,leffingwell"
CCCCSCC,CCCCSCC,garlic;green;meaty;sulfur;vegetable,5,leffingwell
CCCCCOC=O,CCCCCOC=O,banana;earthy;ethereal;fresh;fruity;green;sweet;winey,8,"goodscents,leffingwell"
CCCCCCCCCCCCC(=O)O,CCCCCCCCCCCCC(=O)O,fatty;waxy;woody,3,"goodscents,leffingwell"
Cc1ccc(-c2ccccc2)cc1,Cc1ccc(-c2ccccc2)cc1,anise;cooling;floral;grape;minty;spicy;waxy,7,"goodscents,leffingwell"
CCCc1ccccc1O,CCCc1ccccc1O,balsamic;medicinal;phenolic;smoky;spicy,5,"goodscents,leffingwell"
CCCOC(=O)C(C)C,CCCOC(=O)C(C)C,berry;estery;fruity;juicy;melon;pineapple;ripe;sweet;tropical,9,"goodscents,leffingwell"
CC(=O)c1ccc(C(C)C)cc1,CC(=O)c1ccc(C(C)C)cc1,herbaceous;herbal;orris;spicy;woody,5,"aromadb,goodscents,leffingwell"
CCCc1ccc(O)cc1,CCCc1ccc(O)cc1,medicinal;phenolic,2,"goodscents,leffingwell"
CC(C)CCC(=O)O,CC(C)CCC(=O)O,cheesy;pungent;sour,3,"goodscents,leffingwell"
CCCCCCCCCCCCCCCCCC(=O)OCC(C)C,CCCCCCCCCCCCCCCCCC(=O)OCC(C)C,fatty;mild;odorless,3,"goodscents,leffingwell"
CC(C)CCOC(=O)CC(C)C,CC(C)CCOC(=O)CC(C)C,apple;apricot;cognac;estery;fruity;green;jammy;pineapple;ripe;sweet;tropical,11,"aromadb,goodscents,leffingwell"
C=CCCCCCCCCC(=O)OCC,C=CCCCCCCCCC(=O)OCC,clean;cognac;creamy;fatty;fruity;green;soap;sweet;waxy;winey,10,"goodscents,leffingwell"
CCCCCCCCC(C)=O,CCCCCCCCC(C)=O,fatty;floral;orange;peach,4,"goodscents,leffingwell"
Cc1cscn1,Cc1cscn1,garlic;green;meaty;nutty;ripe;roasted;tomato;tropical;vegetable,9,"flavornet,goodscents,leffingwell"
CCC1CCC(=O)O1,CCC1CCC(=O)O1,coconut;coumarinic;creamy;hay;herbal;sweet;tobacco;woody,8,"flavornet,goodscents,leffingwell"
CCCC1CCCC(=O)O1,CCCC1CCCC(=O)O1,coconut;coumarinic;creamy;fatty;green;lactonic;milky;peach;sweet;tropical,10,"flavornet,goodscents,leffingwell"
CSSCc1ccccc1,CSSCc1ccccc1,cabbage;green;metallic;onion;sulfur;vegetable,6,"goodscents,leffingwell"
CC(=O)CCc1ccco1,CC(=O)CCc1ccco1,caramel;fruity;spicy,3,"goodscents,leffingwell"
CCCCCC1CCCC(=O)O1,CCCCCC1CCCC(=O)O1,buttery;coconut;creamy;fatty;fresh;fruity;lactonic;milky;nutty;oily;peach;sweet,12,"aromadb,flavornet,goodscents,leffingwell"
CCCCCCC1CCC(=O)O1,CCCCCCC1CCC(=O)O1,buttery;caramel;coconut;creamy;fatty;fresh;fruity;oily;peach;sweet;waxy,11,"aromadb,flavornet,goodscents,leffingwell"
CCCCCCCC1CCCC(=O)O1,CCCCCCCC1CCCC(=O)O1,apricot;buttery;coconut;creamy;fatty;fresh;fruity;lactonic;metallic;milky;oily;peach;sweet;tropical,14,"flavornet,goodscents,leffingwell"
C=C(C)CCO,C=C(C)CCO,fresh;fruity;green;herbal;sweet,5,"goodscents,leffingwell"
CSCc1ccccc1,CSCc1ccccc1,beefy;burnt;chicken;horseradish;meaty;roasted;savory;sulfur,8,"goodscents,leffingwell"
C=C(C)C(C)=O,C=C(C)C(C)=O,pungent,1,leffingwell
CCOC(=O)CCCC(=O)OCC,CCOC(=O)CCCC(=O)OCC,fruity;winey,2,leffingwell
CCCC(=O)OC(C)CC,CCCC(=O)OC(C)CC,apple;apricot;banana;fruity;pear;pineapple;rum;sweet,8,leffingwell
C=CCCCO,C=CCCCO,fermented;fruity;green,3,leffingwell
CCCCCCCC(C)=O,CCCCCCCC(C)=O,cheesy;coconut;earthy;fatty;fresh;fruity;green;herbal;soap;sweet;waxy;weedy,12,"flavornet,goodscents,leffingwell"
CC1CCCC(=O)O1,CC1CCCC(=O)O1,buttery;chocolate;coconut;coumarinic;creamy;fruity;herbal;sweet,8,"goodscents,leffingwell"
CC1(C)SC(C)(C)SC(C)(C)S1,CC1(C)SC(C)(C)SC(C)(C)S1,black;burnt;chicken;cooling;currant;earthy;fruity;grapefruit;green;meaty;sulfur;tropical,12,"goodscents,leffingwell"
CCC(C)C(=O)OC,CCC(C)C(=O)OC,apple;berry;estery;ethereal;fatty;fruity;green;lily;milky;powdery;ripe;sweet;tropical,13,"flavornet,goodscents,leffingwell"
C=CCS,C=CCS,cooked;garlic;meaty;onion;pungent;roasted;sulfur;sweet,8,"aromadb,goodscents,leffingwell"
CCCCCSCCCCC,CCCCCSCCCCC,garlic;green;meaty;sulfur;vegetable,5,leffingwell
CCc1cccs1,CCc1cccs1,green,1,leffingwell
CC1CC(=O)CC(C)(C)C1,CC1CC(=O)CC(C)(C)C1,herbal;honey;minty;sweet;tobacco,5,leffingwell
c1ccc(SSc2ccccc2)cc1,c1ccc(SSc2ccccc2)cc1,burnt;earthy;garlic;meaty;sulfur,5,"goodscents,leffingwell"
COC(=O)C=C(C)C,COC(=O)C=C(C)C,apple;chamomile;ethereal;fruity;herbal;ripe;sweet,7,leffingwell
CCCOC(=O)CCC(=O)OCCC,CCCOC(=O)CCC(=O)OCCC,fruity;winey,2,leffingwell
CCCCCC(=O)CCCCC,CCCCCC(=O)CCCCC,cheesy;creamy;earthy;fatty;milky;mushroom;waxy,7,leffingwell
CC(=O)CCCC(C)C,CC(=O)CCCC(C)C,herbal;ketonic;minty;spicy,4,leffingwell
CCCCCCCC(=O)CC,CCCCCCCC(=O)CC,citrus;fatty;floral;fruity;green;orange;waxy,7,"goodscents,leffingwell"
O=C1C=CCCC1,O=C1C=CCCC1,green;minty;roasted;savory,4,"flavornet,goodscents,leffingwell"
CCc1ccc(C(C)=O)cc1,CCc1ccc(C(C)=O)cc1,balsamic;floral;hawthorn;herbal;pungent;sweet;warm,7,"goodscents,leffingwell"
CC(C)OC(=O)c1ccccc1,CC(C)OC(=O)c1ccccc1,balsamic;floral;fruity;sweet,4,"flavornet,goodscents,leffingwell"
CC(=O)c1cccc2ccccc12,CC(=O)c1cccc2ccccc12,floral;orange;orangeflower;powdery;sweet,5,"goodscents,leffingwell"
CC(=O)c1ccc(C(C)(C)C)cc1,CC(=O)c1ccc(C(C)(C)C)cc1,balsamic;floral;herbal;sweet,4,leffingwell
CCCCCCCCCCCCCCC(=O)O,CCCCCCCCCCCCCCC(=O)O,fatty;waxy,2,"goodscents,leffingwell"
O=C1CCCS1,O=C1CCCS1,burnt;garlic;sulfur,3,"aromadb,goodscents,leffingwell"
O=Cc1ccc[nH]1,O=Cc1ccc[nH]1,beefy;burnt;coffee;musty;nutty;pungent;roasted,7,"goodscents,leffingwell"
CC1CCC(C)O1,CC1CCC(C)O1,ethereal;gasoline;minty;solvent;sweet,5,leffingwell
CCCCC1CCCO1,CCCCC1CCCO1,aromatic;fatty;green;solvent;sweet,5,leffingwell
CC(=O)c1ccc[nH]1,CC(=O)c1ccc[nH]1,bread;bready;cherry;coumarinic;licorice;musty;nut;nutty;skin;tea,10,"aromadb,flavornet,goodscents,leffingwell"
COc1cc(C)ccc1C(C)C,COc1cc(C)ccc1C(C)C,burnt;herbal;smoky;spicy;woody,5,"goodscents,leffingwell"
CCCCCCCC(=O)OCCCCCC,CCCCCCCC(=O)OCCCCCC,apple;berry;estery;fatty;fruity;green;herbal;waxy,8,"flavornet,goodscents,leffingwell"
C=CC(OC(=O)CC(C)C)C(C)CC=C(C)C,C=CC(OC(=O)CC(C)C)C(C)CC=C(C)C,apricot;bergamot;citrus;fruity;herbal;lavender;peach;sweet,8,"goodscents,leffingwell"
C=CC(=C)CCCC(C)(C)OC(C)=O,C=CC(=C)CCCC(C)(C)OC(C)=O,bark;bergamot;citrus;floral;fresh;herbal;lavender;pear;sweet;woody,10,"goodscents,leffingwell"
CCCCCCCCCCC,CCCCCCCCCCC,gasoline,1,"flavornet,leffingwell"
CC1=C(C)C(=O)CC1,CC1=C(C)C(=O)CC1,burnt;caramel;fruity;ketonic;roasted,5,leffingwell
CC(=O)c1ccccn1,CC(=O)c1ccccn1,fatty;musty;nutty;popcorn;tobacco,5,"aromadb,flavornet,goodscents,leffingwell"
CC(CO)c1ccccc1,CC(CO)c1ccccc1,balsamic;floral;fruity;green;hawthorn;hyacinth;spicy;sweet,8,"goodscents,leffingwell"
Cc1nc(C)c(C)nc1C,Cc1nc(C)c(C)nc1C,brown;burnt;chocolate;cocoa;coffee;dry;musty;nutty;vanilla,9,"goodscents,leffingwell"
COc1ccc(C(C)=O)cc1OC,COc1ccc(C(C)=O)cc1OC,almond;balsamic;floral;sweet;vanilla;woody,6,"goodscents,leffingwell"
C=C1CCC2OC2(C)CCC2C1CC2(C)C,C=C1CCC2OC2(C)CCC2C1CC2(C)C,dry;fresh;herbal;spicy;sweet;tobacco;woody,7,"aromadb,flavornet,goodscents,leffingwell"
CCCCCC(C)C(=O)O,CCCCCC(C)C(=O)O,cheesy;fatty;green;oily;sour;waxy,6,"goodscents,leffingwell"
CC(=O)OCC=C(C)C,CC(=O)OCC=C(C)C,apple;balsamic;banana;fresh;fruity;green;jasmin;ripe;sweet,9,"goodscents,leffingwell"
SCCCCCCS,SCCCCCCS,burnt;fatty;meaty;mushroom;savory;sulfur,6,"goodscents,leffingwell"
SCCCCCCCCS,SCCCCCCCCS,earthy;meaty;mushroom;sulfur,4,"goodscents,leffingwell"
Cn1cccc1C=O,Cn1cccc1C=O,burnt;nutty;roasted,3,leffingwell
CC(=O)c1ccco1,CC(=O)c1ccco1,almond;balsamic;brown;caramel;cocoa;coffee;lactonic;milky;nutty;sweet,10,"aromadb,flavornet,goodscents,leffingwell"
Cc1ccc(C=O)[nH]1,Cc1ccc(C=O)[nH]1,almond;aromatic;spicy,3,leffingwell
CC1=CC(=O)CCC1,CC1=CC(=O)CCC1,almond;caramel;cherry;fruity;minty;musty;nutty;phenolic;sweet,9,"goodscents,leffingwell"
CC(=O)c1ccc(C)o1,CC(=O)c1ccc(C)o1,caramel;coconut;coumarinic;hay;milky;musty;nutty;sweet,8,"aromadb,goodscents,leffingwell"
COc1ccc(C)cc1O,COc1ccc(C)cc1O,medicinal;phenolic;smoky;sweet;vanilla,5,leffingwell
CC12CCC(C1)C(C)(C)C2=O,CC12CCC(C1)C(C)(C)C2=O,balsamic;camphor;camphoreous;cedar;cooling;earthy;fresh;herbal;minty;pine;sweet;terpenic;woody,13,"goodscents,leffingwell"
Cc1ccc(C(C)(C)O)cc1,Cc1ccc(C(C)(C)O)cc1,camphoreous;cherry;citrus;cooling;coumarinic;floral;fruity;herbal;nutty;sweet,10,"aromadb,flavornet,goodscents,leffingwell"
COc1ccc2ncccc2c1,COc1ccc2ncccc2c1,sweet,1,leffingwell
CCCCCCCCCCCCCCCCCC(=O)OCC(C)O,CCCCCCCCCCCCCCCCCC(=O)OCC(C)O,bland;odorless,2,"goodscents,leffingwell"
C=C1CCC2CC1C2(C)C,C=C1CCC2CC1C2(C)C,camphoreous;cooling;dry;fresh;green;hay;herbal;minty;peppery;pine;spicy;sweet;terpenic;woody,14,"aromadb,flavornet,goodscents,leffingwell"
CCCCCCCCCCCCCCCCCC(=O)OCC(O)[C@H]1OC[C@@H](O)[C@@H]1O,CCCCCCCCCCCCCCCCCC(=O)OCC(O)C1OCC(O)C1O,bland;oily;waxy,3,"goodscents,leffingwell"
c1coc(Cn2cccc2)c1,c1coc(Cn2cccc2)c1,bready;coffee;earthy;fruity;garlic;green;mushroom;plastic;potato;pungent;radish;smoky;vegetable;waxy,14,"goodscents,leffingwell"
CC(=O)c1cc(C)ccc1O,CC(=O)c1cc(C)ccc1O,aromatic;cherry;coumarinic;floral;herbaceous;herbal;honey;phenolic;spicy;sweet,10,"aromadb,goodscents,leffingwell"
CCCCCCCCCCCCCCCCCO,CCCCCCCCCCCCCCCCCO,odorless,1,leffingwell
COC(=O)CC(C)O,COC(=O)CC(C)O,apple;fresh;fruity;grape;green;nutty;winey,7,"aromadb,goodscents,leffingwell"
CCC(C)CCC(=O)O,CCC(C)CCC(=O)O,cheesy;fatty;fruity;sour,4,"goodscents,leffingwell"
SC1CCCCC1,SC1CCCCC1,garlic;horseradish;meaty;onion;sulfur;vegetable,6,"goodscents,leffingwell"
CCC(=O)COC(C)=O,CCC(=O)COC(C)=O,buttery;creamy;fruity;grape;nutty;winey,6,leffingwell
CCCCCC1OCC(C)O1,CCCCCC1OCC(C)O1,clean;fresh;fruity;green;licorice;pineapple;sweet;vegetable;waxy,9,"goodscents,leffingwell"
CSCSC,CSCSC,garlic;green;horseradish;meaty;metallic;mushroom;onion;pungent;spicy;sulfur,10,"flavornet,goodscents,leffingwell"
C=CC(=O)CC,C=CC(=O)CC,ethereal;fishy;garlic;onion;peppery;pungent;radish;spicy,8,"flavornet,goodscents,leffingwell"
C=CC(=O)CCC,C=CC(=O)CCC,cooked;green;metallic;vegetable,4,"flavornet,goodscents,leffingwell"
COC(C)(C)C,COC(C)(C)C,ethereal;fresh;gasoline;minty;winey,5,"goodscents,leffingwell"
CCCCCCCS,CCCCCCCS,fatty;meaty;onion;savory;sulfur;vegetable,6,"goodscents,leffingwell"
CCCCCCCCCC(C)O,CCCCCCCCCC(C)O,citrus;fatty;floral;fresh;fruity;oily;rose;soap;waxy,9,"goodscents,leffingwell"
SC1CCCC1,SC1CCCC1,burnt;celery;garlic;horseradish;meaty;onion;vegetable,7,"goodscents,leffingwell"
CCC(C)(C)S,CCC(C)(C)S,sulfur,1,leffingwell
CC(=O)CC(=O)OC(C)(C)C,CC(=O)CC(=O)OC(C)(C)C,brandy;caramel;fermented;fruity,4,leffingwell
OC1CCCCCCCCCCC1,OC1CCCCCCCCCCC1,camphoreous;earthy;woody,3,leffingwell
CCCCCCCCCC,CCCCCCCCCC,gasoline;sweet,2,"aromadb,flavornet,leffingwell"
CCCCCCCCCCCOC(C)=O,CCCCCCCCCCCOC(C)=O,clean;fatty;oily;rose;waxy,5,"goodscents,leffingwell"
CCCCCCCCC(=O)OC,CCCCCCCCC(=O)OC,coconut;fruity;green;nutty;pear;sweet;tropical;waxy;winey,9,"flavornet,goodscents,leffingwell"
CCCCCCCCCCC(=O)OC,CCCCCCCCCCC(=O)OC,fatty;fruity;oily;sweet;waxy;winey,6,"goodscents,leffingwell"
CCCCCCCCCCCCC(=O)OC,CCCCCCCCCCCCC(=O)OC,fatty;oily;waxy,3,leffingwell
CC(C)=CC(=O)OC(C)C,CC(C)=CC(=O)OC(C)C,chamomile;cooling;green;minty;spicy;sweet;vegetable,7,"goodscents,leffingwell"
COC(OC)C(C)C,COC(OC)C(C)C,apple;ethereal;fermented;fresh;fruity;malty,6,leffingwell
CC1CCCS1,CC1CCCS1,garlic;savory;sulfur,3,leffingwell
C=CCOC(=O)Cc1ccccc1,C=CCOC(=O)Cc1ccccc1,fruity;honey;pineapple;rummy;sweet,5,"aromadb,goodscents,leffingwell"
CCC(C)CS,CCC(C)CS,meaty;sulfur,2,"goodscents,leffingwell"
CC(C)CCCC(C)CCCC(C)CCCC(C)C,CC(C)CCCC(C)CCCC(C)CCCC(C)C,fishy;oily;waxy,3,leffingwell
CCOC(=O)CCc1ccccc1,CCOC(=O)CCc1ccccc1,floral;fruity;honey;hyacinth;rose;rum;rummy;sweet,8,"flavornet,goodscents,leffingwell"
CCCCCCCC(=O)OCCC(C)C,CCCCCCCC(=O)OCCC(C)C,coconut;cognac;fatty;fruity;green;oily;pineapple;soap;sweet;waxy;winey,11,"goodscents,leffingwell"
CCCCCOC(=O)c1ccccc1,CCCCCOC(=O)c1ccccc1,amber;balsamic;floral;fruity;green;musty;sweet,7,"goodscents,leffingwell"
CCCCCOC(=O)c1ccccc1O,CCCCCOC(=O)c1ccccc1O,balsamic;chocolate;floral;green;herbal;sweet,6,"goodscents,leffingwell"
C=CCSSSCC=C,C=CCSSSCC=C,garlic;green;metallic;onion;pungent;roasted;savory;sulfur,8,"aromadb,goodscents,leffingwell"
C=CCOC(=O)CCC,C=CCOC(=O)CCC,apple;apricot;fruity;green;peach;pineapple;pungent;sweet;tropical;waxy,10,"aromadb,goodscents,leffingwell"
CCCCOC(=O)CCC(C)=O,CCCCOC(=O)CCC(C)=O,caramel;fatty;fruity;herbal;savory;sweet;waxy,7,"aromadb,goodscents,leffingwell"
C=CCCC=O,C=CCCC=O,green;malty;roasted,3,"goodscents,leffingwell"
C=C(C)C1CC=C(C=O)CC1,C=C(C)C1CC=C(C=O)CC1,cherry;cinnamon;citrus;fatty;fresh;grassy;green;herbal;minty;oily;orange;pungent;spicy;sweet,14,"aromadb,flavornet,goodscents,leffingwell"
CC1=CCC(C(C)(C)OC=O)CC1,CC1=CCC(C(C)(C)OC=O)CC1,citrus;floral;fruity;herbal;lavender;woody,6,"goodscents,leffingwell"
CC(C)COc1ccc2ccccc2c1,CC(C)COc1ccc2ccccc2c1,floral;fruity;musty;orangeflower;strawberry;sweet,6,"goodscents,leffingwell"
C=CCSSCC=C,C=CCSSCC=C,garlic;metallic;onion;pungent,4,"goodscents,leffingwell"
C=CCSSCCC,C=CCSSCCC,garlic;green;onion;savory;sulfur,5,"aromadb,goodscents,leffingwell"
CCCSSC,CCCSSC,garlic;onion;potato;radish;sulfur;tomato;vegetable,7,"goodscents,leffingwell"
CCCCCC(=O)OCCC(C)C,CCCCCC(=O)OCCC(C)C,apple;banana;cheesy;fruity;green;pineapple;pungent;sour;sweet;waxy,10,"goodscents,leffingwell"
COc1cccc2ccccc12,COc1cccc2ccccc12,orange,1,leffingwell
CCCCCCCOC(=O)CC,CCCCCCCOC(=O)CC,apricot;floral;fruity;rose;waxy;winey,6,"goodscents,leffingwell"
S=C=NCCc1ccccc1,S=C=NCCc1ccccc1,green;horseradish;pungent;radish;spicy;sulfur;vegetable,7,"goodscents,leffingwell"
CCCCCc1ccccn1,CCCCCc1ccccn1,fatty;green;herbal;meaty;mushroom;vegetable,6,"flavornet,goodscents,leffingwell"
CCCCCCCCC1CCC(=O)O1,CCCCCCCCC1CCC(=O)O1,aldehydic;fatty;floral;fruity;metallic;milky;peach;sweet;woody,9,"flavornet,goodscents,leffingwell"
CCCCCC(=O)OC(C)C,CCCCCC(=O)OC(C)C,berry;fresh;fruity;pineapple;sweet,5,"flavornet,goodscents,leffingwell"
CCCCCCCCCC(=O)OC(C)C,CCCCCCCCCC(=O)OC(C)C,fruity;green;oily;vegetable;woody,5,"goodscents,leffingwell"
CCCOC(=O)c1ccccc1,CCCOC(=O)c1ccccc1,balsamic;nutty,2,"goodscents,leffingwell"
CC1=NCCS1,CC1=NCCS1,beefy;earthy;green;meaty;musty;nutty;roasted;sulfur;vegetable,9,"goodscents,leffingwell"
CCCCCCOC(=O)C(C)C,CCCCCCOC(=O)C(C)C,apple;berry;fruity;grape;green;peach;pear;ripe;sweet;tropical;winey,11,"goodscents,leffingwell"
CCCCCC=CC=CC=O,CCCCCC=CC=CC=O,brothy;chicken;citrus;cucumber;fatty;fresh;geranium;green;melon;nutty;oily;orange;sweet;waxy,14,"aromadb,flavornet,goodscents,leffingwell"
COC(=O)CS,COC(=O)CS,fruity;garlic;green;sulfur,4,leffingwell
Cc1nc2ccccc2nc1C,Cc1nc2ccccc2nc1C,earthy;fatty;roasted,3,"goodscents,leffingwell"
CCC1C=CC(=O)O1,CCC1C=CC(=O)O1,caramel;coconut;coumarinic;fruity;spicy,5,"flavornet,goodscents,leffingwell"
CC1CCCC(C)(C)C1=O,CC1CCCC(C)(C)C1=O,camphoreous;honey;pungent;tobacco,4,"aromadb,goodscents,leffingwell"
COC(=O)CCC(C)C,COC(=O)CCC(C)C,banana;cheesy;fruity;pineapple;sweet,5,"goodscents,leffingwell"
Cc1ccc(C)c(O)c1C,Cc1ccc(C)c(O)c1C,leathery;medicinal;phenolic;smoky;spicy;woody,6,leffingwell
CC1=CCC(C(C)(C)O)CC1,CC1=CCC(C(C)(C)O)CC1,anise;citrus;clean;floral;fresh;herbal;minty;pine;sweet;terpenic;woody,11,"aromadb,flavornet,goodscents,leffingwell"
C=CC(CCCCC)OC(C)=O,C=CC(CCCCC)OC(C)=O,earthy;fresh;fruity;green;herbal;lavender;mushroom;oily,8,"goodscents,leffingwell"
CCC(C)COC(=O)C(C)CC,CCC(C)COC(=O)C(C)CC,apple;berry;estery;fruity;green;pineapple;sweet;tropical;waxy,9,"goodscents,leffingwell"
CCCCCCC=CC=O,CCCCCCC=CC=O,aldehydic;chicken;citrus;cucumber;fatty;green;melon;orris;vegetable;waxy,10,"flavornet,goodscents,leffingwell"
COc1cc(C(C)=O)cc(OC)c1O,COc1cc(C(C)=O)cc(OC)c1O,balsamic;odorless;phenolic;spicy;sweet;vanilla,6,"goodscents,leffingwell"
CC(=O)CCc1ccccc1,CC(=O)CCc1ccccc1,balsamic;floral;fresh;green;jasmine,5,"goodscents,leffingwell"
C1CCC(SSC2CCCCC2)CC1,C1CCC(SSC2CCCCC2)CC1,berry;cocoa;coffee;garlic;green;meaty;musty;nut;onion;skin,10,"goodscents,leffingwell"
CCCCCCOC(=O)CCC,CCCCCCOC(=O)CCC,apple;estery;fruity;green;peel;soap;sweet;vegetable;waxy,9,"aromadb,flavornet,goodscents,leffingwell"
CCOC(C)CC,CCOC(C)CC,berry;ethereal;floral;fresh;fruity;woody,6,"goodscents,leffingwell"
C=CCOC(=O)CCC1CCCCC1,C=CCOC(=O)CCC1CCCCC1,fruity;pineapple;sweet;tropical;waxy,5,"goodscents,leffingwell"
COC(=O)c1ccccc1NC(C)=O,COC(=O)c1ccccc1NC(C)=O,fruity;grape;powdery;strawberry,4,"aromadb,goodscents,leffingwell"
CC1=CC(=O)CC1,CC1=CC(=O)CC1,caramel;fatty;fruity;ketonic;sweet,5,"goodscents,leffingwell"
CC1SC(C)SC(C)S1,CC1SC(C)SC(C)S1,black;currant;green;meaty;onion;sulfur,6,"goodscents,leffingwell"
CCCc1ccc(O)c(OC)c1,CCCc1ccc(O)c(OC)c1,balsamic;floral;phenolic;powdery;spicy;sweet,6,"aromadb,flavornet,goodscents,leffingwell"
C=CCOC(=O)CC(C)C,C=CCOC(=O)CC(C)C,apple;banana;berry;cherry;fruity;pineapple;pungent;sweet;winey,9,"goodscents,leffingwell"
COc1nccnc1C,COc1nccnc1C,almond;chocolate;hazelnut;nutty;roasted,5,"goodscents,leffingwell"
CCCCCCCCCCCCCCCCS,CCCCCCCCCCCCCCCCS,fatty;meaty;sulfur,3,leffingwell
CCCCCCCCCCCCCCCC(C)=O,CCCCCCCCCCCCCCCC(C)=O,fatty;milky,2,leffingwell
CSS(C)(=O)=O,CSS(C)(=O)=O,garlic;onion;pungent;roasted;sulfur,5,"goodscents,leffingwell"
CC(C)C(C)C(C)(C)O,CC(C)C(C)C(C)(C)O,camphoreous;earthy;fruity,3,"goodscents,leffingwell"
COc1cnccn1,COc1cnccn1,chocolate;cocoa;earthy;green;nutty;roasted;sweet;winey,8,"goodscents,leffingwell"
CC1OCCC1=O,CC1OCCC1=O,bread;bready;brown;buttery;caramel;nutty;roasted;rum;rummy;solvent;sweet,11,"aromadb,goodscents,leffingwell"
CCc1ccco1,CCc1ccco1,bready;burnt;chemical;cocoa;coffee;ethereal;malty;musty;nutty;sweet,10,"goodscents,leffingwell"
CSCCC=O,CSCCC=O,bready;brothy;cheesy;cooked;creamy;earthy;meaty;musty;oily;onion;potato;savory;tomato;vegetable,14,"flavornet,goodscents,leffingwell"
CCOC(=O)C1CCCCC1,CCOC(=O)C1CCCCC1,apple;berry;brandy;cheesy;fermented;fruity;winey,7,"flavornet,goodscents,leffingwell"
CCCCC1CCCC(=O)O1,CCCCC1CCCC(=O)O1,coconut;coumarinic;creamy;fatty;milky;oily;sweet,7,"goodscents,leffingwell"
C=C1CCC2(C(C)C)CC12,C=C1CCC2(C(C)C)CC12,camphoreous;citrus;green;oily;pine;spicy;terpenic;woody,8,"aromadb,flavornet,goodscents,leffingwell"
C=CC(O)CCCCC,C=CC(O)CCCCC,chicken;earthy;fruity;grassy;green;herbal;melon;mushroom;musty;oily;sweet;vegetable;violet,13,"aromadb,flavornet,goodscents,leffingwell"
CC(CCO)CC(C)(C)C,CC(CCO)CC(C)(C)C,aldehydic;berry;camphoreous;cooling;earthy;floral;grassy;green;hay;herbal;leafy;melon;minty;oily;weedy;woody,16,"goodscents,leffingwell"
COCCc1ccccc1,COCCc1ccccc1,floral;green;jasmin;jasmine;metallic;rose,6,"goodscents,leffingwell"
CC(=O)CCc1ccc(OC(C)=O)cc1,CC(=O)CCc1ccc(OC(C)=O)cc1,berry;fruity;jammy;raspberry;vanilla;woody,6,"goodscents,leffingwell"
O=C(O)COc1ccccc1,O=C(O)COc1ccccc1,honey;sour;sweet,3,"goodscents,leffingwell"
COC(C)(C)CCCC(C)CC=O,COC(C)(C)CCCC(C)CC=O,floral;fresh;lily;melon;sweet,5,"goodscents,leffingwell"
CC1=C(O)C(=O)C(C)O1,CC1=C(O)C(=O)C(C)O1,brown;burnt;caramel;fruity;pineapple;roasted;savory;strawberry;sweet,9,"aromadb,flavornet,goodscents,leffingwell"
CSSSC,CSSSC,cabbage;cooked;fishy;fresh;garlic;green;meaty;onion;savory;sulfur;vegetable,11,"flavornet,goodscents,leffingwell"
C=CCCCCC(C)=O,C=CCCCCC(C)=O,cheesy;fatty;herbal,3,leffingwell
C=C(C)CC(C)=O,C=C(C)CC(C)=O,burnt;ketonic;minty;pungent;sweet;vegetable,6,"goodscents,leffingwell"
CCCCCc1ccco1,CCCCCc1ccco1,earthy;fruity;green;metallic;vegetable,5,"aromadb,flavornet,goodscents,leffingwell"
CCCCCCCc1ccco1,CCCCCCCc1ccco1,fatty;green;lactonic;meaty;milky;nutty;oily;roasted;tropical,9,"goodscents,leffingwell"
CC(=O)CCC=C(C)CCC=C(C)C,CC(=O)CCC=C(C)CCC=C(C)C,aldehydic;fatty;floral;fresh;fruity;green;leafy;metallic;rose;sweet;tropical;waxy;woody,13,"aromadb,flavornet,goodscents,leffingwell"
CCOC(CC(C)C)OCC,CCOC(CC(C)C)OCC,cocoa;ethereal;fatty;fermented;fruity;green;malty,7,"goodscents,leffingwell"
CCCC(=O)C(C)=O,CCCC(=O)C(C)=O,buttery;caramel;creamy;dry;fatty;fruity;jammy;oily;phenolic;sweet,10,"goodscents,leffingwell"
CCCSC,CCCSC,creamy;garlic;green;onion;vegetable,5,"goodscents,leffingwell"
CCOC(=O)C(C)(C)C,CCOC(=O)C(C)(C)C,apple;fruity;rum,3,"goodscents,leffingwell"
COC(=O)c1ccc(O)c(OC)c1,COC(=O)c1ccc(O)c(OC)c1,caramel;floral;fresh;green;phenolic;spicy;sweet;vanilla;warm,9,"flavornet,goodscents,leffingwell"
CC(C)(C)c1ccncc1,CC(C)(C)c1ccncc1,green;leafy;tobacco;woody,4,leffingwell
CCCSCC,CCCSCC,onion;vegetable,2,leffingwell
CCCCCCC(C)O,CCCCCCC(C)O,creamy;cucumber;earthy;fatty;floral;fresh;grape;green;herbal;leafy;mushroom;musty;oily;sour;spicy;woody,16,"aromadb,flavornet,goodscents,leffingwell"
CCC=CCC(=O)O,CCC=CCC(=O)O,acidic;cheesy;fruity;grassy;green;honey;melon;milky;sweet;waxy,10,"aromadb,goodscents,leffingwell"
C=CCOC(=O)CCCCCCC,C=CCOC(=O)CCCCCCC,apple;banana;fatty;fruity;green;metallic;pineapple;soap;sweet;tropical;waxy;winey,12,"aromadb,goodscents,leffingwell"
Cc1cc2ccccc2o1,Cc1cc2ccccc2o1,burnt;phenolic,2,"goodscents,leffingwell"
CCCC(=O)Oc1ccccc1,CCCC(=O)Oc1ccccc1,aromatic;floral;fruity;honey;sweet,5,"aromadb,goodscents,leffingwell"
CCCCCCC1OCC(C)O1,CCCCCCC1OCC(C)O1,fatty;fresh;fruity;green;herbal,5,"goodscents,leffingwell"
O=COC1CCCCC1,O=COC1CCCCC1,banana;cherry;cooling;ethereal;fruity;jammy;sweet,7,"aromadb,goodscents,leffingwell"
O=C1CCC2CCCCC2O1,O=C1CCC2CCCCC2O1,coconut;coumarinic;creamy;herbal;lactonic;milky;spicy;sweet;vanilla;woody,10,"aromadb,goodscents,leffingwell"
c1coc(CSSCc2ccco2)c1,c1coc(CSSCc2ccco2)c1,cabbage;chicken;coffee;meaty;onion;potato;roasted;sulfur,8,"goodscents,leffingwell"
OCCC1CCCCC1,OCCC1CCCCC1,cooling;floral;fresh;green;lily;rose;waxy,7,"goodscents,leffingwell"
CCCCc1ccco1,CCCCc1ccco1,burnt;fruity;musty;nutty;spicy;sweet;vegetable;winey,8,"aromadb,goodscents,leffingwell"
CC(=O)C1CC=C(C)C1(C)C,CC(=O)C1CC=C(C)C1(C)C,camphoreous;fatty;herbal;pine;sweet;woody,6,leffingwell
CC(C)C1CCC(O)CC1,CC(C)C1CCC(O)CC1,floral;green;leathery;metallic;rose;weedy,6,"goodscents,leffingwell"
CC(C)=CCCC(C)O,CC(C)=CCCC(C)O,citrus;fatty;floral;grass;green;oily;sweet,7,"aromadb,goodscents,leffingwell"
COC(=O)C1CCCCC1,COC(=O)C1CCCCC1,berry;cooling;estery;floral;fruity;milky;minty;pineapple;sweet,9,"flavornet,goodscents,leffingwell"
C=C(C)C1CCC2=CC(=O)CC(C)C2(C)C1,C=C(C)C1CCC2=CC(=O)CC(C)C2(C)C1,citrus;grapefruit;orange;peel;sweet;woody,6,"flavornet,goodscents,leffingwell"
CCOC(CC)OCC,CCOC(CC)OCC,apple;brandy;cognac;ethereal;fruity,5,leffingwell
CCC(OC)OC,CCC(OC)OC,brandy;cognac;ethereal;fruity,4,leffingwell
CCc1ccc(C=O)cc1,CCc1ccc(C=O)cc1,almond;anise;bitter;cherry;fruity;green;herbal;sweet,8,"flavornet,goodscents,leffingwell"
C=CC(O)CCC,C=CC(O)CCC,acidic;earthy;ethereal;green;meaty;metallic;rum;rummy,8,"flavornet,goodscents,leffingwell"
CCCCCc1cccs1,CCCCCc1cccs1,cheesy;chicken;fatty;fermented;fruity;hazelnut;meaty;mushroom;roasted;savory;sulfur;sweet;tropical,13,"flavornet,goodscents,leffingwell"
O=C1CCCC1C1CCCC1,O=C1CCCC1C1CCCC1,aldehydic;fresh;fruity;green;jasmine;minty;woody,7,"aromadb,goodscents,leffingwell"
CCCCCCCCOC(=O)CCCCC,CCCCCCCCOC(=O)CCCCC,fruity;green;oily;sweet,4,leffingwell
C=CC(O)CCCC,C=CC(O)CCCC,buttery;cheesy;earthy;fruity;green;metallic;mushroom;oily;spicy;sweet;tomato;vegetable,12,"aromadb,goodscents,leffingwell"
CCc1occc(=O)c1O,CCc1occc(=O)c1O,caramel;fruity;strawberry;sweet,4,"goodscents,leffingwell"
C=CCCCCCC(C)=O,C=CCCCCCC(C)=O,cheesy;fruity,2,"flavornet,goodscents,leffingwell"
CC(C)=CCOC(=O)c1ccccc1,CC(C)=CCOC(=O)c1ccccc1,balsamic;chocolate;floral;fruity;sweet;tea,6,"aromadb,goodscents,leffingwell"
O=C(O)CC1CCCCC1,O=C(O)CC1CCCCC1,acidic;buttery;caramel;cheesy;fatty;honey;musty;powdery;waxy,9,"goodscents,leffingwell"
CCCCCCOC(C)OCCCCCC,CCCCCCOC(C)OCCCCCC,apple;ethereal;fermented;fruity;green;herbal;sweet;waxy,8,"goodscents,leffingwell"
CC(CC=O)CC(C)(C)C,CC(CC=O)CC(C)(C)C,aldehydic;citrus;dry;fatty;grassy;green;herbal;spicy;weedy,9,"goodscents,leffingwell"
CCCCCCC(=O)OCCCC,CCCCCCC(=O)OCCCC,apple;fruity;grassy;green;herbal;licorice;oily;pear;tropical;winey,10,"aromadb,goodscents,leffingwell"
CCCCCCCC(=O)OC(C)C,CCCCCCCC(=O)OC(C)C,banana;coconut;cognac;fatty;fruity;winey,6,"goodscents,leffingwell"
CCOC(=O)CCS,CCOC(=O)CCS,animal;fresh;fruity;grape;meaty;sulfur;tropical,7,"goodscents,leffingwell"
CC(=O)CCc1ccc(O)cc1,CC(=O)CCc1ccc(O)cc1,berry;floral;fruity;jammy;raspberry;ripe;sweet;woody,8,"flavornet,goodscents,leffingwell"
CCC(C)CCCCCCC(=O)O,CCC(C)CCCCCCC(=O)O,fatty;waxy,2,leffingwell
OCC1COC(Cc2ccccc2)O1,OCC1COC(Cc2ccccc2)O1,floral;rose;sweet,3,leffingwell
Cc1nccnc1C,Cc1nccnc1C,caramel;cocoa;coffee;green;meaty;musty;nut;nutty;potato;powdery;roasted;skin,12,"aromadb,flavornet,goodscents,leffingwell"
C=CC1(C)CCC(C(C)(C)O)O1,C=CC1(C)CCC(C(C)(C)O)O1,balsamic;camphoreous;citrus;creamy;earthy;floral;green;herbal;leafy;musty;pine;sweet;woody,13,"aromadb,flavornet,goodscents,leffingwell"
C=C(C)C1CC=C(C)CC1,C=C(C)C1CC=C(C)CC1,aromatic;camphoreous;citrus;fresh;gasoline;herbal;lemon;minty;orange;peppery;phenolic;pine;sweet;terpenic;woody,15,"aromadb,flavornet,goodscents,leffingwell"
CCCSSSCCC,CCCSSSCCC,garlic;green;onion;pungent;sulfur;tropical;vegetable,7,"goodscents,leffingwell"
CCCC(C)O,CCCC(C)O,alcoholic;apple;banana;berry;ethereal;fermented;green;lemon;musty;oily;ripe;solvent;sweet;winey,14,"aromadb,flavornet,goodscents,leffingwell"
CCCCCCCCCCC(C)=O,CCCCCCCCCCC(C)=O,citrus;floral;fruity;orange,4,"goodscents,leffingwell"
CC(=O)OCCOc1ccccc1,CC(=O)OCCOc1ccccc1,floral;fruity;herbal;sweet,4,"goodscents,leffingwell"
CCCCCCOC(=O)c1ccccc1O,CCCCCCOC(=O)c1ccccc1O,balsamic;floral;fresh;fruity;green;hay;herbal;spicy,8,"goodscents,leffingwell"
CCCCCCCCCCCCOC(=O)C(C)O,CCCCCCCCCCCCOC(=O)C(C)O,burnt;buttery;fatty;fruity;milky;oily,6,"goodscents,leffingwell"
CCCCCCOC(=O)CCCCC,CCCCCCOC(=O)CCCCC,apple;berry;fresh;fruity;grassy;green;herbal;peach;peel;sweet;tropical;vegetable;waxy,13,"aromadb,flavornet,goodscents,leffingwell"
CSCCSC,CSCCSC,garlic;milky;sulfur,3,"goodscents,leffingwell"
CCCCC=CC=CC=O,CCCCC=CC=CC=O,chicken;cucumber;fatty;fruity;geranium;grassy;green;leaf;leafy;melon;nutty;pungent;tropical;violet;waxy,15,"flavornet,goodscents,leffingwell"
CCCCCCOC(=O)c1ccccc1,CCCCCCOC(=O)c1ccccc1,balsamic;clean;floral;fresh;green;herbal;woody,7,"goodscents,leffingwell"
c1csc(SSc2cccs2)c1,c1csc(SSc2cccs2)c1,brothy;earthy;mushroom;savory,4,"goodscents,leffingwell"
CCCCCC(=O)OCc1ccccc1,CCCCCC(=O)OCc1ccccc1,apricot;floral;fruity;green;jasmin;jasmine;peach;pineapple;sweet;tropical,10,"aromadb,goodscents,leffingwell"
CC(C)OC(=O)CCCCC(=O)OC(C)C,CC(C)OC(=O)CCCCC(=O)OC(C)C,estery;fatty;fruity;onion;sour;sweet,6,"aromadb,goodscents,leffingwell"
CC(=O)CC(=O)OC1CCCCC1,CC(=O)CC(=O)OC1CCCCC1,caramel;fruity;sweet,3,leffingwell
CCCCCCCCCCCCCCC(=O)OC,CCCCCCCCCCCCCCC(=O)OC,fatty;oily;waxy,3,leffingwell
CCOC(OCC)C(C)Cc1ccc(C(C)C)cc1,CCOC(OCC)C(C)Cc1ccc(C(C)C)cc1,floral;green;vegetable,3,leffingwell
C=CC(C)(CCC=C(C)C)OC(=O)c1ccccc1N,C=CC(C)(CCC=C(C)C)OC(=O)c1ccccc1N,floral;fresh;green;herbal;orange;orangeflower;rose;woody,8,"aromadb,goodscents,leffingwell"
COc1ccccc1S,COc1ccccc1S,earthy;meaty;phenolic;powdery;roasted;smoky;spicy;sulfur;sweet;vanilla,10,"goodscents,leffingwell"
CC=CC(=O)OCCCC,CC=CC(=O)OCCCC,apple;cognac;fruity;green;herbal;pineapple;rum,7,leffingwell
CCOC(=O)C(C)CC,CCOC(=O)C(C)CC,apple;berry;cognac;estery;fresh;fruity;green;peach;phenolic;strawberry;sweet;tropical,12,"flavornet,goodscents,leffingwell"
CCCCOC(=O)C(C)OC(=O)CCC,CCCCOC(=O)C(C)OC(=O)CCC,buttery;cheesy;creamy;fatty;floral;fruity;green;milky;sour;sweet;waxy,11,"aromadb,goodscents,leffingwell"
CC(=O)C(=O)C(C)C,CC(=O)C(=O)C(C)C,brown;buttery;creamy;fatty;fruity;sweet,6,"goodscents,leffingwell"
C=CCOC(=O)COc1ccccc1,C=CCOC(=O)COc1ccccc1,chamomile;cocoa;fresh;fruity;honey;pineapple;sweet,7,"aromadb,goodscents,leffingwell"
CCOC(=O)CC(O)C(=O)OCC,CCOC(=O)CC(O)C(=O)OCC,apple;brown;caramel;fruity;herbal;sweet;winey,7,"aromadb,flavornet,goodscents,leffingwell"
CCCCOC(=O)c1ccccc1N,CCCCOC(=O)c1ccccc1N,berry;floral;fruity;grape;plum;powdery;sweet;winey,8,"aromadb,goodscents,leffingwell"
C=C(C)C1CCC(C)C(=O)C1,C=C(C)C1CCC(C)C(=O)C1,bread;camphoreous;cooling;hay;herbal;minty;terpenic;warm;woody,9,"aromadb,flavornet,goodscents,leffingwell"
Nc1ccccc1C(=O)OC1CCCCC1,Nc1ccccc1C(=O)OC1CCCCC1,fatty;floral;fruity;grape;orange;orangeflower,6,"aromadb,goodscents,leffingwell"
CCCCCCCCCC(OC)OC,CCCCCCCCCC(OC)OC,citrus;fatty;floral;fruity;green;herbal;orange;waxy,8,"aromadb,goodscents,leffingwell"
CC(C)COC(=O)c1ccccc1N,CC(C)COC(=O)c1ccccc1N,berry;floral;fruity;grape;orange;sweet,6,"goodscents,leffingwell"
CCCCCCC(=O)OCC(C)C,CCCCCCC(=O)OCC(C)C,cognac;fruity;green;herbal;winey,5,"goodscents,leffingwell"
CCCCCCC(C)C=O,CCCCCCC(C)C=O,citrus;fatty;floral;lily;muguet;orange;rose,7,"goodscents,leffingwell"
C=C(C)C1CCC(C)CC1O,C=C(C)C1CCC(C)CC1O,camphor;cooling;floral;fruity;geranium;grassy;green;herbal;lavender;medicinal;minty;rose;tea;woody,14,"aromadb,goodscents,leffingwell"
CCOCCC(OCC)OCC,CCOCCC(OCC)OCC,alcoholic;cognac;ethereal;fruity,4,leffingwell
CCOc1ccc(C=O)cc1,CCOc1ccc(C=O)cc1,almond;anise;cherry;floral;spicy;sweet,6,"goodscents,leffingwell"
C=CCc1ccc(OC=O)c(OC)c1,C=CCc1ccc(OC=O)c(OC)c1,dry;orris;sweet;warm;woody,5,"goodscents,leffingwell"
CCCCCCOC(=O)C(C)CC,CCCCCCOC(=O)C(C)CC,apple;fruity;green;spicy;strawberry;tropical;waxy,7,"flavornet,goodscents,leffingwell"
CCC(C)N,CCC(C)N,cheesy;fishy;ripe,3,"goodscents,leffingwell"
CCCC(=O)OC(C)(C)Cc1ccccc1,CCCC(=O)OC(C)(C)Cc1ccccc1,apricot;floral;fruity;green;herbal;plum;tea,7,"aromadb,goodscents,leffingwell"
CCOC(=O)C1CC2C=CC1C2,CCOC(=O)C1CC2C=CC1C2,fruity;green;honey,3,"goodscents,leffingwell"
CCCCCCCCCCC(C)O,CCCCCCCCCCC(C)O,ethereal;fatty;fruity;oily,4,leffingwell
CCCCCCCCCCCC(=O)OC(C)C,CCCCCCCCCCCC(=O)OC(C)C,creamy;fatty;floral;fruity;green;milky;oily;waxy,8,leffingwell
C=CCc1ccc(OC(=O)Cc2ccccc2)c(OC)c1,C=CCc1ccc(OC(=O)Cc2ccccc2)c(OC)c1,aromatic;honey;spicy;sweet;warm,5,"goodscents,leffingwell"
CCOC(C)OC,CCOC(C)OC,alcoholic;ethereal;green;nutty;pungent,5,leffingwell
CCCCCCCCCCCCC=O,CCCCCCCCCCCCC=O,aldehydic;citrus;clean;fatty;floral;fresh;grapefruit;orange;peel;soap;sweet;waxy,12,"flavornet,goodscents,leffingwell"
CCCCCCCCCCC(=O)OCCCC,CCCCCCCCCCC(=O)OCCCC,cognac;fatty;fruity;oily;waxy,5,leffingwell
CCCCC(=O)C(C)C,CCCCC(=O)C(C)C,cheesy;fruity;green;herbal;leafy;milky,6,"goodscents,leffingwell"
C=CCCCCCCCCO,C=CCCCCCCCCO,aldehydic;clean;fresh;fruity;rose;waxy,6,"aromadb,goodscents,leffingwell"
CCc1cnc(CC)cn1,CCc1cnc(CC)cn1,cocoa;earthy;musty;nutty,4,leffingwell
CCc1cnc(C)cn1,CCc1cnc(C)cn1,cocoa;coffee;fruity;grass;grassy;green;nutty;roasted;sweet,9,"aromadb,flavornet,goodscents,leffingwell"
CCc1nc(C)cnc1C,CCc1nc(C)cnc1C,almond;balsamic;brown;burnt;chocolate;cocoa;hazelnut;musty;nut;nutty;potato;roasted;skin;sweet,14,"aromadb,flavornet,goodscents,leffingwell"
CC1=CCC2C(C1)C2(C)C,CC1=CCC2C(C1)C2(C)C,citrus;fresh;fruity;herbal;lemon;medicinal;phenolic;pine;solvent;sweet;terpenic;woody,12,"aromadb,flavornet,goodscents,leffingwell"
CC(C)(C)C1CCCCC1O,CC(C)(C)C1CCCCC1O,camphoreous;earthy;herbal;minty;phenolic;pine;woody,7,"goodscents,leffingwell"
CC(=O)C(=O)CC(C)C,CC(=O)C(=O)CC(C)C,brown;buttery;creamy;fruity;oily;sweet,6,"aromadb,goodscents,leffingwell"
CCc1cnccn1,CCc1cnccn1,buttery;cocoa;coffee;fermented;meaty;musty;nutty;roasted;woody,9,"flavornet,goodscents,leffingwell"
CCc1cncc(C)n1,CCc1cncc(C)n1,cocoa;coffee;hazelnut;nutty;potato;roasted,6,"aromadb,flavornet,goodscents,leffingwell"
Cc1nccnc1CC(C)C,Cc1nccnc1CC(C)C,caramel;earthy;green;herbal;vegetable,5,"goodscents,leffingwell"
CCc1ncc(C)nc1C,CCc1ncc(C)nc1C,almond;burnt;caramel;chocolate;cocoa;coffee;hazelnut;musty;nutty;potato;roasted,11,"flavornet,goodscents,leffingwell"
C=Cc1cnc(C)cn1,C=Cc1cnc(C)cn1,coffee,1,"goodscents,leffingwell"
C=CC1(C)CCC(O)C(C)(C)O1,C=CC1(C)CCC(O)C(C)(C)O1,citrus;creamy;earthy;floral;fresh;green;honey;sweet,8,"flavornet,goodscents,leffingwell"
CCCCCCCCCCCCCCCCC(=O)OCC,CCCCCCCCCCCCCCCCC(=O)OCC,fatty;oily;waxy,3,leffingwell
CCCCCC=CC(C)=O,CCCCCC=CC(C)=O,berry;cheesy;earthy;fatty;fruity;ketonic;licorice;milky;mushroom;nutty;oily;spicy;sweet;waxy;weedy,15,"aromadb,goodscents,leffingwell"
Cc1cnc(C)c(C)n1,Cc1cnc(C)c(C)n1,burnt;cocoa;coffee;earthy;hazelnut;musty;nut;nutty;potato;powdery;roasted;skin,12,"aromadb,flavornet,goodscents,leffingwell"
CC1(C)CCCC2(C)OC(=O)C=C12,CC1(C)CCCC2(C)OC(=O)C=C12,apricot;berry;floral;fruity;grape;plum;ripe;sweet;tea;tobacco;tropical;woody,12,"aromadb,goodscents,leffingwell"
CCc1nc(C)cs1,CCc1nc(C)cs1,brown;cocoa;coffee;green;meaty;nutty;savory;sulfur,8,"goodscents,leffingwell"
CCc1nccnc1C,CCc1nccnc1C,bready;burnt;earthy;green;hazelnut;musty;nutty;potato;roasted,9,"aromadb,flavornet,goodscents,leffingwell"
CCc1nccnc1CC,CCc1nccnc1CC,earthy;nutty;potato;roasted,4,"aromadb,goodscents,leffingwell"
CCc1cnc(C)c(C)n1,CCc1cnc(C)c(C)n1,almond;burnt;chocolate;cocoa;nutty;popcorn;roasted,7,"flavornet,goodscents,leffingwell"
CC(C)=CC1CC(C)CCO1,CC(C)=CC1CC(C)CCO1,bark;camphoreous;earthy;floral;fresh;geranium;green;herbal;metallic;powdery;rose;spicy;sweet;vegetable,14,"aromadb,flavornet,goodscents,leffingwell"
CC(=O)OC1CC(C)CCC1C(C)C,CC(=O)OC1CC(C)CCC1C(C)C,berry;cooling;earthy;floral;fresh;fruity;herbal;minty;sour;sweet;tea;woody,12,"aromadb,goodscents,leffingwell"
CCC(C)C(=O)OC1CC(C)CCC1C(C)C,CCC(C)C(=O)OC1CC(C)CCC1C(C)C,floral;fruity;herbal;minty;sweet,5,leffingwell
C=CC(CCCCC)OC(=O)CCC,C=CC(CCCCC)OC(=O)CCC,buttery;earthy;floral;fruity;green;metallic;mushroom;waxy,8,"goodscents,leffingwell"
CCC(C)(C)C1CCC(=O)CC1,CCC(C)(C)C1CCC(=O)CC1,camphoreous;dry;earthy;orris;woody,5,"goodscents,leffingwell"
CCc1ncc(C)nc1CC,CCc1ncc(C)nc1CC,chocolate;earthy;green;hazelnut;meaty;musty;nut;nutty;potato;roasted;skin;vegetable,12,"aromadb,flavornet,goodscents,leffingwell"
CCc1cnc(C)c(CC)n1,CCc1cnc(C)c(CC)n1,cocoa;earthy;green;meaty;nutty;vegetable,6,"aromadb,flavornet,goodscents,leffingwell"
CCCCCCCCCCCCCCCCCCC(=O)OCC,CCCCCCCCCCCCCCCCCCC(=O)OCC,odorless;waxy,2,leffingwell
C=CC(C)CCCC(C)(C)O,C=CC(C)CCCC(C)(C)O,citrus;clean;floral;fresh;herbal;weedy,6,"flavornet,goodscents,leffingwell"
CCCCCCCCC(C)C=O,CCCCCCCCC(C)C=O,citrus;dry;fatty;fresh;green;orange;waxy,7,"goodscents,leffingwell"
Cc1nc(C(C)C)oc1C,Cc1nc(C(C)C)oc1C,earthy;green,2,leffingwell
C[C@H]1CCC[C@@]2(C)CCCC[C@]12O,CC1CCCC2(C)CCCCC12O,earthy;fresh;green;herbal;musty,5,"flavornet,goodscents,leffingwell"
CCCCC(=O)Oc1ccccc1,CCCCC(=O)Oc1ccccc1,fruity;medicinal;phenolic,3,leffingwell
CC1CC(=O)CC(C)(C)C1=O,CC1CC(=O)CC(C)(C)C1=O,sour;tea;tobacco,3,leffingwell
Cc1nc(C)c(C)o1,Cc1nc(C)c(C)o1,beefy;chocolate;fruity;green;meaty;nut;nutty;roasted;skin;sweet;vegetable,11,"goodscents,leffingwell"
CCCOC(C)OCC,CCCOC(C)OCC,alcoholic;cognac;ethereal;green;nutty;pungent,6,leffingwell
C=C(C)C(CC=C(C)C)COC(C)=O,C=C(C)C(CC=C(C)C)COC(C)=O,fruity;herbal;lavender;spicy;sweet;warm,6,"aromadb,leffingwell"
C=C(C)C1CCC(C)C(OC(C)=O)C1,C=C(C)C1CCC(C)C(OC(C)=O)C1,camphor;camphoreous;floral;fruity;green;minty;pine;rose;sweet;vegetable,10,"aromadb,flavornet,goodscents,leffingwell"
CC(=O)OCCC(C)CCCC(C)C,CC(=O)OCCC(C)CCCC(C)C,clean;floral;fresh;fruity;honey;rose;sweet;waxy,8,"goodscents,leffingwell"
CCCCCCCC=CC=CC=O,CCCCCCCC=CC=CC=O,chicken;citrus;fatty;grapefruit;meaty;orange;spicy,7,"aromadb,goodscents,leffingwell"
CC(=O)OCCC1CCCCC1,CC(=O)OCCC1CCCCC1,floral;fruity;green;minty;plastic;raspberry;rose;sweet,8,"aromadb,goodscents,leffingwell"
CC(=O)c1cnccn1,CC(=O)c1cnccn1,bread;chocolate;coffee;hazelnut;musty;nutty;popcorn;potato;roasted,9,"aromadb,flavornet,goodscents,leffingwell"
CC(=O)c1cnc(C)cn1,CC(=O)c1cnc(C)cn1,bread;nutty;popcorn,3,"goodscents,leffingwell"
CCCCOC(=O)Cc1ccccc1,CCCCOC(=O)Cc1ccccc1,chocolate;cocoa;floral;hay;honey;rose;sweet,7,"aromadb,goodscents,leffingwell"
COc1cc(CCC(C)=O)ccc1O,COc1cc(CCC(C)=O)ccc1O,balsamic;creamy;phenolic;spicy;sweet;vanilla;woody,7,"goodscents,leffingwell"
CCOC(OCC)OCC,CCOC(OCC)OCC,camphoreous,1,leffingwell
CCC(=O)OCc1ccccc1,CCC(=O)OCc1ccccc1,balsamic;banana;floral;fruity;jasmin;jasmine;sweet,7,"aromadb,goodscents,leffingwell"
CCC(=O)OCCc1ccccc1,CCC(=O)OCCc1ccccc1,balsamic;floral;fruity;herbal;honey;rose;spicy,7,"goodscents,leffingwell"
CC(=O)OCCCc1ccccc1,CC(=O)OCCCc1ccccc1,balsamic;cinnamon;floral;fruity;hay;honey;spicy;sweet,8,"goodscents,leffingwell"
CC(=O)Oc1ccccc1,CC(=O)Oc1ccccc1,animal;burnt;jasmine;medicinal;metallic;phenolic;smoky;woody,8,"goodscents,leffingwell"
COc1ccc(CC(C)=O)cc1,COc1ccc(CC(C)=O)cc1,anise;balsamic;creamy;fruity;green;licorice;spicy;sweet,8,"goodscents,leffingwell"
OCCCc1ccccc1,OCCCc1ccccc1,anise;balsamic;cinnamon;floral;fruity;hyacinth;spicy;sweet,8,"flavornet,goodscents,leffingwell"
OCCOc1ccccc1,OCCOc1ccccc1,balsamic;floral;fresh;rose,4,"goodscents,leffingwell"
CCCCC(C=O)CC,CCCCC(C=O)CC,fruity;green,2,leffingwell
CCc1ccc(O)cc1,CCc1ccc(O)cc1,animal;phenolic;savory;smoky;spicy;woody,6,"flavornet,goodscents,leffingwell"
COc1ccc(C=O)cc1,COc1ccc(C=O)cc1,anise;balsamic;floral;fruity;hawthorn;hay;herbal;minty;powdery;sweet;vanilla,11,"aromadb,flavornet,goodscents,leffingwell"
CCCC(C)C=O,CCCC(C)C=O,cheesy;cocoa;ethereal;fruity;green;vegetable,6,"goodscents,leffingwell"
CCCC(=O)CCC,CCCC(=O)CCC,cheesy;cognac;fruity;green;pineapple;pungent;sweet,7,"goodscents,leffingwell"
CCOC(=O)CCC(=O)OCC,CCOC(=O)CCC(=O)OCC,apple;cooked;ethereal;fruity;grape;green;winey,7,"aromadb,flavornet,goodscents,leffingwell"
CCCCCCCCC(=O)OCC,CCCCCCCCC(=O)OCC,cognac;fatty;fruity;grape;nutty;oily;rose;rum;tropical;waxy,10,"goodscents,leffingwell"
Cc1cnc(C)cn1,Cc1cnc(C)cn1,beefy;chocolate;cocoa;earthy;grassy;medicinal;musty;nut;nutty;potato;powdery;roasted;woody,13,"aromadb,flavornet,goodscents,leffingwell"
CC(=O)CC(C)(C)O,CC(=O)CC(C)(C)O,fresh;fruity;ketonic;minty,4,leffingwell
CC(C)CCO,CC(C)CCO,alcoholic;banana;burnt;cognac;ethereal;fermented;fruity;pungent,8,"flavornet,goodscents,leffingwell"
CC1OC(C)OC(C)O1,CC1OC(C)OC(C)O1,aromatic;fruity;musty;rum;sweet,5,"goodscents,leffingwell"
CCCCCC(=O)OCC,CCCCCC(=O)OCC,apple;banana;estery;fatty;fruity;green;pear;peel;pineapple;strawberry;sweet;tropical;waxy,13,"aromadb,flavornet,goodscents,leffingwell"
C=CCOC(=O)CCCCC,C=CCOC(=O)CCCCC,cognac;estery;ethereal;fatty;fruity;juicy;pineapple;rummy;sweet;tropical;winey,11,"goodscents,leffingwell"
CCCCCCCCOC(=O)CCCCC(=O)OCCCCCCCC,CCCCCCCCOC(=O)CCCCC(=O)OCCCCCCCC,fatty;odorless,2,"aromadb,leffingwell"
CCCCOC(C)=O,CCCCOC(C)=O,banana;ethereal;fruity;pear;pineapple;solvent;sweet,7,"aromadb,flavornet,goodscents,leffingwell"
CC(=O)OCCC(C)C,CC(=O)OCCC(C)C,banana;estery;fruity;pear;ripe;solvent;sweet,7,"flavornet,goodscents,leffingwell"
CCCCCCCCCCCCCCCCCC(=O)OCCCC,CCCCCCCCCCCCCCCCCC(=O)OCCCC,fatty;fruity;odorless;oily,4,"aromadb,goodscents,leffingwell"
CCCCCCCCCCCCCC(=O)OCC,CCCCCCCCCCCCCC(=O)OCC,fatty;orris;sweet;violet;waxy,5,"flavornet,goodscents,leffingwell"
CCCCCCCCCCCCCC(=O)OC,CCCCCCCCCCCCCC(=O)OC,cognac;fatty;oily;orris;waxy,5,"flavornet,goodscents,leffingwell"
C=CCCCCCCC,C=CCCCCCCC,gasoline,1,leffingwell
CCCCCCCCC=O,CCCCCCCCC=O,aldehydic;citrus;cucumber;fatty;floral;fresh;fruity;green;lemon;orange;orris;peel;rose;waxy,14,"aromadb,flavornet,goodscents,leffingwell"
CCCCCCCCCCCCCC=O,CCCCCCCCCCCCCC=O,amber;citrus;creamy;dry;fatty;fishy;floral;fruity;milky;musk;pear;peel;waxy,13,"flavornet,goodscents,leffingwell"
C=CC(C)(CCC=C(C)C)OC(=O)c1ccccc1,C=CC(C)(CCC=C(C)C)OC(=O)c1ccccc1,bergamot;citrus;floral;fruity;grape;herbal;lily;plum;tropical,9,"aromadb,goodscents,leffingwell"
CC1(C)C2CC=C(CCO)C1C2,CC1(C)C2CC=C(CCO)C1C2,balsamic;camphoreous;citrus;herbal;pine;sweet;woody,7,"goodscents,leffingwell"
CCC(=O)OCCOc1ccccc1,CCC(=O)OCCOc1ccccc1,fruity;hay;lavender,3,"goodscents,leffingwell"
CC1SSC(C)S1,CC1SSC(C)S1,beefy;chicken;meaty;onion;sulfur,5,"goodscents,leffingwell"
CC(=O)c1nccnc1C,CC(=O)c1nccnc1C,caramel;cocoa;coffee;hazelnut;nut;nutty;popcorn;potato;roasted;skin;vegetable,11,"aromadb,goodscents,leffingwell"
CC1NCCS1,CC1NCCS1,brothy;cooked;fishy;meaty;sweet,5,"goodscents,leffingwell"
COc1nccnc1CC(C)C,COc1nccnc1CC(C)C,earthy;green;spicy,3,"flavornet,goodscents,leffingwell"
CCCCCOC(=O)CCC(C)C,CCCCCOC(=O)CCC(C)C,apple;fruity;oily,3,leffingwell
CCc1nccnc1OC,CCc1nccnc1OC,earthy;green;musty;nutty;potato;vegetable,6,"goodscents,leffingwell"
COc1nccnc1C(C)C,COc1nccnc1C(C)C,chocolate;earthy;grass;green;nutty;potato;vegetable,7,"aromadb,flavornet,goodscents,leffingwell"
COc1ccccc1C,COc1ccccc1C,camphoreous;earthy;floral;grass;nutty;phenolic;sweet;warm;woody,9,"aromadb,flavornet,goodscents,leffingwell"
CC(S)S,CC(S)S,cheesy;meaty;onion;roasted;savory;sulfur,6,"goodscents,leffingwell"
CCCCCc1cccc(=O)o1,CCCCCc1cccc(=O)o1,brown;buttery;coconut;creamy;fatty;lactonic;milky;peach;sweet;waxy,10,"goodscents,leffingwell"
CCC=CCCC=CCO,CCC=CCCC=CCO,cucumber;fatty;green;herbal;leaf;leafy;melon;nutty;oily;vegetable;violet,11,"aromadb,flavornet,goodscents,leffingwell"
Cc1occc1S,Cc1occc1S,beefy;brothy;chicken;fishy;meaty;metallic;roasted;sulfur;sweet,9,"flavornet,goodscents,leffingwell"
Cc1ccsc1C,Cc1ccsc1C,brothy;meaty;nutty;roasted;sweet,5,leffingwell
CC(C)c1cnccn1,CC(C)c1cnccn1,green;honey;minty;nutty,4,"goodscents,leffingwell"
C=C(C)C1CCC(C)CC1=O,C=C(C)C1CCC(C)CC1=O,fresh;green;herbal;minty;woody,5,"aromadb,goodscents,leffingwell"
CCCSSCC,CCCSSCC,fatty;garlic;green;onion;roasted;savory;sulfur;vegetable,8,"goodscents,leffingwell"
CCCCCCCCCC(=O)OCCCC,CCCCCCCCCC(=O)OCCCC,brandy;cognac;fruity;oily;sweet,5,"flavornet,goodscents,leffingwell"
CCC(=O)C1CC(C(C)C)CC=C1C,CCC(=O)C1CC(C(C)C)CC=C1C,bark;citrus;floral;green;herbal;leafy;phenolic;woody,8,"goodscents,leffingwell"
CC(=O)CCC1C(C)=CCCC1(C)C,CC(=O)CCC1C(C)=CCCC1(C)C,berry;floral;fruity;honey;orris;powdery;raspberry;violet;woody,9,"goodscents,leffingwell"
C=Cc1cc(OC)c(O)c(OC)c1,C=Cc1cc(OC)c(O)c(OC)c1,animal;leathery;phenolic;smoky;spicy,5,"goodscents,leffingwell"
CC(=O)OC1CCC(C(C)(C)C)CC1,CC(=O)OC1CCC(C(C)(C)C)CC1,balsamic;cedar;floral;fresh;fruity;green;herbal;oily;orris;pine;woody,11,"goodscents,leffingwell"
CCc1nc(C)sc1C,CCc1nc(C)sc1C,burnt;coffee;earthy;potato,4,leffingwell
CCc1cnc(CC)c(C)n1,CCc1cnc(CC)c(C)n1,burnt;cocoa;hazelnut;meaty;nutty;roasted,6,"goodscents,leffingwell"
c1cnc2c(n1)CCCC2,c1cnc2c(n1)CCCC2,cheesy;musty;nutty;popcorn;roasted,5,"aromadb,goodscents,leffingwell"
CCC=CCCOC(=O)CC(C)C,CCC=CCCOC(=O)CC(C)C,apple;floral;fresh;fruity;green;pineapple;sweet;tropical,8,"goodscents,leffingwell"
CCCCCCCCCCCCCCCCOC(=O)C(C)O,CCCCCCCCCCCCCCCCOC(=O)C(C)O,buttery;fatty;odorless,3,"goodscents,leffingwell"
CC(=O)C(C)S,CC(=O)C(C)S,beefy;chocolate;coffee;meaty;onion;roasted;savory;sulfur,8,"flavornet,goodscents,leffingwell"
CCCCCCCCCCCCCCC(=O)OCC,CCCCCCCCCCCCCCC(=O)OCC,fatty;honey;oily;sweet;waxy,5,"goodscents,leffingwell"
CCCc1csc(C)n1,CCCc1csc(C)n1,green;vegetable,2,leffingwell
CCCCCCCCC(=O)OCCCC,CCCCCCCCC(=O)OCCCC,apricot;cognac;floral;fruity;oily;orange;rose;winey,8,"goodscents,leffingwell"
C=CCCCCCCCCOC(C)=O,C=CCCCCCCCCOC(C)=O,floral;rose;waxy,3,"aromadb,goodscents,leffingwell"
CCCCCC1CC=CC(=O)O1,CCCCCC1CC=CC(=O)O1,buttery;coconut;creamy;fruity;herbal;lactonic;milky;peach;sweet;waxy,10,"flavornet,goodscents,leffingwell"
CCc1scnc1C,CCc1scnc1C,earthy;green;hazelnut;nut;nutty;vegetable,6,"goodscents,leffingwell"
Cc1nc(C(C)C)sc1C,Cc1nc(C(C)C)sc1C,earthy;nutty;potato;roasted,4,leffingwell
Cc1cc(S)c(C)o1,Cc1cc(S)c(C)o1,meaty;roasted;savory;sulfur,4,"flavornet,goodscents,leffingwell"
Cc1cc(SC(=O)CC(C)C)c(C)o1,Cc1cc(SC(=O)CC(C)C)c(C)o1,cocoa;creamy;roasted,3,"goodscents,leffingwell"
CCCCCCCCCCCCCCCC=CC=O,CCCCCCCCCCCCCCCC=CC=O,fatty,1,leffingwell
C=CC=CCCCCC,C=CC=CCCCCC,gasoline,1,leffingwell
CC(=O)OCCC(C)CC(C)(C)C,CC(=O)OCCC(C)CC(C)(C)C,fruity;herbal;orris;spicy;sweet;woody,6,"goodscents,leffingwell"
CC(=O)CC(=O)O[C@H]1C[C@@H](C)CC[C@@H]1C(C)C,CC(=O)CC(=O)OC1CC(C)CCC1C(C)C,floral;fresh;fruity;minty,4,"goodscents,leffingwell"
CCCCCCCC(=O)Oc1ccc(C)cc1,CCCCCCCC(=O)Oc1ccc(C)cc1,animal;floral;green;hay;herbal;jasmin;oily,7,"goodscents,leffingwell"
CCCC(=O)OC(C)CCC,CCCC(=O)OC(C)CCC,apricot;banana;ethereal;fruity;green;herbal;peach;pineapple;plum;sweet,10,"goodscents,leffingwell"
CCCSSc1ccoc1C,CCCSSc1ccoc1C,beefy;coffee;meaty;roasted,4,"goodscents,leffingwell"
CSSc1ccoc1C,CSSc1ccoc1C,beefy;brothy;chemical;coffee;cooked;meaty;onion;roasted;sulfur;vegetable,10,"flavornet,goodscents,leffingwell"
CCCC(=O)OCCC(C)CCCC(C)C,CCCC(=O)OCCC(C)CCCC(C)C,floral;fruity;rose,3,leffingwell
CC(=O)OC(C)CCCC(C)C,CC(=O)OC(C)CCCC(C)C,fruity;sweet,2,leffingwell
CC(C)=CCOC(=O)c1ccccc1O,CC(C)=CCOC(=O)c1ccccc1O,floral;green;herbal;metallic;sweet;woody,6,"goodscents,leffingwell"
CCCCC=CCC(=O)OC,CCCCC=CCC(=O)OC,fatty;fruity;green;melon;pear,5,leffingwell
CCOc1ccccc1CO,CCOc1ccccc1CO,anise;aromatic;sweet;vanilla,4,leffingwell
CCCCc1nc(C)c(C)s1,CCCCc1nc(C)c(C)s1,green;meaty;nutty;roasted;sulfur,5,leffingwell
CC1=NC(C)OC1,CC1=NC(C)OC1,meaty;nutty;roasted;vegetable,4,"goodscents,leffingwell"
CC(C)CC(=O)OC1CC2CCC1(C)C2(C)C,CC(C)CC(=O)OC1CC2CCC1(C)C2(C)C,balsamic;camphor;camphoreous;cooling;dry;earthy;fruity;green;herbal;minty;oily;pine;tropical;woody,14,"aromadb,flavornet,goodscents,leffingwell"
CCOC(=O)c1ccc(OC)cc1,CCOC(=O)c1ccc(OC)cc1,anise;cherry;floral;fruity;licorice;powdery;spicy;sweet,8,"goodscents,leffingwell"
CCCCC(=O)C(C)=O,CCCCC(=O)C(C)=O,buttery;cheesy;fatty;oily;sweet,5,"goodscents,leffingwell"
CC(C)=CCCC(C)CCOC(=O)C(C)C,CC(C)=CCCC(C)CCOC(=O)C(C)C,citrus;floral;fruity;geranium;green;rose;sweet;tropical,8,"aromadb,flavornet,goodscents,leffingwell"
Cc1ccc(C(C)C=O)cc1,Cc1ccc(C(C)C=O)cc1,floral;fresh;green;herbal;powdery;sweet;woody,7,"goodscents,leffingwell"
COC(Cc1ccccc1)OC,COC(Cc1ccccc1)OC,earthy;floral;green;mushroom,4,"goodscents,leffingwell"
Cc1ccc(OC(=O)Cc2ccccc2)cc1,Cc1ccc(OC(=O)Cc2ccccc2)cc1,animal;honey;hyacinth;lily;rose,5,"aromadb,goodscents,leffingwell"
CC(C)COC(=O)Cc1ccccc1,CC(C)COC(=O)Cc1ccccc1,amber;chocolate;cocoa;floral;fruity;honey;rose;sweet;waxy,9,"goodscents,leffingwell"
O=C(Cc1ccccc1)OCc1ccccc1,O=C(Cc1ccccc1)OCc1ccccc1,cocoa;floral;jasmin;rose;sweet,5,"aromadb,goodscents,leffingwell"
CC(C)C(=O)OCCOc1ccccc1,CC(C)C(=O)OCCOc1ccccc1,apple;floral;fruity;green;honey;powdery;rose;sweet;tropical;waxy,10,"goodscents,leffingwell"
Cc1ccc(CC=O)cc1,Cc1ccc(CC=O)cc1,bark;cherry;fruity;green;melon;nutty;phenolic;sweet,8,"goodscents,leffingwell"
COc1ccc(CCC(C)=O)cc1,COc1ccc(CCC(C)=O)cc1,berry;cherry;floral;fruity;raspberry;rose;sweet;vanilla,8,"aromadb,goodscents,leffingwell"
O=COCCCc1ccccc1,O=COCCCc1ccccc1,cinnamon;floral;green;honey;hyacinth;sweet,6,"goodscents,leffingwell"
O=C1CCCCCCCCCCCC(=O)OCCO1,O=C1CCCCCCCCCCCC(=O)OCCO1,fatty;floral;musk;oily;powdery;sweet;woody,7,"aromadb,goodscents,leffingwell"
CCCCCCCCCCCC(=O)OCCCC,CCCCCCCCCCCC(=O)OCCCC,fatty;fermented;fruity;milky;oily;soap;waxy,7,"aromadb,flavornet,goodscents,leffingwell"
CC(C)=CCCC(C)C=O,CC(C)=CCCC(C)C=O,clean;floral;fresh;fruity;green;melon;oily;ozone;sweet,9,"aromadb,flavornet,goodscents,leffingwell"
CC(C)=CC=O,CC(C)=CC=O,almond;brown;cherry;fruity;nutty;pungent;spicy;sweet,8,"goodscents,leffingwell"
CCCCCCCCOC(=O)C(C)C,CCCCCCCCOC(=O)C(C)C,aldehydic;clean;creamy;earthy;fatty;fruity;green;herbal;oily;soap;vegetable;waxy,12,"goodscents,leffingwell"
C=CCCCCCCCCC(=O)OCCCC,C=CCCCCCCCCC(=O)OCCCC,brandy;buttery;fatty;floral;fruity;waxy;winey,7,"goodscents,leffingwell"
CCCCCCCCOC(=O)CCC,CCCCCCCCOC(=O)CCC,creamy;earthy;fatty;floral;fresh;fruity;green;herbal;jasmin;oily;sweet;waxy,12,"goodscents,leffingwell"
CCCCCCCCCC(C)C=O,CCCCCCCCCC(C)C=O,aldehydic;amber;citrus;coumarinic;dry;fatty;fresh;fruity;metallic;waxy,10,"goodscents,leffingwell"
C=CCCCCCCCCCOC(C)=O,C=CCCCCCCCCCOC(C)=O,cheesy;clean;fatty;floral;fresh;fruity;honey;licorice;meaty;milky;rose;waxy,12,"goodscents,leffingwell"
C=CC(C)(CCC=C(C)C)OC=O,C=CC(C)(CCC=C(C)C)OC=O,bergamot;citrus;fatty;fresh;green;herbal;lavender;soap;woody,9,"aromadb,flavornet,goodscents,leffingwell"
CC1=C(C=O)C(C)(C)CC=C1,CC1=C(C=O)C(C)(C)CC=C1,camphoreous;fresh;herbaceous;herbal;medicinal;metallic;phenolic;powdery;spicy;sweet;tobacco;woody,12,"aromadb,flavornet,goodscents,leffingwell"
Cc1cccc(C)c1S,Cc1cccc(C)c1S,meaty;metallic;phenolic;roasted;smoky;sulfur,6,"goodscents,leffingwell"
CC(C)COC(=O)c1ccccc1,CC(C)COC(=O)c1ccccc1,balsamic;floral;fruity;green;leafy;musty;powdery;rose;sweet,9,"goodscents,leffingwell"
CCCCCCCCOC(=O)Cc1ccccc1,CCCCCCCCOC(=O)Cc1ccccc1,citrus;earthy;fatty;floral;fruity;honey;orange;rose;sweet,9,"goodscents,leffingwell"
CCC(=O)OCCCc1ccccc1,CCC(=O)OCCCc1ccccc1,balsamic;floral;fruity;hyacinth,4,"goodscents,leffingwell"
COc1ccc(COC=O)cc1,COc1ccc(COC=O)cc1,anise;floral;fruity;green;herbaceous;powdery;spicy;sweet;vanilla,9,"aromadb,goodscents,leffingwell"
CC1(C)[C@H]2CC[C@@]1(C)[C@H](O)C2,CC1(C)C2CCC1(C)C(O)C2,balsamic;camphor;camphoreous;earthy;herbal;minty;musty;peppery;pine;woody,10,"aromadb,flavornet,goodscents,leffingwell"
C=C(C)CCCC(C)CCOC(=O)C(C)C,C=C(C)CCCC(C)CCOC(=O)C(C)C,floral;fruity;geranium;rose;spicy;sweet;tropical,7,"aromadb,goodscents,leffingwell"
C=C(C)CCCC(C)CCOC=O,C=C(C)CCCC(C)CCOC=O,dry;floral;fresh;fruity;geranium;green;leafy;rose,8,"goodscents,leffingwell"
C=C(C)CCCC(C)CCOC(=O)CCC,C=C(C)CCCC(C)CCOC(=O)CCC,berry;floral;fruity;geranium;rose;sweet;tropical,7,"goodscents,leffingwell"
CCCCCCCCOC(=O)CC,CCCCCCCCOC(=O)CC,fatty;floral;fruity;green;jammy;mushroom;raspberry;sweet;waxy;woody,10,"goodscents,leffingwell"
C=CC(C)(CCC=C(C)C)OC(=O)CC,C=CC(C)(CCC=C(C)C)OC(=O)CC,bergamot;floral;fresh;fruity;lily;rose;rummy;sweet;woody,9,"aromadb,goodscents,leffingwell"
CC1=C(CC=O)C(C)(C)CCC1,CC1=C(CC=O)C(C)(C)CCC1,berry;camphoreous;cooling;fruity;medicinal;oily;orris;soap;sweet;tea;tobacco;woody,12,"goodscents,leffingwell"
CC12CCCC(O)(C1)C1CC(C)(C)C1CC2,CC12CCCC(O)(C1)C1CC(C)(C)C1CC2,dry;earthy;spicy;warm;woody,5,"flavornet,goodscents,leffingwell"
CC1=CC(O)C2CC1C2(C)C,CC1=CC(O)C2CC1C2(C)C,balsamic;camphoreous;fresh;herbal;minty;ozone;pine;spicy;sweet,9,"aromadb,goodscents,leffingwell"
CC1(C)CCCC2(C)C1CCC1(C)OC(=O)CC12,CC1(C)CCCC2(C)C1CCC1(C)OC(=O)CC12,aromatic;cedar;dry;tobacco;woody,5,"aromadb,goodscents,leffingwell"
CC1(C)C2CC=C(C=O)C1C2,CC1(C)C2CC=C(C=O)C1C2,camphoreous;cinnamon;cooling;green;herbaceous;herbal;jammy;minty;spicy;sweet;terpenic;woody,12,"aromadb,flavornet,goodscents,leffingwell"
CCCCOCc1ccccc1,CCCCOCc1ccccc1,floral;fruity;rose;sweet,4,"goodscents,leffingwell"
CCCCOC(=O)CCCC,CCCCOC(=O)CCCC,apple;ethereal;fruity;green;pineapple;raspberry;sweet;tropical,8,"aromadb,goodscents,leffingwell"
C=CCCC(=O)O,C=CCCC(=O)O,buttery;caramel;cheesy;sour,4,"goodscents,leffingwell"
COC(=O)c1ccccc1OC,COC(=O)c1ccccc1OC,anise;black;currant;floral;fruity;herbal;hyacinth;musty;winey,9,"aromadb,goodscents,leffingwell"
C=Cc1ccccc1OC,C=Cc1ccccc1OC,earthy;ethereal;green;herbal;leathery;medicinal;musty;nutty;spicy;woody,10,"goodscents,leffingwell"
COc1ccccc1OC(C)=O,COc1ccccc1OC(C)=O,dry;phenolic;powdery;smoky;spicy;sweet;vanilla;woody,8,"aromadb,goodscents,leffingwell"
Cc1ccccc1OC(=O)c1ccccc1O,Cc1ccccc1OC(=O)c1ccccc1O,aromatic;herbal;minty;sweet,4,"goodscents,leffingwell"
CC(C)OC(=O)C(C)O,CC(C)OC(=O)C(C)O,buttery;caramel;fruity;milky,4,leffingwell
CCC(=O)OCc1ccco1,CCC(=O)OCc1ccco1,banana;coffee;fruity;green;oily;pear;spicy;sweet,8,"goodscents,leffingwell"
CCCC(=O)OCc1ccco1,CCCC(=O)OCc1ccco1,fruity;grape;green,3,"goodscents,leffingwell"
CCSC(C)=O,CCSC(C)=O,coffee;fruity;garlic;meaty;onion;sulfur,6,"goodscents,leffingwell"
CCCCCCOC=O,CCCCCCOC=O,apple;banana;ethereal;fruity;green;plum;sweet,7,"goodscents,leffingwell"
CCC(=O)OCC1CCCO1,CCC(=O)OCC1CCCO1,banana;caramel;fatty;fermented;fruity;leaf;musty;nutty;oily;sweet;tropical;violet,12,"goodscents,leffingwell"
CCCC(=O)OC(C)C,CCCC(=O)OC(C)C,buttery;estery;ethereal;fruity;pineapple;pungent;ripe;strawberry;sweet,9,"flavornet,goodscents,leffingwell"
CCCCCCCC(=O)OCCCCC,CCCCCCCC(=O)OCCCCC,cognac;earthy;fatty;floral;fruity;oily;orris;sweet;winey,9,"aromadb,goodscents,leffingwell"
CC(=O)OCCc1scnc1C,CC(=O)OCCc1scnc1C,beefy;bread;bready;brothy;brown;chicken;meaty;nutty,8,"goodscents,leffingwell"
CCC1OC(=O)C(O)=C1C,CCC1OC(=O)C(O)=C1C,brown;caramel;fruity;nutty;spicy;sweet,6,"flavornet,goodscents,leffingwell"
Cc1ccc(C=O)c(O)c1,Cc1ccc(C=O)c(O)c1,almond;bitter;burnt;caramel;cherry;coumarinic;fruity;phenolic;sweet,9,"aromadb,goodscents,leffingwell"
CCCC(O)Cc1ccccc1,CCCC(O)Cc1ccccc1,earthy;floral;green;sweet,4,"aromadb,goodscents,leffingwell"
CCCCCCC1CCCC(=O)O1,CCCCCCC1CCCC(=O)O1,coconut;creamy;fatty;fruity;milky;peach;sweet;waxy,8,"flavornet,goodscents,leffingwell"
CC1CCC(=O)C1=O,CC1CCC(=O)C1=O,bready;burnt;caramel;coffee;sweet;woody,6,"goodscents,leffingwell"
CC(S)CS,CC(S)CS,onion;sulfur,2,leffingwell
COc1cc(C=O)ccc1OC(C)=O,COc1cc(C=O)ccc1OC(C)=O,creamy;floral;powdery;sweet;vanilla,5,"aromadb,goodscents,leffingwell"
CCCCCCC(=O)CC,CCCCCCC(=O)CC,floral;fresh;fruity;grassy;green;herbal;jasmin;leafy;spicy;sweet,10,"aromadb,goodscents,leffingwell"
CC(=O)c1cccn1C,CC(=O)c1cccn1C,earthy;floral;nutty;sweet,4,"goodscents,leffingwell"
C=CC(CC=O)c1ccccc1,C=CC(CC=O)c1ccccc1,cocoa;floral,2,leffingwell
O=C1CCSC1,O=C1CCSC1,buttery;cooked;garlic;green;meaty;onion;roasted;vegetable,8,"goodscents,leffingwell"
CCC(=O)c1ccc[nH]1,CCC(=O)c1ccc[nH]1,green;popcorn;roasted,3,"flavornet,goodscents,leffingwell"
CSc1ccccc1O,CSc1ccccc1O,beefy;brothy;burnt;caramel;garlic;meaty;onion;smoky;sulfur,9,"goodscents,leffingwell"
CC(=O)OCC1=CCC2CC1C2(C)C,CC(=O)OCC1=CCC2CC1C2(C)C,cedar;citrus;cooling;floral;fresh;fruity;green;herbal;spicy;sweet;woody,11,"goodscents,leffingwell"
CC(C)=CC1CC(C)=CCO1,CC(C)=CC1CC(C)=CCO1,bark;celery;floral;green;herbal;minty;vegetable;weedy,8,"flavornet,goodscents,leffingwell"
C=CCOC=O,C=CCOC=O,ethereal;fruity;pungent,3,"goodscents,leffingwell"
CC(C)SCc1ccco1,CC(C)SCc1ccco1,coffee;floral;garlic;meaty;onion;roasted;savory,7,"goodscents,leffingwell"
CC1=CCC(CCO)C1(C)C,CC1=CCC(CCO)C1(C)C,berry;camphor;camphoreous;sweet;woody,5,"aromadb,goodscents,leffingwell"
COC(=O)CC(C)CCC=C(C)C,COC(=O)CC(C)CCC=C(C)C,apple;brandy;dry;fatty;floral;fruity;geranium;green;sweet;waxy;weedy;winey,12,"goodscents,leffingwell"
CCCC(O)CC(=O)OCC,CCCC(O)CC(=O)OCC,burnt;citrus;fresh;fruity;grape;green;hay;pineapple;spicy;sweet;winey;woody,12,"flavornet,goodscents,leffingwell"
CCCCCCCCOC(=O)CCCCCCC,CCCCCCCCOC(=O)CCCCCCC,coconut;fatty;fruity;herbal;oily;sweet;tea,7,"goodscents,leffingwell"
CCCSC(C)=O,CCCSC(C)=O,fresh;garlic;green;onion;sulfur;vegetable,6,"goodscents,leffingwell"
CC(=O)CC(=O)OCCC(C)C,CC(=O)CC(=O)OCCC(C)C,ethereal;fermented;fruity;green;sweet;winey,6,"goodscents,leffingwell"
CC(O)CCc1ccccc1,CC(O)CCc1ccccc1,floral;fruity;herbal;sweet,4,"goodscents,leffingwell"
CCCCCCCCCCCCCC(C)=O,CCCCCCCCCCCCCC(C)=O,burnt;celery;fatty;floral;fresh;fruity;jasmin;milky;oily;waxy,10,"goodscents,leffingwell"
CCCCCCCOC(=O)C(C)C,CCCCCCCOC(=O)C(C)C,apple;apricot;cherry;estery;floral;fruity;green;herbal;peach;pineapple;sweet;tropical;warm,13,"goodscents,leffingwell"
CCCC=CC(=O)OC,CCCC=CC(=O)OC,banana;earthy;estery;fatty;fresh;fruity;green;honey;musty;pineapple;sweet,11,"goodscents,leffingwell"
C=CCOC(=O)CC,C=CCOC(=O)CC,apple;apricot;banana;ethereal;fruity;garlic;nut;pear;pungent;ripe;skin;sour;tropical,13,"aromadb,goodscents,leffingwell"
COC1=C(C)OC(C)C1=O,COC1=C(C)OC(C)C1=O,brandy;burnt;caramel;cocoa;coffee;coumarinic;fruity;lactonic;meaty;mushroom;musty;nut;potato;skin;sweet;vegetable;winey,17,"flavornet,goodscents,leffingwell"
COc1ccccc1OC(=O)Cc1ccccc1,COc1ccccc1OC(=O)Cc1ccccc1,anise;balsamic;chemical;dry;floral;honey;phenolic;powdery;spicy;sweet;woody,11,"goodscents,leffingwell"
CC(=O)OC1=C(C)OC(C)C1=O,CC(=O)OC1=C(C)OC(C)C1=O,bread;brown;burnt;caramel;fatty;fruity;strawberry;sweet;tropical,9,"flavornet,goodscents,leffingwell"
C=CCOC(=O)c1ccco1,C=CCOC(=O)c1ccco1,caramel;coffee;fruity;jammy,4,"aromadb,goodscents,leffingwell"
O=Cc1cc2ccccc2o1,O=Cc1cc2ccccc2o1,almond;bitter;coumarinic;fruity;nutty;sweet,6,"goodscents,leffingwell"
CCCCCCCOC(=O)CCCCCCC,CCCCCCCOC(=O)CCCCCCC,fatty;fresh;fruity;green;musty;oily;tropical;waxy,8,"goodscents,leffingwell"
C=CC(=O)CCCCC,C=CC(=O)CCCCC,cabbage;chicken;earthy;fishy;herbal;metallic;mushroom;musty;savory;vegetable,10,"aromadb,flavornet,goodscents,leffingwell"
CCOCCC(=O)O,CCOCCC(=O)O,ethereal;fruity;pungent,3,leffingwell
CC(C)c1ccc(CC=O)cc1,CC(C)c1ccc(CC=O)cc1,aldehydic;bark;earthy;green;woody,5,"aromadb,goodscents,leffingwell"
CCCCC1OC(=O)c2ccccc21,CCCCC1OC(=O)c2ccccc21,celery;herbaceous;herbal;phenolic,4,"aromadb,goodscents,leffingwell"
CCC(=O)OC1CCCCC1,CCC(=O)OC1CCCCC1,banana;fruity;green;pineapple;sweet;waxy,6,"aromadb,goodscents,leffingwell"
CCCCCC(=O)OCCc1ccccc1,CCCCCC(=O)OCCc1ccccc1,banana;floral;fruity;green;honey;pineapple;rose;sweet;waxy;woody,10,"aromadb,goodscents,leffingwell"
CCCCCCCCCCCC(=O)OCCC(C)C,CCCCCCCCCCCC(=O)OCCC(C)C,alcoholic;creamy;fatty;oily;peach;waxy;winey,7,"aromadb,goodscents,leffingwell"
C=Cc1ccc(OC)c(OC)c1,C=Cc1ccc(OC)c(OC)c1,bark;earthy;floral;fruity;green;medicinal;phenolic;smoky;sweet;vegetable;weedy,11,"aromadb,goodscents,leffingwell"
CC(C)=CCCC(C)CCOCC=O,CC(C)=CCCC(C)CCOCC=O,aldehydic;citrus;floral;fresh;green;melon;muguet;rose;sweet;waxy,10,"aromadb,goodscents,leffingwell"
CC(C)=C(C)C(=O)OCc1ccccc1,CC(C)=C(C)C(=O)OCc1ccccc1,fruity;herbaceous;herbal;spicy;warm,5,"aromadb,goodscents,leffingwell"
CCCOC(C)OCCc1ccccc1,CCCOC(C)OCCc1ccccc1,floral;green;herbal;hyacinth;leafy,5,"aromadb,goodscents,leffingwell"
CCCCCCCCC(=O)C(C)=O,CCCCCCCCC(=O)C(C)=O,aldehydic;coconut;creamy;fatty;milky;sweet;vegetable;waxy,8,"goodscents,leffingwell"
C=CCOC(=O)CCCC1CCCCC1,C=CCOC(=O)CCCC1CCCCC1,fatty;fruity;pineapple;sweet,4,"goodscents,leffingwell"
C=CCOC(=O)CCCCCC1CCCCC1,C=CCOC(=O)CCCCCC1CCCCC1,fatty;fruity,2,"goodscents,leffingwell"
C=CCOC(=O)CCCCC1CCCCC1,C=CCOC(=O)CCCCC1CCCCC1,apple;apricot;fruity;peach;pineapple;sweet,6,"goodscents,leffingwell"
C=CCOC(=O)C(CC)CC,C=CCOC(=O)C(CC)CC,cherry;ethereal;fruity;nutty;oily;peach,6,"aromadb,goodscents,leffingwell"
C=CCOC(=O)CCCCCCCC,C=CCOC(=O)CCCCCCCC,bark;cognac;creamy;fatty;fruity;nutty;pineapple;sweet;waxy;winey,10,"aromadb,goodscents,leffingwell"
C=CCCCCCCCCC(=O)OCC=C,C=CCCCCCCCCC(=O)OCC=C,coconut;fatty;fruity;nutty;pineapple;sweet;waxy,7,"goodscents,leffingwell"
CCCCCCC(=O)OCCCCC,CCCCCCC(=O)OCCCCC,banana;coconut;dry;ethereal;fruity;green;lemon;winey,8,"goodscents,leffingwell"
CCCCC(=O)OCCC(C)CCC=C(C)C,CCCCC(=O)OCCC(C)CCC=C(C)C,floral;fruity;herbal;honey;rose;warm,6,"aromadb,flavornet,goodscents,leffingwell"
CCC(=O)OCc1ccc(OC)cc1,CCC(=O)OCc1ccc(OC)cc1,anise;cherry;floral;fruity;herbal;peach;sweet;vanilla,8,"goodscents,leffingwell"
CCCCC(=O)O[C@@H]1CC2CCC1(C)C2(C)C,CCCCC(=O)OC1CC2CCC1(C)C2(C)C,berry;camphor;camphoreous;fruity;herbal;pine;spicy;tobacco;woody,9,"aromadb,goodscents,leffingwell"
CCCCCCCC(OC)OC,CCCCCCCC(OC)OC,citrus;cognac;floral;fresh;green;leafy;orange;ozone;rose;violet;waxy,11,"goodscents,leffingwell"
CCCCCCCCCCCC(=O)Oc1ccc(C)cc1,CCCCCCCCCCCC(=O)Oc1ccc(C)cc1,balsamic;floral;nutty;oily;sweet;vanilla;waxy,7,"goodscents,leffingwell"
C=CC(C)(CCC=C(C)C)OC(=O)CCCCCCC,C=CC(C)(CCC=C(C)C)OC(=O)CCCCCCC,dry;fruity;green;herbal;sweet,5,"goodscents,leffingwell"
CC(C)C(=O)OC(C)(C)CCc1ccccc1,CC(C)C(=O)OC(C)(C)CCc1ccccc1,floral;fruity;geranium;green;herbal;honey;plum;powdery;tea;tropical,10,"goodscents,leffingwell"
CCCC(=O)OC(CC)c1ccccc1,CCCC(=O)OC(CC)c1ccccc1,apricot;floral;fruity;jasmin;plum;sweet,6,"goodscents,leffingwell"
CCC(CC)COC(C)=O,CCC(CC)COC(C)=O,banana;ethereal;fermented;fruity;musty;oily;pear;sweet,8,"goodscents,leffingwell"
CCOC(=O)CCc1ccco1,CCOC(=O)CCc1ccco1,balsamic;chamomile;cooked;fruity;green;horseradish;jammy;pineapple;ripe;rummy;sweet;woody,12,"goodscents,leffingwell"
CCCCCCC#CC(=O)OCC,CCCCCCC#CC(=O)OCC,cucumber;floral;green;leaf;leafy;violet,6,"goodscents,leffingwell"
CCOC(=O)CCCc1ccccc1,CCOC(=O)CCCc1ccccc1,fruity;plum;sweet,3,"goodscents,leffingwell"
CCCCCCC(OC)OC,CCCCCCC(OC)OC,fatty;fruity;green;oily;orange;tropical;vegetable;waxy,8,"goodscents,leffingwell"
CCCCCCOC(=O)CC(C)C,CCCCCCOC(=O)CC(C)C,apple;fresh;fruity;green;juicy;skin;strawberry;sweet,8,"goodscents,leffingwell"
CCCCCCC1CC(OC(C)=O)CO1,CCCCCCC1CC(OC(C)=O)CO1,floral;fruity;sweet,3,"goodscents,leffingwell"
CC(C)(Cc1ccccc1)OC=O,CC(C)(Cc1ccccc1)OC=O,dry;floral;green;herbal;jasmin;jasmine;lily,7,"aromadb,goodscents,leffingwell"
CCOC(=O)CCC1CCCCC1,CCOC(=O)CCC1CCCCC1,fruity;peach;pear;pineapple;sweet,5,"goodscents,leffingwell"
O=C1CCCC=C1O,O=C1CCCC=C1O,burnt;caramel,2,leffingwell
CCC(C)(O)CCc1ccccc1,CCC(C)(O)CCc1ccccc1,anise;earthy;floral;fresh;fruity;rose;sweet,7,"goodscents,leffingwell"
CC(=O)OC(C)CCc1ccccc1,CC(=O)OC(C)CCc1ccccc1,fruity;green;sweet,3,"goodscents,leffingwell"
C=C(C)CCCC(C)CCOC(=O)Cc1ccccc1,C=C(C)CCCC(C)CCOC(=O)Cc1ccccc1,floral;geranium;green;honey;powdery;rose;sweet;waxy,8,"goodscents,leffingwell"
OCCCCCc1ccccc1,OCCCCCc1ccccc1,citrus;floral;herbal;lemon;rose;sweet,6,"goodscents,leffingwell"
CCCCCCCCC#CC(=O)OC,CCCCCCCCC#CC(=O)OC,fatty;floral;fruity;green;meaty;milky;violet;waxy,8,"goodscents,leffingwell"
CC(=O)c1cc(C)oc1C,CC(=O)c1cc(C)oc1C,cocoa;earthy;leathery;musty;nutty;powdery;roasted;sweet,8,"aromadb,goodscents,leffingwell"
CCOCc1ccc(O)c(OC)c1,CCOCc1ccc(O)c(OC)c1,alcoholic;chocolate;creamy;phenolic;rummy;smoky;spicy;sweet;vanilla,9,"goodscents,leffingwell"
CCOC(=O)C(=O)CC(=O)CC,CCOC(=O)C(=O)CC(=O)CC,burnt;caramel;floral;fruity,4,leffingwell
CCOC(=O)CCSC,CCOC(=O)CCSC,caramel;fruity;metallic;pineapple;ripe;sulfur;tomato,7,"goodscents,leffingwell"
CC1CC(=O)C(=O)C1C,CC1CC(=O)C(=O)C1C,burnt;caramel;licorice;sweet,4,"goodscents,leffingwell"
CC1CC(C)C(=O)C1=O,CC1CC(C)C(=O)C1=O,brown;burnt;caramel;coffee;nutty;sweet,6,"goodscents,leffingwell"
COC(=O)CCSC,COC(=O)CCSC,cabbage;fruity;garlic;green;horseradish;onion;pungent;radish;sulfur;sweet;tomato;tropical;vegetable,13,"goodscents,leffingwell"
Cc1nc(C)c(C)s1,Cc1nc(C)c(C)s1,brown;chocolate;cocoa;coffee;earthy;hazelnut;herbal;musty;nutty;vegetable,10,"flavornet,goodscents,leffingwell"
CCC(=O)CSC,CCC(=O)CSC,fishy;fresh;garlic;horseradish;metallic;mushroom;oily;onion;radish;savory;vegetable,11,"goodscents,leffingwell"
CSc1ccc(C)o1,CSc1ccc(C)o1,burnt;coffee;garlic;horseradish;onion;peppery;pungent;sulfur,8,"goodscents,leffingwell"
CC(C)CC(=O)OCc1ccco1,CC(C)CC(=O)OCc1ccco1,berry;fruity;grape;plum;ripe,5,"goodscents,leffingwell"
c1coc(CSCc2ccco2)c1,c1coc(CSCc2ccco2)c1,burnt;cocoa;coffee;earthy;meaty;mushroom;nutty;roasted;savory;sulfur,10,"goodscents,leffingwell"
CC(=O)SCc1ccco1,CC(=O)SCc1ccco1,burnt;coffee;garlic;nutty;roasted;savory;sulfur;vegetable,8,"flavornet,goodscents,leffingwell"
COCc1ccco1,COCc1ccco1,coffee;roasted,2,"goodscents,leffingwell"
CSC(=O)c1ccco1,CSC(=O)c1ccco1,cabbage;cheesy;cooked;creamy;garlic;milky;onion,7,"goodscents,leffingwell"
Cc1ccc(C=O)s1,Cc1ccc(C=O)s1,almond;bitter;bready;cherry;fruity;sulfur;sweet;woody,8,"flavornet,goodscents,leffingwell"
CC1SCCC1=O,CC1SCCC1=O,berry;black;burnt;cabbage;currant;fruity;onion;sulfur,8,"flavornet,goodscents,leffingwell"
C=CC1(C)CCC(C(=C)C)O1,C=CC1(C)CCC(C(=C)C)O1,cooling;fresh;green;herbal;minty;phenolic;pine;spicy;terpenic,9,"goodscents,leffingwell"
Cc1cccc2nccnc12,Cc1cccc2nccnc12,burnt;coffee;hazelnut;musty;nutty;potato;roasted,7,"goodscents,leffingwell"
CC(=O)OC1C(C)(C)[C@@H]2CC[C@@]1(C)C2,CC(=O)OC1C2(C)CCC(C2)C1(C)C,balsamic;citrus;fresh;herbal;pine;sweet,6,"goodscents,leffingwell"
Cc1cnc(C(C)C)cn1,Cc1cnc(C(C)C)cn1,coffee;earthy;green;nutty;roasted,5,"flavornet,goodscents,leffingwell"
CCc1cc(OC)c(O)c(OC)c1,CCc1cc(OC)c(O)c(OC)c1,burnt;phenolic;smoky;spicy,4,leffingwell
CC(C)Cc1cccnc1,CC(C)Cc1cccnc1,aromatic;earthy;green,3,"goodscents,leffingwell"
CCCCCC(=O)c1ccco1,CCCCCC(=O)c1ccco1,apricot;fruity;green;ketonic;peach;sweet,6,"goodscents,leffingwell"
C=CCCCCCCCC(=O)O,C=CCCCCCCCC(=O)O,cheesy;creamy;fatty;fruity;green;milky;soap;waxy,8,"aromadb,goodscents,leffingwell"
CC1=CCC(C(C)(C)OC(=O)c2ccccc2N)CC1,CC1=CCC(C(C)(C)OC(=O)c2ccccc2N)CC1,floral;fruity;lily;musty;orangeflower;sweet,6,"goodscents,leffingwell"
CCC(C)C1CCCCC1=O,CCC(C)C1CCCCC1=O,camphor;camphoreous;cooling;fresh;minty;woody,6,"aromadb,goodscents,leffingwell"
C=C(C)C1CC=C(COC(C)=O)CC1,C=C(C)C1CC=C(COC(C)=O)CC1,floral;fruity;geranium;green;herbal;minty;phenolic;spicy;woody,9,"aromadb,goodscents,leffingwell"
C=C(COC(C)=O)C1CC=C(C)CC1,C=C(COC(C)=O)C1CC=C(C)CC1,fruity;herbal;minty;sweet;woody,5,"goodscents,leffingwell"
Cc1csc(C(C)C)n1,Cc1csc(C(C)C)n1,coffee;earthy;fruity;garlic;green;meaty;musty;nutty;peach;sulfur;tropical;vegetable,12,"goodscents,leffingwell"
CCOc1nccs1,CCOc1nccs1,brothy;burnt;coffee;green;meaty;musty;nutty;onion;phenolic;roasted;sweet;vegetable,12,"goodscents,leffingwell"
CCCCOC(=O)C(C)CC,CCCCOC(=O)C(C)CC,apple;celery;cocoa;ethereal;fruity;grassy;green;herbal;jammy;peach;pineapple;tropical,12,"flavornet,goodscents,leffingwell"
Cc1ccc(C=O)c(C)c1,Cc1ccc(C=O)c(C)c1,almond;chemical;cherry;powdery;spicy;sweet;vanilla,7,"aromadb,goodscents,leffingwell"
CCC(S)CS,CCC(S)CS,burnt;garlic;meaty;roasted;sulfur,5,"goodscents,leffingwell"
CCCCCCCC1CC=CC(=O)O1,CCCCCCCC1CC=CC(=O)O1,buttery;coconut;creamy;fatty;lactonic;milky;waxy,7,"goodscents,leffingwell"
CCCCCCC1CCCCC(=O)O1,CCCCCCC1CCCCC(=O)O1,apricot;celery;fatty;fruity;milky;peach;sweet,7,"goodscents,leffingwell"
CSC(C)CC=O,CSC(C)CC=O,cabbage;cheesy;fishy;green;musk;potato;sulfur;tomato;vegetable,9,"goodscents,leffingwell"
CCCCCC=CCCC=O,CCCCCC=CCCC=O,aldehydic;citrus;fatty;floral;fresh;fruity;green;orange,8,"aromadb,flavornet,goodscents,leffingwell"
CCC(C=O)c1ccc(C)o1,CCC(C=O)c1ccc(C)o1,cucumber;fatty;fruity;green;vegetable,5,leffingwell
CC(C)CC(=O)OC(C)C,CC(C)CC(=O)OC(C)C,apple;berry;cheesy;ethereal;fruity;pineapple;winey,7,"goodscents,leffingwell"
CCc1nccnc1C(C)=O,CCc1nccnc1C(C)=O,earthy;hazelnut;meaty;musty;nutty;popcorn;potato,7,"aromadb,goodscents,leffingwell"
CSCCC(C)=O,CSCCC(C)=O,cheesy;earthy;fatty;fishy;fruity;metallic;potato;sulfur;sweet;tomato;vegetable,11,"flavornet,goodscents,leffingwell"
C=CCSSSC,C=CCSSSC,creamy;garlic;onion;sulfur,4,"goodscents,leffingwell"
CC1=CC2=CC(=O)CCC2CC1,CC1=CC2=CC(=O)CCC2CC1,coconut;coumarinic;fruity,3,"goodscents,leffingwell"
CC(=O)CCS,CC(=O)CCS,meaty;onion;potato;sulfur,4,"goodscents,leffingwell"
CC(C)=C1CCC2(C)OC2C1=O,CC(C)=C1CCC2(C)OC2C1=O,apple;herbal;minty;pineapple,4,"goodscents,leffingwell"
SCCc1cnccn1,SCCc1cnccn1,beefy;burnt;cabbage;chicken;meaty;roasted;savory;sulfur,8,"goodscents,leffingwell"
Cc1ncc2c(n1)CSC2,Cc1ncc2c(n1)CSC2,nutty;popcorn;roasted,3,"goodscents,leffingwell"
CC1=CCCC(C)(C)C12CCC(C)O2,CC1=CCCC(C)(C)C12CCC(C)O2,camphoreous;cooling;fresh;fruity;green;herbal;leafy;metallic;minty;spicy;sweet;tea;tobacco;woody,14,"goodscents,leffingwell"
Cc1ccccc1OC(=O)C(C)C,Cc1ccccc1OC(=O)C(C)C,berry;fruity;medicinal;phenolic,4,"aromadb,goodscents,leffingwell"
CCCCC(=O)OCc1ccco1,CCCCC(=O)OCc1ccco1,apple;caramel;cheesy;fruity;pineapple;sweet;tropical,7,"goodscents,leffingwell"
CC=C(C)C(=O)OCc1ccccc1,CC=C(C)C(=O)OCc1ccccc1,almond;balsamic;bark;cherry;earthy;green;mushroom;nutty;plastic;rose;sweet;vegetable,12,"aromadb,goodscents,leffingwell"
COc1cnc(C)s1,COc1cnc(C)s1,cabbage;green;sulfur;vegetable,4,"goodscents,leffingwell"
CC1OCCC12SC1CCOC1(C)S2,CC1OCCC12SC1CCOC1(C)S2,meaty,1,leffingwell
CCNc1ccccc1C(=O)OCC,CCNc1ccccc1C(=O)OCC,dry;floral;fruity;grape;winey,5,"goodscents,leffingwell"
CC1CCC(C(C)(C)S)C(=O)C1,CC1CCC(C(C)(C)S)C(=O)C1,berry;fruity;green;herbal;minty;peach;raspberry;sulfur;tropical,9,"goodscents,leffingwell"
CCCCCCOC(=O)c1ccco1,CCCCCCOC(=O)c1ccco1,apple;floral;fruity;green;pear;sweet;waxy,7,"goodscents,leffingwell"
CCCCCCCC(=O)OCc1ccco1,CCCCCCCC(=O)OCc1ccco1,bready;caramel;coconut;fruity;metallic;peach;sweet;waxy,8,"goodscents,leffingwell"
CCn1cccc1C(C)=O,CCn1cccc1C(C)=O,nutty;roasted,2,"goodscents,leffingwell"
CC(=O)CCSCCC(C)=O,CC(=O)CCSCCC(C)=O,fresh;green;meaty;spicy;sulfur,5,"goodscents,leffingwell"
CCCCCCCC1CC(C)OC1=O,CCCCCCCC1CC(C)OC1=O,citrus;creamy;fatty;fruity;green;lactonic;nutty;peach;plum;sweet;waxy,11,"goodscents,leffingwell"
C=CCSC(=O)CC,C=CCSC(=O)CC,fresh;garlic;green;onion;sweet,5,"goodscents,leffingwell"
CC(C)=CC(=O)OCCc1ccccc1,CC(C)=CC(=O)OCCc1ccccc1,green;herbal;sweet;winey,4,"goodscents,leffingwell"
CSCCCC=O,CSCCCC=O,cabbage;garlic;sulfur;tomato;vegetable,5,"goodscents,leffingwell"
CCOC(=O)c1ccoc1-c1ccccc1,CCOC(=O)c1ccoc1-c1ccccc1,berry;cherry;fruity;sweet;tropical,5,"goodscents,leffingwell"
CC(=O)OC1(C(C)=O)CCCCC1,CC(=O)OC1(C(C)=O)CCCCC1,cinnamon;floral;fruity;honey;nutty;rose;sweet,7,"aromadb,goodscents,leffingwell"
C=CCC(C)C(=O)OCC,C=CCC(C)C(=O)OCC,banana;cooling;estery;fatty;fruity;green;pineapple;ripe;spicy;tropical,10,"goodscents,leffingwell"
CCc1nc(C)c(C)o1,CCc1nc(C)c(C)o1,creamy;earthy;green;musty;vegetable,5,"goodscents,leffingwell"
CC(O)C(C)S,CC(O)C(C)S,brothy;garlic;meaty;onion;roasted;savory;sulfur,7,"goodscents,leffingwell"
CC(O)C(C)SC(C)C(C)S,CC(O)C(C)SC(C)C(C)S,brothy;burnt;fatty;meaty;roasted;savory;sulfur,7,"goodscents,leffingwell"
Cc1ccc(OC(=O)CC(C)C)cc1,Cc1ccc(OC(=O)CC(C)C)cc1,animal;herbaceous;herbal;sweet;tobacco,5,"aromadb,goodscents,leffingwell"
C=C(C)[C@H]1CC[C@@H](C)[C@H]1C=O,C=C(C)C1CCC(C)C1C=O,camphoreous;fruity;green;herbal;minty;woody,6,"goodscents,leffingwell"
CC(=O)CCc1ccc2c(c1)OCO2,CC(=O)CCc1ccc2c(c1)OCO2,berry;cherry;floral;fruity;jammy;powdery;raspberry;sweet;woody,9,"goodscents,leffingwell"
CC1(O)CSC(C)(O)CS1,CC1(O)CSC(C)(O)CS1,chicken;herbaceous;meaty;onion;savory;sweet,6,"aromadb,goodscents,leffingwell"
CC(C)C1=CCC(C(=O)O)CC1,CC(C)C1=CCC(C(=O)O)CC1,animal;herbal;spicy,3,"goodscents,leffingwell"
CC1=C(CCC(C)O)C(C)(C)CC=C1,CC1=C(CCC(C)O)C(C)(C)CC=C1,green;leathery;musk;orris,4,leffingwell
CC(=O)OC12CCCC(C)(CCC3C1CC3(C)C)C2,CC(=O)OC12CCCC(C)(CCC3C1CC3(C)C)C2,amber;dry;earthy;fruity;spicy;woody,6,"goodscents,leffingwell"
CC1OCCC1S,CC1OCCC1S,beefy;chicken;garlic;meaty;onion;roasted;savory;sulfur,8,"flavornet,goodscents,leffingwell"
CSSCc1ccco1,CSSCc1ccco1,bread;coffee;garlic;meaty;onion;roasted;sulfur,7,"flavornet,goodscents,leffingwell"
CCC(=O)SCc1ccco1,CCC(=O)SCc1ccco1,coffee;garlic;onion;savory;sulfur,5,"goodscents,leffingwell"
O=CSCc1ccco1,O=CSCc1ccco1,coffee;nutty;sulfur,3,"goodscents,leffingwell"
SCc1cnccn1,SCc1cnccn1,cabbage;caramel;meaty;roasted;sulfur,5,"goodscents,leffingwell"
CCCCCC(CO)C(C)=O,CCCCCC(CO)C(C)=O,earthy;herbal;musty;sweet,4,"goodscents,leffingwell"
C=C=CC(C)C(=O)OCC,C=C=CC(C)C(=O)OCC,apple;berry;earthy;fruity;green;melon;pear;rummy;strawberry;sweet;tropical,11,"goodscents,leffingwell"
CCCCC(=O)C(CCC)Sc1ccoc1C,CCCCC(=O)C(CCC)Sc1ccoc1C,beefy;brothy;meaty;roasted,4,"goodscents,leffingwell"
Cc1occc1SC(C(=O)CC(C)C)C(C)C,Cc1occc1SC(C(=O)CC(C)C)C(C)C,meaty;onion;roasted;sweet,4,"aromadb,goodscents,leffingwell"
C=C(CCCCC)C(C)=O,C=C(CCCCC)C(C)=O,fresh;fruity;mushroom;musty,4,"goodscents,leffingwell"
CC=CCCCCC=O,CC=CCCCCC=O,creamy;cucumber;fatty;fresh;fruity;green;melon,7,"goodscents,leffingwell"
CCC(S)C(C)=O,CCC(S)C(C)=O,fruity;garlic;grapefruit;hazelnut;horseradish;meaty;metallic;nutty;onion;potato;roasted;savory;sulfur;tropical,14,"flavornet,goodscents,leffingwell"
C=CC(C)(CCC=C(C)C)OC(=O)CCC,C=CC(C)(CCC=C(C)C)OC(=O)CCC,banana;bergamot;berry;citrus;floral;fruity;honey;peach;pear;pineapple;plum;spicy;sweet,13,"flavornet,goodscents,leffingwell"
CC(S)C(=O)O,CC(S)C(=O)O,brothy;brown;cheesy;meaty;roasted;savory;sulfur,7,"goodscents,leffingwell"
CCC(=O)OC(C)(C)C1CC=C(C)CC1,CCC(=O)OC(C)(C)C1CC=C(C)CC1,citrus;fruity;geranium;green;herbal;sweet;tropical;woody,8,"goodscents,leffingwell"
O=C(OCCc1ccccc1)c1ccccc1O,O=C(OCCc1ccccc1)c1ccccc1O,balsamic;floral;hyacinth;rose;spicy;sweet,6,"goodscents,leffingwell"
CCOC(=O)C(O)C(O)C(=O)OCC,CCOC(=O)C(O)C(O)C(=O)OCC,caramel;earthy;fruity;winey,4,"aromadb,flavornet,goodscents,leffingwell"
CC(=O)OC1CCCCC1C(C)(C)C,CC(=O)OC1CCCCC1C(C)(C)C,apple;bergamot;camphoreous;fresh;fruity;green;herbal;spicy;woody,9,"goodscents,leffingwell"
COC(OC)C(C)c1ccccc1,COC(OC)C(C)c1ccccc1,citrus;earthy;floral;green;honey;hyacinth;leafy;mushroom;sweet,9,"goodscents,leffingwell"
COc1cc(CO)ccc1O,COc1cc(CO)ccc1O,balsamic;caramel;coconut;creamy;milky;phenolic;powdery;sweet;vanilla,9,"aromadb,goodscents,leffingwell"
CC1CCC(C(C)C)OC(=O)C1,CC1CCC(C(C)C)OC(=O)C1,brown;caramel,2,"goodscents,leffingwell"
CC(C)[C@@H]1CC[C@@H](C)[C@H](O)C1,CC(C)C1CCC(C)C(O)C1,herbal;minty,2,"aromadb,leffingwell"
CSCCCN=C=S,CSCCCN=C=S,earthy;horseradish;metallic;pungent;radish;sulfur;vegetable,7,"goodscents,leffingwell"
C=CCc1ccc(OC(=O)c2ccccc2)c(OC)c1,C=CCc1ccc(OC(=O)c2ccccc2)c(OC)c1,balsamic;spicy;warm,3,"aromadb,goodscents,leffingwell"
CC1=CC(=O)CC(C)(C)C1=O,CC1=CC(=O)CC(C)(C)C1=O,brown;citrus;hay;honey;leafy;lemon;musty;sweet;tea;tobacco;woody,11,"goodscents,leffingwell"
COC(OC)c1ccccc1,COC(OC)c1ccccc1,almond;earthy;floral;fruity;green;nutty;potato;sweet;vegetable;winey,10,"aromadb,goodscents,leffingwell"
CCCCCC1=C(C)CCC1=O,CCCCCC1=C(C)CCC1=O,floral;fresh;fruity;herbal;jasmin;jasmine;powdery;spicy;sweet;woody,10,"aromadb,goodscents,leffingwell"
CC1COC(C)(C)O1,CC1COC(C)(C)O1,earthy;ethereal;fruity;green;leaf;musty;potato;sweet;tomato;vegetable,10,"aromadb,goodscents,leffingwell"
C=C(C)c1ccc(C)cc1,C=C(C)c1ccc(C)cc1,citrus;coffee;lemon;musty;nutty;phenolic;pine;spicy,8,"aromadb,flavornet,goodscents,leffingwell"
CC1(C)C2CCC1(C)[C@@H](OC=O)C2,CC1(C)C2CCC1(C)C(OC=O)C2,balsamic;camphor;camphoreous;cooling;earthy;green;herbal;medicinal;minty;musty;pine;woody,12,"aromadb,flavornet,goodscents,leffingwell"
CCCC(C)S,CCCC(C)S,sulfur,1,"goodscents,leffingwell"
CCCCCOC(=O)CCCC,CCCCCOC(=O)CCCC,apple;ethereal;fruity;ripe,4,"goodscents,leffingwell"
C=CCSSC,C=CCSSC,garlic;green;onion;sulfur,4,"goodscents,leffingwell"
CCCC(=O)SC,CCCC(=O)SC,cabbage;cheesy;cocoa;fruity;garlic;milky;sulfur;sweet;tomato;tropical,10,"goodscents,leffingwell"
CCC(C)COC(=O)CC(C)C,CCC(C)COC(=O)CC(C)C,apple;cheesy;cognac;earthy;fruity;green;herbal;skin;winey,9,"goodscents,leffingwell"
CCCCCCCCC=CC=O,CCCCCCCCC=CC=O,aldehydic;citrus;fatty;floral;fresh;fruity;green;lemon;orange;peel;soap;sweet;waxy,13,"flavornet,goodscents,leffingwell"
C=Cc1ccc(O)cc1,C=Cc1ccc(O)cc1,almond;chemical;meaty;medicinal;musty;phenolic;spicy;sweet;vanilla,9,"aromadb,flavornet,goodscents,leffingwell"
CCc1ccc(O)c(OC)c1,CCc1ccc(O)c(OC)c1,medicinal;phenolic;smoky;spicy;sweet;vanilla;woody,7,"flavornet,goodscents,leffingwell"
CCOC(=O)C(CC)Cc1ccccc1,CCOC(=O)C(CC)Cc1ccccc1,floral;fruity;green;sweet,4,"goodscents,leffingwell"
C=CC(OCC)OCC,C=CC(OCC)OCC,fresh;fruity;gasoline;green;pungent,5,leffingwell
CCC(O)C(C)=O,CCC(O)C(C)=O,buttery;caramel;creamy;herbal,4,"flavornet,goodscents,leffingwell"
c1ccc(CCCC2CCCO2)cc1,c1ccc(CCCC2CCCO2)cc1,caramel;cucumber;fatty;fruity;green;honey;nut;peach;plum;skin;sweet;woody,12,"goodscents,leffingwell"
Cc1ncsc1C,Cc1ncsc1C,chicken;fishy;green;meaty;nutty;roasted;savory,7,"flavornet,goodscents,leffingwell"
CCC(=O)C(=O)CC,CCC(=O)C(=O)CC,almond;buttery;caramel;nutty,4,"goodscents,leffingwell"
CC(C)OC(=O)Cc1ccccc1,CC(C)OC(=O)Cc1ccccc1,bark;chocolate;floral;honey;powdery;rose;sweet;winey,8,"goodscents,leffingwell"
CCCCCCCCCCCC(=O)OCCCCC,CCCCCCCCCCCC(=O)OCCCCC,fatty;oily;waxy;winey,4,"goodscents,leffingwell"
CCOC(=O)CC(C)O,CCOC(=O)CC(C)O,apple;fresh;fruity;grape;green;skin;tropical;waxy,8,"flavornet,goodscents,leffingwell"
CCCCCCOC(=O)C(C)(C)C,CCCCCCOC(=O)C(C)(C)C,apple;fatty;floral;fruity;green;musty;pear;sweet;woody,9,"goodscents,leffingwell"
CC(C)CC(=O)OCCCc1ccccc1,CC(C)CC(=O)OCCCc1ccccc1,fruity;plum;raspberry;strawberry,4,"goodscents,leffingwell"
CC(C)C(=O)OCc1ccc2c(c1)OCO2,CC(C)C(=O)OCc1ccc2c(c1)OCO2,berry;fruity;jammy;plum;powdery;sweet;tropical,7,"goodscents,leffingwell"
CCCCC1CCCCC(=O)O1,CCCCC1CCCCC(=O)O1,buttery;caramel;celery;cheesy;coconut;coumarinic;creamy;dry;fatty;fruity;lactonic;milky;nutty;sweet,14,"goodscents,leffingwell"
CCCCCCCOC(=O)CCC,CCCCCCCOC(=O)CCC,chamomile;clean;floral;fresh;fruity;green;honey;sweet;tea;tropical,10,"goodscents,leffingwell"
CCCCCCCCOC(=O)c1ccccc1O,CCCCCCCCOC(=O)c1ccccc1O,balsamic;floral,2,leffingwell
CC(C)c1ccc(CCC=O)cc1,CC(C)c1ccc(CCC=O)cc1,floral;fresh;fruity;green;melon;muguet;sweet,7,"goodscents,leffingwell"
CC(C)CC(O)Cc1ccccc1,CC(C)CC(O)Cc1ccccc1,celery;creamy;floral;green;herbal;sweet,6,"aromadb,goodscents,leffingwell"
CC(C)Cc1nccs1,CC(C)Cc1nccs1,earthy;green;leaf;leafy;metallic;musty;tomato;vegetable;waxy,9,"flavornet,goodscents,leffingwell"
CCC1=C(O)C(=O)CC1,CCC1=C(O)C(=O)CC1,brown;caramel;rummy;sweet,4,"goodscents,leffingwell"
CC1=C(O)C(=O)OC1C,CC1=C(O)C(=O)OC1C,burnt;caramel;coffee;spicy;sweet,5,"flavornet,goodscents,leffingwell"
CCCCOC(C)OCCc1ccccc1,CCCCOC(C)OCCc1ccccc1,green;leafy;vegetable,3,"aromadb,goodscents,leffingwell"
C=C(C)c1cnccn1,C=C(C)c1cnccn1,burnt;caramel;chocolate;nutty;roasted,5,"aromadb,goodscents,leffingwell"
CCCCC1OC(=O)CC1C,CCCCC1OC(=O)CC1C,burnt;celery;coconut;coumarinic;floral;lactonic;nutty;spicy;sweet;vanilla;woody,11,"flavornet,goodscents,leffingwell"
CCCCCCCCOC(=O)c1ccco1,CCCCCCCCOC(=O)c1ccco1,brothy;creamy;earthy;fatty;green;metallic;mushroom;oily;waxy,9,"goodscents,leffingwell"
CCCC(C)C(=O)OCC,CCCC(C)C(=O)OCC,apple;fatty;fresh;fruity;green;melon;pear;pineapple;skin;waxy,10,"goodscents,leffingwell"
COC(=O)C(O)CC(C)C,COC(=O)C(O)CC(C)C,berry;fruity;musty;sweet;winey,5,"goodscents,leffingwell"
CC(C=O)CCc1ccccc1,CC(C=O)CCc1ccccc1,earthy;floral;musty;sweet,4,"goodscents,leffingwell"
CCC1CCC(CC)O1,CCC1CCC(CC)O1,caramel;herbal;minty;solvent;sweet,5,"aromadb,goodscents,leffingwell"
CC(C=O)Cc1ccc2c(c1)OCO2,CC(C=O)Cc1ccc2c(c1)OCO2,aldehydic;floral;fresh;fruity;green;hay;lemon;lily;marine;melon;ozone;sweet,12,"goodscents,leffingwell"
CCC(=O)c1nccs1,CCC(=O)c1nccs1,bready;nutty;popcorn;savory,4,"goodscents,leffingwell"
CC(=O)C1(C)CC=C(C)CC1,CC(=O)C1(C)CC=C(C)CC1,fresh;fruity;herbal;minty,4,"goodscents,leffingwell"
CC1SCCSS1,CC1SCCSS1,meaty,1,leffingwell
CCCC(CCO)SC,CCCC(CCO)SC,earthy;fruity;green;leafy;metallic;pungent;spicy;sulfur;tropical;vegetable,10,"goodscents,leffingwell"
COC(=O)CCCSC,COC(=O)CCCSC,cabbage;cheesy;fruity;milky;nutty;pineapple;roasted;sulfur;sweet;vegetable,10,"goodscents,leffingwell"
CCC1CC(C)=C(O)C1=O,CCC1CC(C)=C(O)C1=O,burnt;caramel;malty,3,"goodscents,leffingwell"
C[C@@H]1CC[C@H]2C(C)(C)[C@H]3C[C@@]12CC[C@@]3(C)O,CC1CCC2C(C)(C)C3CC12CCC3(C)O,dry;sweet;woody,3,"goodscents,leffingwell"
CC1=CC(=O)[C@@H]2C[C@H]1C2(C)C,CC1=CC(=O)C2CC1C2(C)C,berry;camphoreous;celery;fruity;minty;spicy;woody,7,"aromadb,goodscents,leffingwell"
CCOC(=O)C(CC)(CC)C(=O)OCC,CCOC(=O)C(CC)(CC)C(=O)OCC,apple;fruity;pear,3,leffingwell
CC(=O)OC(C)C(C)OC(C)=O,CC(=O)OC(C)C(C)OC(C)=O,honey,1,leffingwell
C=CCSC,C=CCSC,garlic;onion;sulfur,3,"goodscents,leffingwell"
CCCCC(=O)OCC(C)C,CCCCC(=O)OCC(C)C,apple;ethereal;fruity,3,"goodscents,leffingwell"
COc1cccc(C=O)c1OC,COc1cccc(C=O)c1OC,aromatic;spicy;sweet;vanilla,4,leffingwell
CCOc1ccc2c(C)cc(=O)oc2c1,CCOc1ccc2c(C)cc(=O)oc2c1,coumarinic;nutty,2,"goodscents,leffingwell"
CCC(=O)OC1=C(C)CCC1=O,CCC(=O)OC1=C(C)CCC1=O,buttery;caramel;creamy;nutty,4,"aromadb,goodscents,leffingwell"
Cc1ccc2c(c1)CCCN2,Cc1ccc2c(c1)CCCN2,animal;honey;leathery;sweet,4,"goodscents,leffingwell"
CCCCCCCCOC(=O)c1ccccc1,CCCCCCCCOC(=O)c1ccccc1,balsamic;fruity;oily,3,"goodscents,leffingwell"
CCCCCCC1=CCCC1=O,CCCCCCC1=CCCC1=O,celery;dry;floral;fresh;fruity;hay;herbal;jasmin;jasmine;sweet;waxy;woody,12,"goodscents,leffingwell"
COC(=O)CO,COC(=O)CO,burnt;caramel;ethereal,3,leffingwell
CCCOC(C)OCCC,CCCOC(C)OCCC,alcoholic;earthy;ethereal;fresh;fruity;green;herbal;leafy;vegetable;winey,10,"goodscents,leffingwell"
CCCCCCC(=O)OCCC(C)C,CCCCCCC(=O)OCCC(C)C,apple;banana;fruity;grassy;green;herbal;oily;pear;winey,9,"goodscents,leffingwell"
CCCCCCCCCCCCCCCC(=O)OCC(C)C,CCCCCCCCCCCCCCCC(=O)OCC(C)C,odorless,1,leffingwell
CCOc1ccc(C=O)cc1OC,CCOc1ccc(C=O)cc1OC,floral;powdery;sweet;vanilla;woody,5,"goodscents,leffingwell"
Cc1cccc(OC(=O)Cc2ccccc2)c1,Cc1cccc(OC(=O)Cc2ccccc2)c1,floral;honey,2,"goodscents,leffingwell"
CCCCC(=O)OCCC,CCCCC(=O)OCCC,animal;apple;ethereal;fruity;metallic;pineapple;winey,7,"goodscents,leffingwell"
C1SSCSSS1,C1SSCSSS1,mushroom;sulfur,2,"goodscents,leffingwell"
Cc1ccc2c(c1)CCCC2(C)C,Cc1ccc2c(c1)CCCC2(C)C,camphoreous;woody,2,leffingwell
C=C(CCC=C(C)C)[C@H]1CC=C(C)CC1,C=C(CCC=C(C)C)C1CC=C(C)CC1,balsamic;citrus;floral;sweet;tropical;woody,6,"aromadb,flavornet,goodscents,leffingwell"
O=c1occcc1O,O=c1occcc1O,caramel;fruity,2,leffingwell
O=Cc1ccsc1,O=Cc1ccsc1,almond;roasted,2,leffingwell
C=CCc1ccc(O)cc1,C=CCc1ccc(O)cc1,herbal;medicinal;phenolic;smoky;spicy,5,"flavornet,goodscents,leffingwell"
CC(=O)Oc1cc(C)ccc1C(C)C,CC(=O)Oc1cc(C)ccc1C(C)C,balsamic;herbal;smoky;spicy,4,leffingwell
Oc1ccc2c(c1)OCO2,Oc1ccc2c(c1)OCO2,phenolic;spicy,2,leffingwell
CC(=O)CC(=O)OC(C)C,CC(=O)CC(=O)OC(C)C,apple;brandy;caramel;fermented;fruity,5,leffingwell
C=CC(C)(C)C(=O)C=C(C)C,C=CC(C)(C)C(=O)C=C(C)C,berry;grass;green;herbal;honey;minty,6,"aromadb,flavornet,goodscents,leffingwell"
CC(C)OC(=O)c1cccnc1,CC(C)OC(=O)c1cccnc1,floral;fruity;herbal;tobacco,4,leffingwell
CC(=O)n1ccc2ccccc21,CC(=O)n1ccc2ccccc21,balsamic;floral;jasmine,3,"goodscents,leffingwell"
COc1ccccc1C(C)=O,COc1ccccc1C(C)=O,almond;anise;earthy;medicinal;minty;musty;phenolic;powdery;spicy;sweet,10,"aromadb,goodscents,leffingwell"
O=C(Nc1ccccc1C(=O)O)c1ccccc1,O=C(Nc1ccccc1C(=O)O)c1ccccc1,fruity,1,"aromadb,goodscents,leffingwell"
CC(C)CN=C=S,CC(C)CN=C=S,green;horseradish;pungent;sweet,4,"goodscents,leffingwell"
COC(=O)C(C)(C)C,COC(=O)C(C)(C)C,ethereal;fresh;fruity,3,leffingwell
CCCOC(=O)c1ccccc1O,CCCOC(=O)c1ccccc1O,floral;fruity;herbal;plum;sweet,5,"goodscents,leffingwell"
COc1ccccc1CO,COc1ccccc1CO,anise;aromatic;sweet;vanilla,4,"goodscents,leffingwell"
CCOC(=O)c1cccnc1,CCOC(=O)c1cccnc1,floral;fruity;herbal;tobacco,4,leffingwell
CC(C)CCOC(=O)c1ccco1,CC(C)CCOC(=O)c1ccco1,chocolate,1,leffingwell
CCC(S)CC,CCC(S)CC,fruity;gasoline;roasted;savory;sulfur,5,"goodscents,leffingwell"
COc1ccncc1,COc1ccncc1,aromatic;smoky;spicy,3,leffingwell
CCCc1ccccn1,CCCc1ccccn1,fatty;fishy;green;nutty;roasted;tobacco,6,"aromadb,goodscents,leffingwell"
CCCCCC(=O)CCCC(=O)O,CCCCCC(=O)CCCC(=O)O,creamy;peach,2,"aromadb,goodscents,leffingwell"
CCCCCCCOC(=O)CCCCCC,CCCCCCCOC(=O)CCCCCC,fatty;fermented;fruity;grassy;green;oily;winey,7,"goodscents,leffingwell"
CCCCCCCC(=O)OCCC,CCCCCCCC(=O)OCCC,cocoa;coconut;cognac;fatty;fruity;oily;winey,7,"goodscents,leffingwell"
COC(=O)CCC(C)=O,COC(=O)CCC(C)=O,burnt;caramel;fruity;green,4,"goodscents,leffingwell"
CC(C)CC[N+](=O)[O-],CC(C)CC[N+](=O)[O-],fruity,1,leffingwell
CC(=O)OCCCCOC(C)=O,CC(=O)OCCCCOC(C)=O,ethereal;fruity;solvent;sweet,4,leffingwell
CCCCCN=C=S,CCCCCN=C=S,green;horseradish;pungent;radish;vegetable,5,"goodscents,leffingwell"
OCc1cccs1,OCc1cccs1,burnt;coffee;ethereal;fermented;garlic;roasted;savory,7,"goodscents,leffingwell"
CC(C)c1ccccn1,CC(C)c1ccccn1,bark;earthy;green;vegetable,4,"goodscents,leffingwell"
COc1ccc(C=O)c(O)c1,COc1ccc(C=O)c(O)c1,aromatic;vanilla,2,"goodscents,leffingwell"
CCCCCCC(OCC)OCC,CCCCCCC(OCC)OCC,citrus;fresh;green;herbal;leafy;waxy;winey,7,leffingwell
CC(C)c1ccncc1,CC(C)c1ccncc1,animal;earthy;green;herbal;sweet,5,leffingwell
O=C(O)CCC1CCCCC1,O=C(O)CCC1CCCCC1,balsamic,1,leffingwell
CCOC(OCC)c1ccccc1,CCOC(OCC)c1ccccc1,almond;aromatic;bitter;green;spicy;sweet,6,"goodscents,leffingwell"
CC(=O)C(C)C(C)=O,CC(=O)C(C)C(C)=O,burnt;fruity;ketonic,3,leffingwell
CCC(CC)C(=O)OC,CCC(CC)C(=O)OC,apple;fruity,2,leffingwell
C=C(C)COC(=O)C(C)C,C=C(C)COC(=O)C(C)C,ethereal;fresh;fruity;pineapple;sweet,5,leffingwell
CC(C)CCOC(=O)CCC(=O)OCCC(C)C,CC(C)CCOC(=O)CCC(=O)OCCC(C)C,fruity;grape;winey,3,leffingwell
C=CCCCCO,C=CCCCCO,ethereal;fatty;green,3,"goodscents,leffingwell"
CCCCCCCCCCCCCCCCCCOC(C)=O,CCCCCCCCCCCCCCCCCCOC(C)=O,fatty;oily;waxy,3,leffingwell
CCCCCCCCc1cccs1,CCCCCCCCc1cccs1,fatty;grassy;green;musty;oily,5,"goodscents,leffingwell"
CC(=O)OC1CCCC1,CC(=O)OC1CCCC1,apple;banana;fruity,3,leffingwell
CC(C)(C)c1ccc(C=O)cc1,CC(C)(C)c1ccc(C=O)cc1,herbal;spicy;warm,3,leffingwell
CC(C)(C=O)Cc1ccccc1,CC(C)(C=O)Cc1ccccc1,aldehydic;floral;fresh;marine,4,"goodscents,leffingwell"
CCCCCCOC(=O)CCCC,CCCCCCOC(=O)CCCC,apple;brandy;fruity;green;musk;oily;sweet,7,"goodscents,leffingwell"
C=CCOC(=O)CC(C)=O,C=CCOC(=O)CC(C)=O,fruity;tropical,2,leffingwell
CC(C)C(=O)OC1CCCCC1,CC(C)C(=O)OC1CCCCC1,apple;banana;fruity;sweet,4,"goodscents,leffingwell"
CCCCCCc1ccccn1,CCCCCCc1ccccn1,fatty;green;nutty;vegetable,4,"goodscents,leffingwell"
CC(=O)OC1=C(C)CCC1=O,CC(=O)OC1=C(C)CCC1=O,caramel;fruity,2,leffingwell
CC(=O)C(=O)c1ccc(C)o1,CC(=O)C(=O)c1ccc(C)o1,burnt;caramel,2,leffingwell
CC(C)COC(Cc1ccccc1)OCC(C)C,CC(C)COC(Cc1ccccc1)OCC(C)C,almond;bark;brown;cocoa;floral;fruity;green;honey;powdery;rose;sweet,11,"aromadb,goodscents,leffingwell"
CCOc1ccc(C(C)=O)cc1,CCOc1ccc(C(C)=O)cc1,anise;aromatic;floral;hay,4,leffingwell
C=C[C@](C)(O)CC[C@@H]1[C@@]2(C)CCCC(C)(C)C2CC[C@@]1(C)O,C=CC(C)(O)CCC1C(C)(O)CCC2C(C)(C)CCCC21C,amber;balsamic;herbaceous;odorless;sweet;weedy;woody,7,"aromadb,goodscents,leffingwell"
COCc1ccc(OC)cc1,COCc1ccc(OC)cc1,anise;floral;vanilla,3,leffingwell
CCc1ccc(OC)cc1,CCc1ccc(OC)cc1,anise;nutty;phenolic;tobacco,4,"goodscents,leffingwell"
CSC(C)=O,CSC(C)=O,cabbage;cheesy;milky;popcorn;sulfur;vegetable,6,"goodscents,leffingwell"
CCCc1cccs1,CCCc1cccs1,burnt;fatty;gasoline,3,leffingwell
CCCCC(=O)OC1CCCCC1,CCCCC(=O)OC1CCCCC1,animal;fruity;herbal,3,"goodscents,leffingwell"
CCCCc1cccs1,CCCCc1cccs1,chicken;floral;fruity;milky;roasted,5,"goodscents,leffingwell"
CCOc1ccc(C)cc1,CCOc1ccc(C)cc1,floral;pungent;sweet,3,"goodscents,leffingwell"
CCCCCOC(=O)c1ccco1,CCCCCOC(=O)c1ccco1,anise;caramel;fermented;fruity;herbaceous;herbal;oily;sweet;winey,9,"aromadb,goodscents,leffingwell"
C=CCCCOC(C)=O,C=CCCCOC(C)=O,cooked;fruity;green;meaty;metallic;plastic;sulfur;vegetable;weedy,9,"aromadb,goodscents,leffingwell"
CCCCCC(OC)OC,CCCCCC(OC)OC,apple;dry;green;leafy;musty;sweet,6,"goodscents,leffingwell"
CCC=C(C)C(=O)OCC,CCC=C(C)C(=O)OCC,berry;ethereal;fruity;green;jammy;pineapple;rum;rummy;sweet,9,"goodscents,leffingwell"
COc1ccccn1,COc1ccccn1,burnt;fermented;green;phenolic;smoky;tea,6,"goodscents,leffingwell"
CCCC(C)(C)S,CCCC(C)(C)S,meaty;roasted;sulfur;vegetable,4,leffingwell
CCOC1(OCC)CCCCC1,CCOC1(OCC)CCCCC1,alcoholic;aromatic;ethereal;fermented;fruity;rum;rummy;tobacco;woody,9,"aromadb,goodscents,leffingwell"
CCc1ccc(C)o1,CCc1ccc(C)o1,burnt;ethereal;fresh;gasoline,4,"goodscents,leffingwell"
Cc1ccc(Oc2ccccc2)cc1,Cc1ccc(Oc2ccccc2)cc1,floral;green;metallic;rose,4,"goodscents,leffingwell"
CCCCCCC1OCC(O)CO1,CCCCCCC1OCC(O)CO1,earthy;herbal;musty,3,leffingwell
CCCOC(=O)CC(C)=O,CCCOC(=O)CC(C)=O,apple;brandy;caramel;fermented;fruity,5,leffingwell
CCC(=O)S,CCC(=O)S,sulfur,1,leffingwell
C=CCCC(=O)OCC,C=CCCC(=O)OCC,caramel;ethereal;fruity;green;herbal;warm,6,"goodscents,leffingwell"
CCCCC(=O)OCCC(C)C,CCCCC(=O)OCCC(C)C,apple;apricot;banana;fatty;fermented;fruity;green;herbal;ripe,9,"goodscents,leffingwell"
CCOc1ccccc1OCC,CCOc1ccccc1OCC,anise;sweet;vanilla,3,leffingwell
CC(C)CCSSCCC(C)C,CC(C)CCSSCCC(C)C,garlic;green;meaty;onion;savory;sulfur;sweet;vegetable,8,"aromadb,goodscents,leffingwell"
COC(=O)C(C)(C)O,COC(=O)C(C)(C)O,caramel;fruity;nutty,3,leffingwell
O=CCOc1ccccc1,O=CCOc1ccccc1,aldehydic;bark;floral;fresh;green;hyacinth;leafy;leathery;ozone;sweet;woody,11,"goodscents,leffingwell"
COc1ccc(C(OC)OC)cc1,COc1ccc(C(OC)OC)cc1,anise;floral;green;hawthorn;jasmin;spicy,6,"goodscents,leffingwell"
CC(=O)OCc1ccc(C)cc1,CC(=O)OCc1ccc(C)cc1,anise;cherry;floral;fruity;green;hawthorn;herbal;hyacinth;sweet,9,"goodscents,leffingwell"
CCCCCCCCCCCCCCCC(=O)OCCC,CCCCCCCCCCCCCCCC(=O)OCCC,odorless,1,leffingwell
CC(C)N=C=S,CC(C)N=C=S,garlic;horseradish;pungent,3,"goodscents,leffingwell"
CCCCCCCCCCOC(=O)CCCCCCC,CCCCCCCCCCOC(=O)CCCCCCC,citrus;floral;fruity;oily;winey,5,leffingwell
CCCCCCCCCC(=O)OCCC(C)C,CCCCCCCCCC(=O)OCCC(C)C,banana;cognac;fruity;green;oily;sweet;waxy;winey,8,"goodscents,leffingwell"
CCCCCCCCCC(=O)OCCCCCCCC,CCCCCCCCCC(=O)OCCCCCCCC,fatty;fruity;oily;waxy,4,"goodscents,leffingwell"
CCCCCCCCCCCCC(C)=O,CCCCCCCCCCCCC(C)=O,milky;oily;spicy,3,leffingwell
CC(C)=CCC[C@@H](C)CC=O,CC(C)=CCCC(C)CC=O,aldehydic;citrus;clean;dry;fatty;floral;fresh;green;herbal;lemon;rose;sweet;waxy;woody,14,"aromadb,flavornet,goodscents,leffingwell"
CCOC(OCC)c1ccc(OC)cc1,CCOC(OCC)c1ccc(OC)cc1,anise;floral;herbal;spicy;sweet,5,leffingwell
CCOC(OCC)c1ccc(C)cc1,CCOC(OCC)c1ccc(C)cc1,almond;cherry;floral;herbal;sweet,5,leffingwell
O=C(OC1CCCCC1)c1ccccc1,O=C(OC1CCCCC1)c1ccccc1,balsamic;floral;fruity;herbal,4,"goodscents,leffingwell"
CCSC(=O)CC,CCSC(=O)CC,cheesy;green;sulfur;tropical;vegetable,5,leffingwell
C=CCSSSSCC=C,C=CCSSSSCC=C,garlic;onion;roasted;savory;sulfur,5,"goodscents,leffingwell"
CCCCCOC(=O)C(C)C,CCCCCOC(=O)C(C)C,apple;apricot;banana;buttery;fruity;pineapple,6,"goodscents,leffingwell"
Cc1sccc1S,Cc1sccc1S,meaty;medicinal;roasted,3,"flavornet,goodscents,leffingwell"
CCCCCCCCCOC(=O)CCC,CCCCCCCCCOC(=O)CCC,fruity;herbal;orange;rose;sweet,5,leffingwell
CSc1nccnc1C,CSc1nccnc1C,almond;burnt;hazelnut;meaty;nutty;roasted;vegetable,7,"goodscents,leffingwell"
COc1cnc(C)cn1,COc1cnc(C)cn1,hazelnut;nutty;roasted,3,leffingwell
CCOC(=O)C(CC)CC,CCOC(=O)C(CC)CC,apple;buttery;fruity,3,leffingwell
CCC(=O)c1ccco1,CCC(=O)c1ccco1,fruity;sweet,2,leffingwell
COc1cc(C)cc(O)c1,COc1cc(C)cc(O)c1,fruity;hay;marine;phenolic;sweet;woody,6,"goodscents,leffingwell"
OCCCCc1ccccc1,OCCCCc1ccccc1,floral;herbal;honey;rose;sweet,5,"goodscents,leffingwell"
C=CCCN=C=S,C=CCCN=C=S,aromatic;green;horseradish;pungent,4,"goodscents,leffingwell"
CC(=O)OC(C)(C)c1ccccc1,CC(=O)OC(C)(C)c1ccccc1,floral;fruity,2,leffingwell
Cc1nccs1,Cc1nccs1,green;vegetable,2,"goodscents,leffingwell"
CCSSSCC,CCSSSCC,garlic;onion;savory;sulfur,4,"goodscents,leffingwell"
O=C1CCCCCCCCCCCCC1,O=C1CCCCCCCCCCCCC1,musk,1,leffingwell
CCCCC(OCC)OCC,CCCCC(OCC)OCC,apple;cognac;ethereal;fruity;green,5,leffingwell
CCCCCC(OCC)OCC,CCCCCC(OCC)OCC,apple;cognac;fermented;floral;fresh;fruity;green;herbal;hyacinth;pear,10,"goodscents,leffingwell"
CCCC(OCC)OCC,CCCC(OCC)OCC,ethereal;fermented;fruity;green,4,leffingwell
CCCCCCCCCCCC(=O)OCCC,CCCCCCCCCCCC(=O)OCCC,cognac;creamy;floral;fruity;milky;waxy,6,leffingwell
CCCCCCCCSC,CCCCCCCCSC,earthy;fruity;green;onion;pineapple;potato;roasted;sulfur;tropical,9,"goodscents,leffingwell"
CC(=O)CCC(=O)OCC(C)C,CC(=O)CCC(=O)OCC(C)C,caramel;fruity;herbal;oily,4,leffingwell
CCOC(=O)COC,CCOC(=O)COC,fruity;solvent,2,leffingwell
Cc1ccccc1SSc1ccccc1C,Cc1ccccc1SSc1ccccc1C,burnt;meaty;roasted;sulfur,4,"aromadb,goodscents,leffingwell"
CSCCCN,CSCCCN,cheesy;fishy;potato;pungent;ripe;sulfur;vegetable,7,"aromadb,goodscents,leffingwell"
O=CCS,O=CCS,bread;brothy;cabbage;meaty;sulfur;tomato,6,"flavornet,goodscents,leffingwell"
Cc1cnc(C)s1,Cc1cnc(C)s1,cabbage;earthy;meaty;nutty;roasted,5,"aromadb,goodscents,leffingwell"
C=Cc1cnccn1,C=Cc1cnccn1,burnt;green;nutty,3,"goodscents,leffingwell"
CCCCCCCCc1ccco1,CCCCCCCCc1ccco1,fatty;oily,2,leffingwell
CCCc1ccco1,CCCc1ccco1,buttery;ethereal;garlic;green,4,leffingwell
CC(C)SSC(C)C,CC(C)SSC(C)C,burnt;cabbage;garlic;meaty;onion;sulfur;sweet;tropical,8,"aromadb,goodscents,leffingwell"
CCCCCCN=C=S,CCCCCCN=C=S,grass;green;horseradish;pungent,4,"aromadb,goodscents,leffingwell"
SCCc1ccccc1,SCCc1ccccc1,roasted;sulfur;tropical,3,"flavornet,goodscents,leffingwell"
CCC(C)N=C=S,CCC(C)N=C=S,green;horseradish;pungent,3,"goodscents,leffingwell"
CSCCCCN=C=S,CSCCCCN=C=S,cabbage;pungent;radish,3,"flavornet,goodscents,leffingwell"
CCOC(=O)CSC,CCOC(=O)CSC,fruity;green;onion;radish;sulfur;tropical,6,"goodscents,leffingwell"
CCCCCC(=O)CCC,CCCCCC(=O)CCC,fruity;grassy;green;herbal;oily,5,leffingwell
CCCCCC=CC=CC(=O)OC,CCCCCC=CC=CC(=O)OC,fatty;fruity;lemon;pear;waxy,5,"goodscents,leffingwell"
Cc1ccc(CS)cc1,Cc1ccc(CS)cc1,burnt;garlic;savory;sulfur,4,leffingwell
CCCc1cccnc1,CCCc1cccnc1,burnt;earthy;green;musty;sweet;woody,6,"goodscents,leffingwell"
COC(=O)c1c(C)cc(O)c(C)c1O,COC(=O)c1c(C)cc(O)c(C)c1O,earthy;phenolic;woody,3,"goodscents,leffingwell"
CCCCCCOC,CCCCCCOC,banana;floral;fruity;green;herbal;lavender;pear;sweet,8,"goodscents,leffingwell"
CCCCc1ccccn1,CCCCc1ccccn1,green;sweet,2,"goodscents,leffingwell"
CCOc1ccc(OC)cc1,CCOc1ccc(OC)cc1,nutty;phenolic;sweet;tobacco,4,leffingwell
C=C(C)CCOC(C)=O,C=C(C)CCOC(C)=O,banana;fruity;green;tropical,4,"goodscents,leffingwell"
CSCCO,CSCCO,meaty;sulfur;tomato;vegetable,4,"goodscents,leffingwell"
CCCCC(=O)OC1CC(C)CCC1C(C)C,CCCCC(=O)OC1CC(C)CCC1C(C)C,balsamic;fruity;herbal;minty;sweet,5,"goodscents,leffingwell"
CC1=C(O)C(=O)C(C(C)C)CC1,CC1=C(O)C(=O)C(C(C)C)CC1,black;camphoreous;currant;herbal;leafy;minty;phenolic;woody,8,"aromadb,goodscents,leffingwell"
CC1(C)C2CC3C(C2)C31C,CC1(C)C2CC3C(C2)C31C,fresh;woody,2,leffingwell
CCC(C)OC=O,CCC(C)OC=O,fresh;fruity;rum,3,leffingwell
CCOC(=O)C(CC)C(C)=O,CCOC(=O)C(CC)C(C)=O,apple;caramel;earthy;ethereal;fruity;green;herbal;sweet;winey,9,"goodscents,leffingwell"
CC(C)CCN=C=S,CC(C)CCN=C=S,cabbage;green;horseradish;pungent,4,"goodscents,leffingwell"
Cc1cscc1C,Cc1cscc1C,onion;roasted;savory,3,"aromadb,goodscents,leffingwell"
COC1CCC(OC)O1,COC1CCC(OC)O1,ethereal,1,leffingwell
CCCCOC(C)OCCCC,CCCCOC(C)OCCCC,alcoholic;apple;floral;fruity;green;rose;rum;winey,8,"goodscents,leffingwell"
SCCCCS,SCCCCS,burnt;meaty;sulfur,3,"goodscents,leffingwell"
CCCCCCCCOC(=O)CCCCCCCC,CCCCCCCCOC(=O)CCCCCCCC,citrus;earthy;floral;fruity;oily,5,leffingwell
CCCCOC(=O)c1ccc(O)c(OC)c1,CCCCOC(=O)c1ccc(O)c(OC)c1,balsamic;floral;sweet,3,leffingwell
COCc1ccc(O)cc1,COCc1ccc(O)cc1,earthy;green;medicinal;phenolic;sweet,5,leffingwell
COc1ccc(CCCO)cc1,COc1ccc(CCCO)cc1,aromatic;cinnamon;floral;spicy,4,leffingwell
CC1(C)COC(C)(c2ccccc2)OC1,CC1(C)COC(C)(c2ccccc2)OC1,camphoreous;hawthorn;sandalwood;sweet;woody,5,"goodscents,leffingwell"
C=CCCCCCCCCC(=O)OCC(C)C,C=CCCCCCCCCC(=O)OCC(C)C,brandy;buttery;fatty;fruity;herbal;waxy;winey,7,"goodscents,leffingwell"
CC(C)COC(=O)COc1ccccc1,CC(C)COC(=O)COc1ccccc1,herbal;honey;sweet,3,leffingwell
CCCCCCCCCCOC=O,CCCCCCCCCCOC=O,floral;fresh;fruity;orangeflower,4,"goodscents,leffingwell"
CCCCCCCOC(=O)CCCC,CCCCCCCOC(=O)CCCC,apple;fruity;green;oily;winey,5,"goodscents,leffingwell"
CCCCC(=O)OCCCc1ccccc1,CCCCC(=O)OCCCc1ccccc1,balsamic;floral;fruity;spicy;strawberry;sweet,6,"goodscents,leffingwell"
CCCCCCC(=O)OCCc1ccccc1,CCCCCCC(=O)OCCc1ccccc1,apricot;citrus;earthy;floral;herbal;oily;orange;rose;winey,9,"goodscents,leffingwell"
CCCCCCCCCCOC(=O)C(C)C,CCCCCCCCCCOC(=O)C(C)C,herbal;oily,2,leffingwell
CCCCCCCCCCCOC(=O)CCC,CCCCCCCCCCCOC(=O)CCC,fatty;fruity;oily;waxy,4,"goodscents,leffingwell"
CCCCCCCC(=O)OCC(C)C,CCCCCCCC(=O)OCC(C)C,fatty;floral;fruity;green;oily;winey,6,"goodscents,leffingwell"
CCC(=O)c1cc(OC)c(O)c(OC)c1,CCC(=O)c1cc(OC)c(O)c(OC)c1,balsamic;floral;fruity;sweet;vanilla,5,leffingwell
COc1cccc(CO)c1OC,COc1cccc(CO)c1OC,anise;aromatic;fruity;sweet;vanilla,5,leffingwell
CC(C)COC(C)OCC(C)C,CC(C)COC(C)OCC(C)C,alcoholic;ethereal;fermented;green,4,leffingwell
COc1ccc(CC=O)cc1,COc1ccc(CC=O)cc1,anise;floral;green;hawthorn;powdery;spicy;sweet,7,"goodscents,leffingwell"
C1=NCCC1,C1=NCCC1,buttery;cheesy;fishy;meaty,4,"goodscents,leffingwell"
CCCCOc1ccc(C=O)cc1,CCCCOc1ccc(C=O)cc1,anise;floral;herbal;sweet,4,leffingwell
CSSSSC,CSSSSC,cabbage;garlic;meaty;onion;pungent;savory;sulfur,7,"flavornet,goodscents,leffingwell"
Cc1ccsc1C=O,Cc1ccsc1C=O,beefy;savory;sweet,3,leffingwell
CCCCCC(C)OC(C)=O,CCCCCC(C)OC(C)=O,banana;fruity;green;melon;pear,5,"goodscents,leffingwell"
CSC(=O)c1ccccc1,CSC(=O)c1ccccc1,cabbage;cheesy;fermented;fruity;garlic;milky;potato;sulfur;vegetable,9,"goodscents,leffingwell"
CC(C)SSSC(C)C,CC(C)SSSC(C)C,garlic;green;onion;sulfur;sweet,5,"aromadb,goodscents,leffingwell"
CC(C)CSSCC(C)C,CC(C)CSSCC(C)C,garlic;green;meaty;savory;sulfur;vegetable,6,leffingwell
CCOc1ccc(CO)cc1,CCOc1ccc(CO)cc1,anise;aromatic;sweet;vanilla,4,leffingwell
CC(=O)OC1CCCCCCCCCCC1,CC(=O)OC1CCCCCCCCCCC1,fatty;fruity;green;metallic;smoky;waxy;woody,7,"goodscents,leffingwell"
CCCCCCCCCCCCOC(=O)CC,CCCCCCCCCCCCOC(=O)CC,fruity;winey,2,"goodscents,leffingwell"
CCCCCC(=O)OC1CCCCC1,CCCCCC(=O)OC1CCCCC1,fruity;metallic;pineapple;winey,4,"goodscents,leffingwell"
SCc1cccs1,SCc1cccs1,coffee;fishy;meaty;roasted;sulfur,5,"flavornet,goodscents,leffingwell"
CC(C)C(=O)OCc1ccco1,CC(C)C(=O)OCc1ccco1,coffee;fruity,2,"goodscents,leffingwell"
CCOCc1ccco1,CCOCc1ccco1,buttery;ethereal;fermented;spicy;sweet,5,"goodscents,leffingwell"
CCOC(Cc1ccccc1)OCC,CCOC(Cc1ccccc1)OCC,almond;floral;fresh;green;hyacinth;leafy;sweet,7,"goodscents,leffingwell"
C=CCOC(=O)CCCC,C=CCOC(=O)CCCC,apple;fermented;fruity;pineapple;winey,5,"goodscents,leffingwell"
COc1cc(C(C)C)ccc1C,COc1cc(C(C)C)ccc1C,citrus;green;herbal;leafy;phenolic;spicy,6,"aromadb,goodscents,leffingwell"
CC(=O)Oc1cc(C(C)C)ccc1C,CC(=O)Oc1cc(C(C)C)ccc1C,fruity;herbal;spicy,3,leffingwell
CCCCCOCc1ccccc1,CCCCCOCc1ccccc1,floral;fruity;green;herbal,4,leffingwell
CCOC(=O)CC1(C)OCCO1,CCOC(=O)CC1(C)OCCO1,apple;fruity;green;pine;plum;sweet;tropical;woody,8,"goodscents,leffingwell"
CCCCCCCCC(=O)OCc1ccccc1,CCCCCCCCC(=O)OCc1ccccc1,balsamic;fatty;floral;fresh;sweet;winey,6,"aromadb,goodscents,leffingwell"
CCCCCCCCC(=O)OCCC,CCCCCCCCC(=O)OCCC,fermented;fruity;melon;winey,4,"goodscents,leffingwell"
CCCCCCCCC(=O)OCCCCCC,CCCCCCCCC(=O)OCCCCCC,brandy;cognac;floral;fruity;green;nutty;oily;vegetable;winey,9,"goodscents,leffingwell"
CCCCCC(=O)OCc1ccc(OC)cc1,CCCCCC(=O)OCc1ccc(OC)cc1,apricot;fruity;sweet,3,leffingwell
COc1ccc(C)cc1C,COc1ccc(C)cc1C,earthy;herbaceous;herbal;nutty;spicy,5,"aromadb,goodscents,leffingwell"
C=C(C)CCC[C@H](C)CCO,C=C(C)CCCC(C)CCO,citrus;floral;fruity;metallic;rose;sweet;waxy,7,"aromadb,goodscents,leffingwell"
CC(=O)CCC(=O)OCc1ccccc1,CC(=O)CCC(=O)OCc1ccccc1,caramel;fruity;sweet,3,"aromadb,goodscents,leffingwell"
CCCCCCCOC(=O)CCCCC,CCCCCCCOC(=O)CCCCC,fruity;green;leafy;oily;sweet;tropical;vegetable,7,"goodscents,leffingwell"
CCOC(=O)c1ccccc1OC,CCOC(=O)c1ccccc1OC,floral;fruity;grape;raspberry;sweet,5,"goodscents,leffingwell"
CCCCCCCC=CC(=O)OC,CCCCCCCC=CC(=O)OC,fatty;fresh;fruity;green;mushroom;pear;soap;tropical;waxy,9,"goodscents,leffingwell"
CCCC(=O)OCCCc1ccccc1,CCCC(=O)OCCCc1ccccc1,balsamic;fruity;sweet,3,leffingwell
CC(=O)CC(C)(C)c1ccccc1,CC(=O)CC(C)(C)c1ccccc1,floral;green;honey;sweet;woody,5,"goodscents,leffingwell"
CCCCC(=O)OCCc1ccccc1,CCCCC(=O)OCCc1ccccc1,apple;floral;fruity;leafy;pineapple;rose;tobacco,7,"goodscents,leffingwell"
Sc1ccsc1,Sc1ccsc1,cooked;garlic;meaty;sulfur,4,"flavornet,goodscents,leffingwell"
COC(=O)c1ccccc1N(C)C,COC(=O)c1ccccc1N(C)C,fruity;grape;leafy;orange,4,"goodscents,leffingwell"
O=C(CCO)OCCc1ccccc1,O=C(CCO)OCCc1ccccc1,ethereal;floral;fruity;rose;sweet,5,"goodscents,leffingwell"
CC(=O)OC(CC(C)C)CC(C)C,CC(=O)OC(CC(C)C)CC(C)C,banana;floral;herbal,3,"goodscents,leffingwell"
CCCCCCCC(=O)OCc1ccccc1,CCCCCCCC(=O)OCc1ccccc1,fatty;floral;fruity;herbal;peach;pineapple,6,"goodscents,leffingwell"
CCCCC(=O)OCc1ccccc1,CCCCC(=O)OCc1ccccc1,apple;floral;fruity;musk;skin;tobacco,6,"goodscents,leffingwell"
CCC(=O)OC1CCC(C(C)(C)C)CC1,CCC(=O)OC1CCC(C(C)(C)C)CC1,fruity;woody,2,leffingwell
CCCCC(=O)Oc1ccc(C)cc1,CCCCC(=O)Oc1ccc(C)cc1,animal;floral;musk,3,leffingwell
CCCCCCCCCC(=O)OCCCCCC,CCCCCCCCCC(=O)OCCCCCC,fatty;fresh;fruity;green;herbal;oily;winey,7,"goodscents,leffingwell"
CCOC(=O)CCCCCCCCCCC(=O)OCC,CCOC(=O)CCCCCCCCCCC(=O)OCC,odorless,1,leffingwell
CCCCOc1ccc2ccccc2c1,CCCCOc1ccc2ccccc2c1,berry;floral;fruity;raspberry;strawberry;sweet,6,"goodscents,leffingwell"
CCC(=O)c1ccc(C)o1,CCC(=O)c1ccc(C)o1,green;hay;hazelnut;nutty,4,leffingwell
CCCCCOC(C)OCCCCC,CCCCCOC(C)OCCCCC,alcoholic;cocoa;cognac;ethereal;green;vegetable,6,leffingwell
CC(C)CCOC(C)OCCC(C)C,CC(C)CCOC(C)OCCC(C)C,alcoholic;ethereal;fermented;fruity;green;vegetable,6,"goodscents,leffingwell"
CC(=O)C(=O)OCC(C)C,CC(=O)C(=O)OCC(C)C,caramel;ethereal;fruity;sweet,4,leffingwell
CC(C)CCCC(C)(C)O,CC(C)CCCC(C)(C)O,citrus;floral;fresh;herbal;rose;woody,6,"goodscents,leffingwell"
CC(C)COC(CC(C)C)OCC(C)C,CC(C)COC(CC(C)C)OCC(C)C,alcoholic;cocoa;fermented;green;malty,5,leffingwell
CCOCCOCCC(C)C,CCOCCOCCC(C)C,alcoholic;cognac;ethereal;green;nutty;pungent,6,leffingwell
CCOC(OCC)c1ccco1,CCOC(OCC)c1ccco1,aromatic;bread;burnt;earthy;fruity;mushroom,6,"goodscents,leffingwell"
CC(=O)c1sccc1C,CC(=O)c1sccc1C,almond;floral;honey;nutty;phenolic;sweet,6,"goodscents,leffingwell"
CC(=O)c1ccc(C)s1,CC(=O)c1ccc(C)s1,almond;caramel;cherry;coumarinic;hawthorn;honey;hyacinth;nutty;spicy;sweet;vanilla,11,"aromadb,goodscents,leffingwell"
CCCC=CC(=O)CC,CCCC=CC(=O)CC,coconut;fresh;fruity;herbal;ketonic;mushroom,6,"goodscents,leffingwell"
CSSc1ccccc1,CSSc1ccccc1,onion;pungent;radish;sulfur;vegetable,5,"goodscents,leffingwell"
CCCCCCCCCCCCCC(=O)OCCC,CCCCCCCCCCCCCC(=O)OCCC,fatty;oily;waxy,3,leffingwell
CCCC(=O)Oc1ccc(C)cc1,CCCC(=O)Oc1ccc(C)cc1,animal;aromatic;floral;fruity;medicinal;phenolic,6,"goodscents,leffingwell"
CCCCCCCCCCCC(OC)OC,CCCCCCCCCCCC(OC)OC,apple;citrus;fatty;fresh;green;herbal;melon;waxy,8,"aromadb,goodscents,leffingwell"
CC(C)=CCc1occc1C,CC(C)=CCc1occc1C,caramel;citrus;green;lemon;minty,5,"flavornet,goodscents,leffingwell"
CCc1nccs1,CCc1nccs1,green;leafy;nutty;tomato;vegetable,5,"goodscents,leffingwell"
C=CCOC(=O)C(C)C,C=CCOC(=O)C(C)C,apple;apricot;fresh;fruity;green;tropical,6,leffingwell
CCc1cnc(CC)s1,CCc1cnc(CC)s1,meaty;musty;nutty,3,"goodscents,leffingwell"
CCCc1nccnc1C,CCCc1nccnc1C,cocoa;earthy;musty;nutty,4,"goodscents,leffingwell"
CCCCCCCCOC(=O)CC(C)=O,CCCCCCCCOC(=O)CC(C)=O,caramel;fermented;fruity;oily;waxy,5,leffingwell
CSCCCOC(C)=O,CSCCCOC(C)=O,cabbage;cheesy;green;herbal;mushroom;potato;sulfur,7,"goodscents,leffingwell"
CCCC(=O)OCCCSC,CCCC(=O)OCCCSC,cheesy;fruity;mushroom;pineapple;savory;sulfur;tropical,7,"goodscents,leffingwell"
CCOC(CCSC)OCC,CCOC(CCSC)OCC,cabbage;cheesy;potato;pungent;sulfur,5,"goodscents,leffingwell"
COC(=O)CSC,COC(=O)CSC,cheesy;cooked;fruity;meaty;nut;nutty;potato;roasted;savory;sulfur;tropical;vegetable,12,"flavornet,goodscents,leffingwell"
CC1=CC(=O)C(C)O1,CC1=CC(=O)C(C)O1,bread;burnt;buttery;caramel;coffee;estery;fruity;roasted;sweet,9,"goodscents,leffingwell"
COC(C)(C)C1CC=C(C)CC1,COC(C)(C)C1CC=C(C)CC1,bergamot;celery;citrus;earthy;floral;grapefruit;orangeflower;spicy;vegetable;woody,10,"goodscents,leffingwell"
CCOC(OCC)C(C)c1ccccc1,CCOC(OCC)C(C)c1ccccc1,earthy;floral;green;musty,4,leffingwell
CCCCCC(=O)OCC(CC)CCCC,CCCCCC(=O)OCC(CC)CCCC,fruity;herbal,2,leffingwell
CSC(C)CC(=O)O,CSC(C)CC(=O)O,cheesy;fruity;ripe;sulfur;tropical,5,leffingwell
CCCCCC(C)C=O,CCCCCC(C)C=O,fresh;fruity;green;orange;sweet,5,leffingwell
CCC1(C)CC(=O)C(C)=C(C)C1C,CCC1(C)CC(=O)C(C)=C(C)C1C,caramel;creamy;fruity;nutty;spicy,5,"goodscents,leffingwell"
CCCCCCC=CC(=O)OCC,CCCCCCC=CC(=O)OCC,fatty;fruity;green;pear;pineapple;waxy,6,leffingwell
CCC(=O)OC1CC2CC1C1CC=CC21,CCC(=O)OC1CC2CC1C1CC=CC21,fresh;fruity;herbal;jasmin;oily;woody,6,"goodscents,leffingwell"
CC1C(=O)C2CC1C(C)(C)C2,CC1C(=O)C2CC1C(C)(C)C2,camphoreous;cedar;herbal;pine;woody,5,"goodscents,leffingwell"
CC(C)CC1OCC(C)O1,CC(C)CC1OCC(C)O1,buttery;cocoa;creamy;ethereal;fermented;fruity;malty;milky;ripe;rummy;sour;sweet;tropical,13,"goodscents,leffingwell"
CCC(C)OC(=O)C(C)O,CCC(C)OC(=O)C(C)O,buttery;caramel;fruity;milky;sweet,5,leffingwell
CCC(C)(O)CCC=C(C)C,CCC(C)(O)CCC=C(C)C,citrus;floral;rose;weedy;woody,5,"goodscents,leffingwell"
CCC(C)CCCC(C)(C)O,CCC(C)CCCC(C)(C)O,citrus;floral;fresh;lily;sweet,5,"goodscents,leffingwell"
CC1=CCC(C(C)CO)CC1,CC1=CCC(C(C)CO)CC1,fruity;herbal,2,"aromadb,flavornet,goodscents,leffingwell"
CCC(C)CC(O)CC,CCC(C)CC(O)CC,alcoholic;fermented;floral;fruity;oily,5,leffingwell
CCC(O)CCC(C)C,CCC(O)CCC(C)C,floral;oily,2,leffingwell
CCCCCC1COCCC1OC(C)=O,CCCCCC1COCCC1OC(C)=O,floral;green;herbal;jasmin;jasmine;lactonic;mushroom;oily;sweet;tea,10,"goodscents,leffingwell"
COC(=O)C1OC1c1ccccc1,COC(=O)C1OC1c1ccccc1,berry;fruity;sweet,3,leffingwell
CC(C)CCOC(=O)C(C)O,CC(C)CCOC(=O)C(C)O,caramel;creamy;fruity;nutty;oily;winey,6,"goodscents,leffingwell"
CC(=O)OCc1cccc(C)c1,CC(=O)OCc1cccc(C)c1,cherry;fruity;sweet,3,leffingwell
CC(=O)OCc1ccccc1C,CC(=O)OCc1ccccc1C,cherry;floral;fruity;sweet,4,leffingwell
CCOc1ccccc1OC,CCOc1ccccc1OC,creamy;earthy;nutty;phenolic;sweet;vanilla,6,leffingwell
CCCc1nccs1,CCCc1nccs1,green;herbal;nutty;vegetable,4,"goodscents,leffingwell"
C=CCCCN=C=S,C=CCCCN=C=S,green;horseradish;pungent,3,"flavornet,goodscents,leffingwell"
CCCc1cnccn1,CCCc1cnccn1,green;hazelnut;nutty;roasted;vegetable,5,"goodscents,leffingwell"
CCCCC(=O)OC(C)C,CCCCC(=O)OC(C)C,apple;brandy;ethereal;fruity;pineapple;winey,6,"goodscents,leffingwell"
CCCCCCCC=CCO,CCCCCCCC=CCO,citrus;fatty;floral;fresh;ozone;rose;rummy;waxy,8,"aromadb,goodscents,leffingwell"
CCSCCCO,CCSCCCO,potato;sulfur;vegetable,3,"goodscents,leffingwell"
CCCCCCc1cccs1,CCCCCCc1cccs1,floral;fruity;green;meaty;metallic;mushroom;savory;sulfur;tropical,9,"goodscents,leffingwell"
CCCCCCCCC(OC)OC,CCCCCCCCC(OC)OC,citrus;floral;fresh;green;melon;plastic;vegetable,7,"goodscents,leffingwell"
CCC=CCCC(C)=O,CCC=CCCC(C)=O,earthy;fatty;green;herbal,4,leffingwell
CC(=O)OC(C)CCC=C(C)C,CC(=O)OC(C)CCC=C(C)C,earthy;floral;fruity;green,4,"goodscents,leffingwell"
CC(=O)CC(C)(C)S,CC(=O)CC(C)(C)S,black;currant;fruity;green;meaty;savory;sulfur;tropical,8,"flavornet,goodscents,leffingwell"
CC1=CCCC(C)(C)C1=O,CC1=CCCC(C)(C)C1=O,camphoreous;herbal;tobacco,3,leffingwell
CCOC(OCC)C(=O)CC,CCOC(OCC)C(=O)CC,buttery;ethereal;fruity,3,leffingwell
CCCCCOC(=O)CCC(C)=O,CCCCCOC(=O)CCC(C)=O,caramel;fruity;oily;winey,4,leffingwell
CCCCCCOC(=O)CC,CCCCCCOC(=O)CC,earthy;fermented;fruity;green;musty;pear;sour,7,"goodscents,leffingwell"
CCC(=O)OC(C)(C)C,CCC(=O)OC(C)(C)C,brandy;fruity;rum,3,leffingwell
C=C(C)COC(=O)CC,C=C(C)COC(=O)CC,brandy;ethereal;fruity;rum;sweet,5,leffingwell
CC(=O)CCC(=O)OC(C)C,CC(=O)CCC(=O)OC(C)C,banana;fruity;melon;sweet,4,leffingwell
CCCCCC(CC)OC(=O)CCC,CCCCCC(CC)OC(=O)CCC,citrus;fruity;green;herbaceous;herbal;musty,6,"aromadb,goodscents,leffingwell"
C=CC1(C)CCC(C(C)C)=CC1C(=C)C,C=CC1(C)CCC(C(C)C)=CC1C(=C)C,balsamic;herbal;lavender;spicy;sweet;woody,6,"flavornet,goodscents,leffingwell"
CCCC(CC(=O)OC)OC(C)=O,CCCC(CC(=O)OC)OC(C)=O,fruity;green,2,"goodscents,leffingwell"
CCCC(CC(=O)OCC)OC(C)=O,CCCC(CC(=O)OCC)OC(C)=O,fruity;green,2,"goodscents,leffingwell"
CCCCCC1C=CC(=O)O1,CCCCCC1C=CC(=O)O1,coconut;coumarinic;fatty;fruity;hay;minty,6,"goodscents,leffingwell"
C=CC(O)CCCCCC,C=CC(O)CCCCCC,aldehydic;cheesy;creamy;earthy;fruity;green;metallic;mushroom;oily;sweet,10,"goodscents,leffingwell"
COCCOC(=O)CC(C)=O,COCCOC(=O)CC(C)=O,fermented;fruity;sweet,3,leffingwell
CCCC(=O)OCCOc1ccccc1,CCCC(=O)OCCOc1ccccc1,floral;fruity;honey,3,leffingwell
CC(OCc1ccccc1)OCc1ccccc1,CC(OCc1ccccc1)OCc1ccccc1,fruity;green;sweet,3,leffingwell
CCC(=O)c1occc1C,CCC(=O)c1occc1C,caramel;coumarinic;hay;nutty;roasted,5,leffingwell
CSC(=O)CC(C)C,CSC(=O)CC(C)C,acidic;cheesy;creamy;fermented;milky;mushroom;potato;ripe;sulfur;tomato;vegetable,11,"goodscents,leffingwell"
O=C(OCCCc1ccccc1)c1ccccc1O,O=C(OCCCc1ccccc1)c1ccccc1O,balsamic;floral;sweet,3,leffingwell
CCCCCC(O)CCO,CCCCCC(O)CCO,musty,1,"goodscents,leffingwell"
CC(CC(=O)O)CC(C)(C)C,CC(CC(=O)O)CC(C)(C)C,sour,1,leffingwell
CCOC(=O)C(C)SSC,CCOC(=O)C(C)SSC,fruity;green;onion;pineapple;sulfur;tropical,6,"goodscents,leffingwell"
CC1(S)CCC2CC1C2(C)C,CC1(S)CCC2CC1C2(C)C,berry;cooling;fruity;green;sulfur;terpenic;tropical;weedy;woody,9,"goodscents,leffingwell"
CCCCCC(C(C)=O)C(=O)OCC,CCCCCC(C(C)=O)C(=O)OCC,floral;fruity;green;herbal;winey,5,leffingwell
CCCCCCCCC(C(C)=O)C(=O)OCC,CCCCCCCCC(C(C)=O)C(=O)OCC,floral;fruity;herbal;waxy,4,leffingwell
CCCCCCCCCCCCCC(=O)OCC(C)C,CCCCCCCCCCCCCC(=O)OCC(C)C,fatty;waxy,2,leffingwell
CC(=O)C1CCCC(C)(C)C1,CC(=O)C1CCCC(C)(C)C1,camphoreous;cedar;herbal;minty;woody,5,"goodscents,leffingwell"
CCOC(C)OC(C)C,CCOC(C)OC(C)C,alcoholic;cognac;ethereal;green;nutty;pungent,6,leffingwell
C=C(C)C1CCC2(C)OC2C1,C=C(C)C1CCC2(C)OC2C1,citrus;clean;fresh;fruity;green;herbal;minty;sweet,8,"aromadb,flavornet,goodscents,leffingwell"
CC1(C)C2CC3OC3(C)C1C2,CC1(C)C2CC3OC3(C)C1C2,fresh;green;pine;sweet,4,"goodscents,leffingwell"
CC(C)(O)CCCC1=CCC(C=O)CC1,CC(C)(O)CCCC1=CCC(C=O)CC1,aldehydic;floral;muguet;woody,4,"goodscents,leffingwell"
CCC(C)C(=O)OCc1ccccc1,CCC(C)C(=O)OCc1ccccc1,apple;fruity;tropical,3,leffingwell
CCCCCCCOC(=O)CC(C)C,CCCCCCCOC(=O)CC(C)C,animal;fruity;green;herbal;woody,5,"goodscents,leffingwell"
CC(C)CCOCCc1ccccc1,CC(C)CCOCCc1ccccc1,cooling;fresh;green;hyacinth;leafy;metallic;sweet;tropical,8,"goodscents,leffingwell"
C=CC(C)(C=O)CC=C(C)C,C=CC(C)(C=O)CC=C(C)C,citrus;fruity,2,leffingwell
CCC=CC=CC=CC=O,CCC=CC=CC=CC=O,aldehydic;cucumber;green;melon;sweet,5,"goodscents,leffingwell"
C=C[C@]1(C)CC[C@@H](C(C)(C)O)C[C@H]1C(=C)C,C=CC1(C)CCC(C(C)(C)O)CC1C(=C)C,citrus;floral;green;rose;spicy;sweet;woody,7,"flavornet,goodscents,leffingwell"
CCC1OCC(C)O1,CCC1OCC(C)O1,ethereal;fruity;green;pungent,4,leffingwell
CC(C)CC(=O)OC(C)c1ccccc1,CC(C)CC(=O)OC(C)c1ccccc1,floral;fruity;herbal;jasmine,4,leffingwell
CCCCC(CC)COC(=O)CCS,CCCCC(CC)COC(=O)CCS,fruity;savory;sulfur;tropical,4,leffingwell
CC(C)CC(O)C(=O)O,CC(C)CC(O)C(=O)O,cheesy;fruity;milky,3,leffingwell
CC(C)C1C=CC(=O)CC1,CC(C)C1C=CC(=O)CC1,fresh;herbaceous;herbal;ketonic;minty;spicy;woody,7,"aromadb,goodscents,leffingwell"
CC(C)COC(=O)C(C)O,CC(C)COC(=O)C(C)O,buttery;caramel;fruity,3,"goodscents,leffingwell"
CCCOC(=O)C(C)O,CCCOC(=O)C(C)O,caramel;milky;sweet;winey,4,"goodscents,leffingwell"
CC(=O)OC[C@@H](OC(C)=O)[C@@H](OC(C)=O)[C@H](OC(C)=O)[C@H](C=O)OC(C)=O,CC(=O)OCC(OC(C)=O)C(OC(C)=O)C(OC(C)=O)C(C=O)OC(C)=O,odorless,1,leffingwell
CC1(C)C2CCC3(CO3)C1C2,CC1(C)C2CCC3(CO3)C1C2,camphoreous;herbal,2,"goodscents,leffingwell"
C=C1CC[C@@]23[C@@H]([C@@H]12)[C@H](C(C)C)CC[C@H]3C,C=C1CCC23C(C)CCC(C(C)C)C2C13,citrus;fruity;green;herbal;radish;woody,6,"flavornet,goodscents,leffingwell"
CCC1=C(O)C(=O)C(C)O1,CCC1=C(O)C(=O)C(C)O1,bread;bready;brown;burnt;caramel;fruity;sweet,7,"flavornet,goodscents,leffingwell"
CC(C)=CCCC1=CCC(C=O)CC1,CC(C)=CCCC1=CCC(C=O)CC1,aldehydic;citrus;floral;marine,4,"goodscents,leffingwell"
CSCSSC,CSCSSC,burnt;cabbage;garlic;onion;sulfur,5,"goodscents,leffingwell"
CC1=CC(C)C(C=O)CC1,CC1=CC(C)C(C=O)CC1,aldehydic;bark;citrus;floral;green;leafy,6,"goodscents,leffingwell"
C=CCc1ccc(OCc2ccccc2)c(OC)c1,C=CCc1ccc(OCc2ccccc2)c(OC)c1,balsamic;floral;hay;spicy;warm,5,"goodscents,leffingwell"
CCCCCC=CC(=O)OCCCC,CCCCCC=CC(=O)OCCCC,fatty;fruity;green;oily;pear;sweet;tropical,7,leffingwell
CCCC1C=CC(=O)O1,CCCC1C=CC(=O)O1,buttery;coconut;hay;nutty;sweet,5,leffingwell
CCOCc1ccc(O)cc1,CCOCc1ccc(O)cc1,animal;aromatic;floral;phenolic;sweet,5,leffingwell
C=CCOC(=O)CCCCCCCCC,C=CCOC(=O)CCCCCCCCC,fatty;fruity;pineapple;sweet;winey,5,"goodscents,leffingwell"
CC(=O)OC1(C)CCCC(C)(C)C12CCC(C)O2,CC(=O)OC1(C)CCCC(C)(C)C12CCC(C)O2,citrus;floral;fruity;grapefruit;green;herbal;tea;woody,8,"goodscents,leffingwell"
CCCCCC1CC1C(=O)O,CCCCCC1CC1C(=O)O,animal;leathery,2,leffingwell
CCCCCCCCC(=O)OCCc1ccccc1,CCCCCCCCC(=O)OCCc1ccccc1,herbal;oily;rose;sweet;waxy,5,leffingwell
Cc1ccc(C2OCC(C)O2)cc1,Cc1ccc(C2OCC(C)O2)cc1,almond;aromatic;bitter;cherry;floral;fruity,6,"goodscents,leffingwell"
CCCC(=O)OC1CC2(C)CC[C@@H]1C2(C)C,CCCC(=O)OC1CC2(C)CCC1C2(C)C,fruity;herbal;pine;warm;woody,5,leffingwell
CC1=CCCC(C)(C)C1C=O,CC1=CCCC(C)(C)C1C=O,citrus;floral;grassy;hay;herbal,5,leffingwell
CC(C)=CCCC1(C)C2CC3C(C2)C31C,CC(C)=CCCC1(C)C2CC3C(C2)C31C,sweet;woody,2,"aromadb,goodscents,leffingwell"
C[C@@H]1CC[C@H]2[C@@H]1C1[C@@H](CC[C@]2(C)O)C1(C)C,CC1CCC2C1C1C(CCC2(C)O)C1(C)C,floral;fruity;grass;green;herbal;minty;rose;sweet;tropical;woody,10,"aromadb,flavornet,goodscents,leffingwell"
CC(=O)OCC(C)O,CC(=O)OCC(C)O,ethereal;fruity,2,leffingwell
C=C(C)C1CCC(C)(O)C(O)C1,C=C(C)C1CCC(C)(O)C(O)C1,grapefruit,1,leffingwell
CCCCCCCC=CC(=O)O,CCCCCCCC=CC(=O)O,buttery;creamy;fatty;fresh;fruity;green;lactonic;milky;oily;orange;peach;plum;skin;sweet;waxy,15,"goodscents,leffingwell"
C=CC(C)CO,C=CC(C)CO,fermented;fresh;fruity;herbal,4,leffingwell
CCCCC(CC)COC(=O)c1ccccc1,CCCCC(CC)COC(=O)c1ccccc1,balsamic;ethereal,2,"goodscents,leffingwell"
CCCCCCCC(=O)OCC(C)OC(=O)CCCCCCC,CCCCCCCC(=O)OCC(C)OC(=O)CCCCCCC,cognac;fatty;fruity;oily,4,"goodscents,leffingwell"
CC1=C2CCC(C)CC2OC1=O,CC1=C2CCC(C)CC2OC1=O,coconut;coumarinic;creamy;minty;powdery;sweet;tobacco,7,"goodscents,leffingwell"
CCCCCCCC(=O)CCc1ccc(O)c(OC)c1,CCCCCCCC(=O)CCc1ccc(O)c(OC)c1,spicy,1,leffingwell
COC(=O)[C@H](C)O,COC(=O)C(C)O,buttery;caramel;ethereal;milky;rum,5,leffingwell
CCCCCCCCCCCC(=O)OCCCCCC,CCCCCCCCCCCC(=O)OCCCCCC,creamy;fatty;oily;waxy,4,leffingwell
C=C(C)[C@@H]1CC[C@@H](C)C[C@H]1OC(C)=O,C=C(C)C1CCC(C)CC1OC(C)=O,berry;camphoreous;cooling;fruity;green;leaf;leafy;medicinal;minty;sweet;tropical;woody,12,"aromadb,flavornet,goodscents,leffingwell"
CC(=O)OCc1ccc(C)cc1C,CC(=O)OCc1ccc(C)cc1C,floral;fresh;fruity;sweet,4,leffingwell
CCCC(=O)OC(C)C1CCCCC1,CCCC(=O)OC(C)C1CCCCC1,fruity;sweet,2,leffingwell
CCCCCCC1OC(C)C(C)O1,CCCCCCC1OC(C)C(C)O1,creamy;fruity;green;milky,4,"goodscents,leffingwell"
CCCCOC(=O)COC(=O)CCC,CCCCOC(=O)COC(=O)CCC,caramel;creamy;fatty;fruity;milky,5,leffingwell
CCCOC(=O)c1ccccc1N,CCCOC(=O)c1ccccc1N,bark;floral;grape;herbal;orangeflower;winey,6,"goodscents,leffingwell"
COc1cc(C=O)cc(-c2cc(C=O)cc(OC)c2O)c1O,COc1cc(C=O)cc(-c2cc(C=O)cc(OC)c2O)c1O,creamy;fruity;milky;vanilla,4,"aromadb,goodscents,leffingwell"
CCOC(OCC)c1ccc2c(c1)OCO2,CCOC(OCC)c1ccc2c(c1)OCO2,floral;spicy;sweet,3,"goodscents,leffingwell"
CC1CC(C)(C)OC(Cc2ccccc2)O1,CC1CC(C)(C)OC(Cc2ccccc2)O1,balsamic;floral;green;hyacinth;sweet,5,"goodscents,leffingwell"
CC1OCC(CO)O1,CC1OCC(CO)O1,ethereal;fruity;green,3,leffingwell
CCCC(C)CC(=O)O,CCCC(C)CC(=O)O,cheesy;fruity;sour,3,leffingwell
CCCCOC(=O)CC(O)C(=O)OCCCC,CCCCOC(=O)CC(O)C(=O)OCCCC,fatty;fermented;fruity;oily,4,leffingwell
CCOC(=O)CC1(C)OCC(C)O1,CCOC(=O)CC1(C)OCC(C)O1,apple;fresh;fruity;licorice;strawberry;sweet,6,"goodscents,leffingwell"
O=C(Cc1ccccc1)OCC1CCCO1,O=C(Cc1ccccc1)OCC1CCCO1,chocolate;floral;fruity;honey;sweet,5,"goodscents,leffingwell"
CCCCCCCCCC1OCC(C)O1,CCCCCCCCCC1OCC(C)O1,citrus;floral;fruity;green;herbal,5,"goodscents,leffingwell"
CCCCC(CC)COC(=O)CC,CCCCC(CC)COC(=O)CC,fatty;fruity;grape;oily;pear;winey,6,"goodscents,leffingwell"
CCCCC(C(C)=O)C(=O)OCC,CCCCC(C(C)=O)C(=O)OCC,floral;fruity;green;herbal;winey,5,"aromadb,goodscents,leffingwell"
CC(=O)CCCC(C)CCCC(C)C,CC(=O)CCCC(C)CCCC(C)C,dry;fatty;floral;fruity;hay;musty;sweet;woody,8,"goodscents,leffingwell"
CCCCOC(=O)C(C)CCC,CCCCOC(=O)C(C)CCC,aromatic;chamomile;floral;fruity;herbal;rose,6,"goodscents,leffingwell"
CCCCCOC(=O)C(C)CCC,CCCCCOC(=O)C(C)CCC,fatty;floral;fruity;pear,4,leffingwell
CCCCC(CC)COC=O,CCCCC(CC)COC=O,fruity,1,leffingwell
CCCCCCCCC1OCC(C)O1,CCCCCCCCC1OCC(C)O1,citrus;floral;fresh;fruity;green,5,"goodscents,leffingwell"
Cc1ccc(CC(C)C=O)cc1,Cc1ccc(CC(C)C=O)cc1,aldehydic;almond;amber;balsamic;cherry;citrus;dry;floral;fresh;fruity;green;melon;orange;powdery;sweet;woody,16,"goodscents,leffingwell"
CCC(=O)C(O)CC,CCC(=O)C(O)CC,buttery;caramel;milky,3,leffingwell
CC1COC(Cc2ccccc2)O1,CC1COC(Cc2ccccc2)O1,floral;fresh;green;rose;sweet,5,leffingwell
CC1=CCC(C)C(C=O)C1,CC1=CCC(C)C(C=O)C1,aldehydic;bark;citrus;green;herbal,5,"goodscents,leffingwell"
CCCCCCCCCCCCCC(=O)OCCC(C)C,CCCCCCCCCCCCCC(=O)OCCC(C)C,fatty;waxy,2,"goodscents,leffingwell"
CCCCCOC(=O)CC(C)C,CCCCCOC(=O)CC(C)C,apple;banana;chocolate;fresh;fruity,5,"goodscents,leffingwell"
COC(CCc1ccccc1)OC,COC(CCc1ccccc1)OC,earthy;floral;fruity;green,4,leffingwell
CCCCCCCCCC=CC(=O)O,CCCCCCCCCC=CC(=O)O,fatty;fruity;green;milky,4,leffingwell
O=C(Cc1ccccc1)OC1CCCCC1,O=C(Cc1ccccc1)OC1CCCCC1,aromatic;floral;fruity;honey;rose;sweet,6,"goodscents,leffingwell"
CC1COC(c2ccco2)O1,CC1COC(c2ccco2)O1,almond;aromatic;fresh;fruity;sweet,5,"goodscents,leffingwell"
CCCCCC1OC(=O)CC1C,CCCCCC1OC(=O)CC1C,buttery;coconut;floral;lactonic;metallic;plum;waxy,7,"goodscents,leffingwell"
CCCCCCC=CC(=O)O,CCCCCCC=CC(=O)O,fatty;fruity;green;milky;oily;waxy,6,"aromadb,goodscents,leffingwell"
CCCCCCCCCCCCC1CCC(=O)O1,CCCCCCCCCCCCC1CCC(=O)O1,creamy;fatty;waxy,3,leffingwell
CC(c1ccccc1)C1OCCO1,CC(c1ccccc1)C1OCCO1,earthy;floral;green;mushroom,4,"goodscents,leffingwell"
CCCCCC(=O)OC(C)CCCCC,CCCCCC(=O)OC(C)CCCCC,fruity;green;sweet;tropical,4,leffingwell
CCC(C)COC(=O)C(C)C,CCC(C)COC(=O)C(C)C,banana;ethereal;fruity;tropical,4,"goodscents,leffingwell"
CCOC(C)OC(C)=O,CCOC(C)OC(C)=O,aromatic;citrus;estery;ethereal;fresh;fruity;green;melon;sour;winey,10,"goodscents,leffingwell"
CCCCCCC(C)OC(C)=O,CCCCCCC(C)OC(C)=O,floral;fruity;herbal;waxy,4,"flavornet,goodscents,leffingwell"
CC(O)COC(=O)Cc1ccccc1,CC(O)COC(=O)Cc1ccccc1,balsamic;honey,2,leffingwell
CC(O)C(=O)OCc1ccccc1,CC(O)C(=O)OCc1ccccc1,buttery;caramel;fatty;floral;fruity;milky;sweet,7,"goodscents,leffingwell"
COc1ccc(C2OCC(C)O2)cc1,COc1ccc(C2OCC(C)O2)cc1,anise;floral;herbal;sweet,4,leffingwell
CCC1(C)OCC(C)O1,CCC1(C)OCC(C)O1,ethereal;fruity;minty,3,leffingwell
COC(=O)c1ccccc1N=CCC(C)CCCC(C)(C)O,COC(=O)c1ccccc1N=CCC(C)CCCC(C)(C)O,floral;lily;orangeflower;sweet,4,"goodscents,leffingwell"
CCCC1OCC(C)O1,CCCC1OCC(C)O1,ethereal;fermented;fruity;green,4,leffingwell
C=CCSCC(N)C(=O)O,C=CCSCC(N)C(=O)O,cooked;garlic;roasted,3,"goodscents,leffingwell"
CC1CCOC1=O,CC1CCOC1=O,coconut;coumarinic;hay,3,leffingwell
OC1CSC(O)CS1,OC1CSC(O)CS1,bread;bready;brothy;meaty;pungent;sulfur;tomato,7,"goodscents,leffingwell"
CC(C)=CCCC(C)CCCC(C)C=O,CC(C)=CCCC(C)CCCC(C)C=O,aldehydic;floral;fresh;lily;marine;rose;waxy,7,"goodscents,leffingwell"
CC1COC(C(C)C)O1,CC1COC(C(C)C)O1,cocoa;ethereal;fermented;fruity;green;malty;winey,7,"goodscents,leffingwell"
CC(=O)C1CCCC1=O,CC(=O)C1CCCC1=O,burnt;caramel;fruity;ketonic,4,leffingwell
CC(=O)OC1CC2CC1C1C=CCC21,CC(=O)OC1CC2CC1C1C=CCC21,anise;floral;green;herbal;sweet;woody,6,"goodscents,leffingwell"
CCCCCOC(=O)Cc1ccccc1,CCCCCOC(=O)Cc1ccccc1,animal;apple;balsamic;chocolate;fruity;honey;sweet;tobacco,8,"goodscents,leffingwell"
C=CCSCCC,C=CCSCCC,garlic;green;onion;sulfur,4,"goodscents,leffingwell"
O=C(c1ccccc1)C(O)O,O=C(c1ccccc1)C(O)O,aromatic;earthy;fatty;green;nutty;powdery;spicy;vegetable,8,"goodscents,leffingwell"
CCOC(=O)C(C)c1ccccc1,CCOC(=O)C(C)c1ccccc1,balsamic;floral;fruity;honey;sweet,5,leffingwell
C=C(C)C1CC(=O)C2(C)OC2C1,C=C(C)C1CC(=O)C2(C)OC2C1,ethereal;minty;spicy;sweet,4,"aromadb,goodscents,leffingwell"
CCCOc1cncc(C)n1,CCCOc1cncc(C)n1,earthy;green;vegetable;woody,4,"goodscents,leffingwell"
CCCCCOC(=O)c1ccccc1N,CCCCCOC(=O)c1ccccc1N,berry;floral;fruity;grape;sweet,5,"goodscents,leffingwell"
CSC(C)C(=O)O,CSC(C)C(=O)O,cheesy;fruity;green;sulfur;tropical,5,leffingwell
CSCCC1OCC(C)O1,CSCCC1OCC(C)O1,cheesy;meaty;potato;sulfur,4,"goodscents,leffingwell"
O=COC1CCCCCCCCCCC1,O=COC1CCCCCCCCCCC1,camphoreous;clean;floral;fresh;fruity;sweet;woody,7,"goodscents,leffingwell"
CC(=O)OCc1ccc(C(C)C)cc1,CC(=O)OCc1ccc(C(C)C)cc1,bergamot;fresh;fruity;herbal;sweet,5,"goodscents,leffingwell"
Cc1nccnc1SCc1ccco1,Cc1nccnc1SCc1ccco1,caramel;coffee;meaty;nutty;roasted,5,leffingwell
Cc1cnc(SCc2ccco2)cn1,Cc1cnc(SCc2ccco2)cn1,coffee;cooked;meaty;nutty;roasted;sulfur,6,"goodscents,leffingwell"
Cc1cncc(SCc2ccco2)n1,Cc1cncc(SCc2ccco2)n1,coffee;meaty;roasted,3,leffingwell
CCCC1CCOC(C)S1,CCCC1CCOC(C)S1,black;currant;fruity;garlic;green;onion;pineapple;sulfur;tropical,9,"goodscents,leffingwell"
CC(C)C(=O)OC(C)(C)Cc1ccccc1,CC(C)C(=O)OC(C)(C)Cc1ccccc1,aromatic;black;currant;floral;fresh;fruity;jammy;jasmin,8,"goodscents,leffingwell"
CCCCC(=O)OCC(C)O,CCCCC(=O)OCC(C)O,fruity;sweet,2,leffingwell
CC1(C)CCCC(C)(O)C1=O,CC1(C)CCCC(C)(O)C1=O,herbaceous;herbal;sweet;tea;tobacco,5,"aromadb,goodscents,leffingwell"
CC1COC(c2ccc3c(c2)OCO3)O1,CC1COC(c2ccc3c(c2)OCO3)O1,aromatic;floral;sweet,3,leffingwell
CCCCCOC(=O)C(C)O,CCCCCOC(=O)C(C)O,brandy;caramel;cognac;fruity;milky,5,"goodscents,leffingwell"
O=COCc1ccc2c(c1)OCO2,O=COCc1ccc2c(c1)OCO2,cherry;floral;sweet,3,leffingwell
O=C(OC1CCCCC1)c1ccccc1O,O=C(OC1CCCCC1)c1ccccc1O,aromatic;balsamic;floral;green;sweet,5,"goodscents,leffingwell"
CCCCCCCCCCCC(=O)OCC(C)C,CCCCCCCCCCCC(=O)OCC(C)C,fatty;oily;winey,3,leffingwell
CCCCCCCCCC(OCC)OCC,CCCCCCCCCC(OCC)OCC,aldehydic;citrus;coconut;cognac;ethereal;fatty;fresh;fruity;green;herbal;oily;orange;rum;waxy,14,"goodscents,leffingwell"
CCCCCCCC(OCC)OCC,CCCCCCCC(OCC)OCC,citrus;fatty;floral;fruity;green;oily;orange;spicy;woody,9,"goodscents,leffingwell"
CCOC(=O)c1ccccc1NC,CCOC(=O)c1ccccc1NC,fruity;grape;sweet,3,"goodscents,leffingwell"
CCOC(=O)C(C)(O)CC,CCOC(=O)C(C)(O)CC,caramel;fruity;grape;nutty,4,"goodscents,leffingwell"
CC1=CC(O)CC(C)C2CC(=C(C)C)CC12,CC1=CC(O)CC(C)C2CC(=C(C)C)CC12,balsamic;earthy,2,leffingwell
CC(OCCc1ccccc1)OCCc1ccccc1,CC(OCCc1ccccc1)OCCc1ccccc1,balsamic;floral;leafy;rose;warm,5,leffingwell
CC(=O)OCCC1=CCC2CC1C2(C)C,CC(=O)OCCC1=CCC2CC1C2(C)C,bergamot;floral;fruity;herbal;lavender;pine;sweet;woody,8,"goodscents,leffingwell"
CCCCC(CC)C(=O)OC,CCCCC(CC)C(=O)OC,fatty;fruity;herbal;orris;woody,5,leffingwell
CCCCCCC(C)CO,CCCCCCC(C)CO,fruity;oily;waxy,3,leffingwell
COC(CC(C)CCC=C(C)C)OC,COC(CC(C)CCC=C(C)C)OC,citrus;floral;herbal,3,leffingwell
CCCCC(C)C=O,CCCCC(C)C=O,aldehydic;cheesy;fatty;fruity,4,leffingwell
C=CC1(C)CCC(=O)O1,C=CC1(C)CCC(=O)O1,floral;fruity;minty,3,"goodscents,leffingwell"
C=C1C(OC(C)=O)CC2CC1C2(C)C,C=C1C(OC(C)=O)CC2CC1C2(C)C,camphoreous;floral;fruity;herbal;minty,5,"flavornet,leffingwell"
CC1(C)C2=CCCC(C)(C)C23CCC1C3,CC1(C)C2=CCCC(C)(C)C23CCC1C3,amber;woody,2,"goodscents,leffingwell"
CC1CCC(C(C)C)C(OC(=O)Cc2ccccc2)C1,CC1CCC(C(C)C)C(OC(=O)Cc2ccccc2)C1,balsamic;herbal;honey;minty,4,leffingwell
CC(=O)OC1C=C(C)CCC1C(C)C,CC(=O)OC1C=C(C)CCC1C(C)C,fruity;herbal;spicy;sweet,4,leffingwell
CC(=O)CCCC(C)CCC=C(C)C,CC(=O)CCCC(C)CCC=C(C)C,balsamic;floral;rose;sweet;woody,5,"goodscents,leffingwell"
CC(C)=CCCC(C)(O)C1CO1,CC(C)=CCCC(C)(O)C1CO1,creamy;floral;fresh;minty;sweet;woody,6,"flavornet,leffingwell"
COC1CC(C)CCC1C(C)C,COC1CC(C)CCC1C(C)C,fresh;minty,2,"goodscents,leffingwell"
C=C1C(O)CC2CC1C2(C)C,C=C1C(O)CC2CC1C2(C)C,balsamic;camphoreous;cooling;fresh;herbal;minty;pine;sweet;warm;woody,10,"aromadb,goodscents,leffingwell"
CC1=CC(C)(C)C(C=O)CC1,CC1=CC(C)(C)C(C=O)CC1,green;herbal,2,leffingwell
CC1CCC(C(C)C)C(OC=O)C1,CC1CCC(C(C)C)C(OC=O)C1,earthy;floral;fresh;green;herbal;minty,6,leffingwell
COC(C)(OC)C(C)O,COC(C)(OC)C(C)O,buttery;fruity,2,leffingwell
CCC(C)SC(=O)CC(C)C,CCC(C)SC(=O)CC(C)C,cheesy;fruity;green;herbal;spicy;sulfur;tropical;vegetable,8,"goodscents,leffingwell"
CCC(=O)OCC(C)CC,CCC(=O)OCC(C)CC,apple;banana;ethereal;fruity;melon;rummy;sweet;tropical,8,"goodscents,leffingwell"
CCC(C)C(=O)OCC(C)C,CCC(C)C(=O)OCC(C)C,fruity;sweet,2,"goodscents,leffingwell"
CCCCCCC1C=CC(=O)O1,CCCCCCC1C=CC(=O)O1,coconut;milky;mushroom,3,leffingwell
CCC(=O)C(C)CC=C(C)C,CCC(=O)C(C)CC=C(C)C,bitter;citrus;fresh;fruity;grapefruit,5,"goodscents,leffingwell"
CCCC(C)C(C)=O,CCCC(C)C(C)=O,ethereal;fruity;herbal;ketonic;milky,5,leffingwell
CCOC(C)OCCc1ccccc1,CCOC(C)OCCc1ccccc1,floral;fresh;green;hyacinth;leafy,5,"goodscents,leffingwell"
CCCCCC(=O)OCC(C)CC,CCCCCC(=O)OCC(C)CC,apple;banana;ethereal;fruity;pineapple,5,"goodscents,leffingwell"
CCCCCC1C(=O)CCC1CC(=O)OC,CCCCCC1C(=O)CCC1CC(=O)OC,floral;fruity;green;jasmin;jasmine;lactonic;oily;tropical,8,"flavornet,goodscents,leffingwell"
CCCCC(CC)C(=O)OCC,CCCCC(CC)C(=O)OCC,fatty;fresh;fruity;herbal;orris;woody,6,"goodscents,leffingwell"
CC1OC(C)C(C)O1,CC1OC(C)C(C)O1,alcoholic;ethereal;fresh;fruity;green;winey,6,leffingwell
CCC1CCCC(=O)O1,CCC1CCCC(=O)O1,coconut;coumarinic;earthy;green;oily,5,"goodscents,leffingwell"
CC1COC(C)O1,CC1COC(C)O1,buttery;ethereal;fruity;grassy;green;milky;sweet,7,"aromadb,goodscents,leffingwell"
CCCCCC(=O)OC(C)c1ccccc1,CCCCCC(=O)OC(C)c1ccccc1,fruity;rose,2,leffingwell
C[C@H](c1ccccc1)N(C)C,CC(c1ccccc1)N(C)C,fishy;sweet,2,"goodscents,leffingwell"
CCC(=O)OCCCCCCC(C)C,CCC(=O)OCCCCCCC(C)C,floral;fresh;herbal;lavender;woody,5,"goodscents,leffingwell"
CC1=CCCC(C)(C)C1C(C)CCC=O,CC1=CCCC(C)(C)C1C(C)CCC=O,animal;leathery;orris;tobacco;woody,5,"goodscents,leffingwell"
CCOCc1cnccn1,CCOCc1cnccn1,almond;brown;earthy;hazelnut;nut;nutty;pineapple;roasted;skin,9,"goodscents,leffingwell"
CCC(C)COC(=O)c1ccccc1,CCC(C)COC(=O)c1ccccc1,balsamic;floral;fruity;green;sweet,5,leffingwell
CCOC(=O)C1OC1c1ccc(C)cc1,CCOC(=O)C1OC1c1ccc(C)cc1,floral;fruity;raspberry;rose;sweet,5,"goodscents,leffingwell"
CSC(C)C(C)=O,CSC(C)C(C)=O,black;currant;earthy;fatty;garlic;milky;oily;potato;sulfur;tropical,10,"goodscents,leffingwell"
C=C(C)C1CCC2=CC(O)CC(C)C2(C)C1,C=C(C)C1CCC2=CC(O)CC(C)C2(C)C1,citrus;grapefruit,2,leffingwell
C=CC(C)CCCC(C)(C)OC(C)=O,C=CC(C)CCCC(C)(C)OC(C)=O,bergamot;citrus;floral;lavender,4,"goodscents,leffingwell"
COC(=O)C(C)S,COC(=O)C(C)S,brothy;meaty;sulfur;tropical;vegetable,5,leffingwell
CCCCCCCCCCOC(=O)CCCCC,CCCCCCCCCCOC(=O)CCCCC,fatty;fruity;oily;pineapple,4,leffingwell
CCCCCCCCCCC(OC)OC,CCCCCCCCCCC(OC)OC,citrus;floral;fresh;oily,4,"goodscents,leffingwell"
CCOc1cncc(C)n1,CCOc1cncc(C)n1,fresh;nutty;pineapple;roasted,4,"goodscents,leffingwell"
CCCCCCCCCOC(=O)CC,CCCCCCCCCOC(=O)CC,aldehydic;ethereal;rose;sweet;waxy;winey,6,leffingwell
CCCCCCCCCCC(OCC)OCC,CCCCCCCCCCC(OCC)OCC,citrus;floral;fresh;fruity,4,leffingwell
CCCCCCCCCCCC(OCC)OCC,CCCCCCCCCCCC(OCC)OCC,citrus;fruity;green;oily,4,leffingwell
CCCCCCCCOCC=O,CCCCCCCCOCC=O,aldehydic;floral;fresh;fruity;green;herbal;sweet,7,"goodscents,leffingwell"
Cc1nc(CC(C)C)sc1C,Cc1nc(CC(C)C)sc1C,earthy;geranium;green;nut;nutty;rose;savory;skin;tomato;vegetable,10,"aromadb,goodscents,leffingwell"
CCCc1nc(C)c(C)o1,CCCc1nc(C)c(C)o1,burnt;fatty;herbal;metallic;roasted,5,"aromadb,goodscents,leffingwell"
CC(=O)c1ncc(C)nc1C,CC(=O)c1ncc(C)nc1C,hazelnut;nutty;popcorn;roasted,4,"goodscents,leffingwell"
CCOCc1ccccc1OC,CCOCc1ccccc1OC,aromatic;floral;fresh;fruity;green;rose;spicy;sweet;tea,9,"goodscents,leffingwell"
C=CCCC1=C(C)C(=O)CCC1(C)C,C=CCCC1=C(C)C(=O)CCC1(C)C,floral;fruity;tobacco;woody,4,leffingwell
CCc1ccc(CC(C)(C)C=O)cc1,CCc1ccc(CC(C)(C)C=O)cc1,aldehydic;clean;floral;fresh;green;marine;ozone,7,"goodscents,leffingwell"
CC(C)(C)C(=O)OCCc1ccccc1,CC(C)(C)C(=O)OCCc1ccccc1,floral;geranium;rose;spicy,4,"goodscents,leffingwell"
CCC(=O)OC(C)(C)Cc1ccccc1,CCC(=O)OC(C)(C)Cc1ccccc1,floral;fruity;jasmin;sweet;tea,5,"goodscents,leffingwell"
CCCC(=O)Oc1c(C)occc1=O,CCCC(=O)Oc1c(C)occc1=O,berry;caramel;fruity;strawberry;sweet,5,"goodscents,leffingwell"
CCOC(CCCCCC(C)C)OCC,CCOC(CCCCCC(C)C)OCC,floral;green;sweet,3,leffingwell
CSc1nccnc1C(C)C,CSc1nccnc1C(C)C,earthy;green;meaty;roasted;vegetable;woody,6,"goodscents,leffingwell"
CSSC(C)(C)C=O,CSSC(C)(C)C=O,aromatic;chocolate;cocoa;fatty;tobacco,5,"flavornet,goodscents,leffingwell"
CCc1cnc(OC)cn1,CCc1cnc(OC)cn1,cocoa;earthy;green;musty;nutty,5,leffingwell
CC(C)CCOC(=O)CC(S)C(=O)OCCC(C)C,CC(C)CCOC(=O)CC(S)C(=O)OCCC(C)C,bread;coffee;fermented,3,"goodscents,leffingwell"
CC(CCOC=O)CC(C)(C)C,CC(CCOC=O)CC(C)(C)C,green;herbal;woody,3,"goodscents,leffingwell"
C=CCOC(=O)COCCC(C)C,C=CCOC(=O)COCCC(C)C,apple;fruity;green;herbal;pineapple,5,"goodscents,leffingwell"
C=CCOC(=O)COCC(C)CC,C=CCOC(=O)COCC(C)CC,fruity;green;herbal,3,leffingwell
CCCCCCC1OC(=O)CC1C,CCCCCCC1OC(=O)CC1C,buttery;floral;fruity;green;jasmine;lactonic;milky;oily;peach;tropical;waxy,11,"goodscents,leffingwell"
COC(OC)C(C)(C)CC=C(C)C,COC(OC)C(C)(C)CC=C(C)C,citrus;fresh;grapefruit;green;peel;soap;violet;woody,8,"goodscents,leffingwell"
CCCCCCCCCC(C)C(OCC)OCC,CCCCCCCCCC(C)C(OCC)OCC,balsamic;citrus;woody,3,leffingwell
CC(CCCC(C)(C)O)CC(n1ccc2ccccc21)n1ccc2ccccc21,CC(CCCC(C)(C)O)CC(n1ccc2ccccc21)n1ccc2ccccc21,animal;floral;jasmine,3,leffingwell
CC(=O)OC1CC(C)CC(C)(C)C1,CC(=O)OC1CC(C)CC(C)(C)C1,floral;fruity;green;herbal;lavender;minty;rose;spicy;sweet,9,"goodscents,leffingwell"
CCC1(O)C2(C)CCC(C2)C1(C)C,CCC1(O)C2(C)CCC(C2)C1(C)C,camphoreous;earthy;musty,3,"goodscents,leffingwell"
CCCCCOC(=O)C(C)CC,CCCCCOC(=O)C(C)CC,apple;banana;fruity;ripe;tropical,5,"flavornet,goodscents,leffingwell"
CC(=O)C1=C(C)C2CC3(C1)C(C)CCC3C2(C)C,CC(=O)C1=C(C)C2CC3(C1)C(C)CCC3C2(C)C,amber;cedar;leathery;musk;vetiver;warm;woody,7,"goodscents,leffingwell"
C=C(C)C1CCC(C)C2=C(C1)C(C)CC2,C=C(C)C1CCC(C)C2=C(C1)C(C)CC2,balsamic;peppery;sweet;woody,4,"aromadb,flavornet,goodscents,leffingwell"
COC(=O)C(C)CS,COC(=O)C(C)CS,fresh;fruity;grape;tropical,4,leffingwell
CC1CC(C)(c2ccccc2)OC(C)O1,CC1CC(C)(c2ccccc2)OC(C)O1,citrus;floral;fresh;grapefruit;green;herbal,6,"goodscents,leffingwell"
CCCCCCOC(C)OCC,CCCCCCOC(C)OCC,alcoholic;cognac;earthy;ethereal;floral;green,6,"goodscents,leffingwell"
C=CC1(C)CCC(COC(C)=O)C(C)(C)C1C(=C)C,C=CC1(C)CCC(COC(C)=O)C(C)(C)C1C(=C)C,citrus;fruity;sweet,3,leffingwell
CC1=NC(C)SC1,CC1=NC(C)SC1,meaty;nutty;roasted;vegetable,4,leffingwell
CCCCCCC(CC)OC(C)=O,CCCCCCC(CC)OC(C)=O,ethereal;floral;fruity;green;herbal;tropical;waxy,7,"goodscents,leffingwell"
CCCCCCCCC=CC=CC=O,CCCCCCCCC=CC=CC=O,fatty;floral;herbal;waxy,4,leffingwell
CCCCCCCCC(OCC)OCC,CCCCCCCCC(OCC)OCC,aldehydic;citrus;floral;fresh;green;rose,6,"goodscents,leffingwell"
CC(=O)Sc1cc(C)oc1C,CC(=O)Sc1cc(C)oc1C,floral;fruity;meaty;roasted;tropical,5,"goodscents,leffingwell"
CC(=O)Sc1ccoc1C,CC(=O)Sc1ccoc1C,beefy;burnt;chicken;cooked;meaty;roasted;sulfur,7,"flavornet,goodscents,leffingwell"
O=C(CCc1ccccc1)OCCCc1ccccc1,O=C(CCc1ccccc1)OCCCc1ccccc1,balsamic;floral;sweet,3,leffingwell
CCCCCCCCCC(=O)OCCCCCCC,CCCCCCCCCC(=O)OCCCCCCC,brandy;cognac;winey,3,"goodscents,leffingwell"
CCCCCCCCC(=O)OCCCCC,CCCCCCCCC(=O)OCCCCC,apricot;cognac;floral;fruity;nutty;oily;winey,7,"goodscents,leffingwell"
CCCCCCCCCC(C)C(OC)OC,CCCCCCCCCC(C)C(OC)OC,aldehydic;amber;green;lemon;waxy,5,"goodscents,leffingwell"
CC(C)CCCC(C)CCOC=O,CC(C)CCCC(C)CCOC=O,floral;fresh;fruity;green;spicy,5,leffingwell
CC(C)=CCCC1(C)OCC(C)O1,CC(C)=CCCC1(C)OCC(C)O1,citrus;fatty;fruity;green,4,"goodscents,leffingwell"
CC1CCC(C(C)C)C(OC(=O)C(C)C)C1,CC1CCC(C(C)C)C(OC(=O)C(C)C)C1,floral;fruity;herbal;rose;sweet,5,"goodscents,leffingwell"
CC1CCC2CC1SC2(C)C,CC1CCC2CC1SC2(C)C,apricot;fresh;fruity;grapefruit;green;minty;peach;peel;sulfur;tropical;vegetable,11,"goodscents,leffingwell"
CC1CCC(CO)C(C)C1,CC1CCC(CO)C(C)C1,earthy;floral;leathery;minty;woody,5,"goodscents,leffingwell"
COc1cc(C2OCC(C)O2)ccc1O,COc1cc(C2OCC(C)O2)ccc1O,chocolate;cocoa;creamy;milky;phenolic;powdery;sweet;vanilla;warm,9,"goodscents,leffingwell"
CCOc1cc(C2OCC(C)O2)ccc1O,CCOc1cc(C2OCC(C)O2)ccc1O,creamy;spicy;sweet;vanilla,4,"goodscents,leffingwell"
CC(C)=CCCC(C)CCOC(=O)c1ccccc1N,CC(C)=CCCC(C)CCOC(=O)c1ccccc1N,floral;fruity;rose;sweet,4,"aromadb,goodscents,leffingwell"
CCCCCC(=O)Oc1ccc(C)cc1,CCCCCC(=O)Oc1ccc(C)cc1,animal;floral;herbal,3,leffingwell
CCCC(=O)OC1=C(C)CCC1=O,CCCC(=O)OC1=C(C)CCC1=O,buttery;caramel;creamy;fruity;nutty,5,"aromadb,goodscents,leffingwell"
CC(C)=CCOC=O,CC(C)=CCOC=O,ethereal;fruity;green;leaf;leafy;rum;rummy;tomato,8,"goodscents,leffingwell"
CCC(=O)Oc1c(C)occc1=O,CCC(=O)Oc1c(C)occc1=O,berry;bready;caramel;fruity;jammy;pineapple;strawberry;sweet;tropical,9,"goodscents,leffingwell"
CC12CCC(C1)C(C)(C)C2OC=O,CC12CCC(C1)C(C)(C)C2OC=O,pine,1,leffingwell
CC1=CC=C2C(C)(C)CCCC2(C)O1,CC1=CC=C2C(C)(C)CCCC2(C)O1,berry;floral;fruity;orris;raspberry;sweet;woody,7,"goodscents,leffingwell"
CCCCC(C)OC(C)=O,CCCCC(C)OC(C)=O,apple;fruity;pear;sour;sweet,5,"goodscents,leffingwell"
CC(C)CCCC(C)CC=O,CC(C)CCCC(C)CC=O,aldehydic;citrus;fresh;green;lemon;onion,6,"aromadb,goodscents,leffingwell"
CCCC(=O)OC1CC(C)CCC1C(C)C,CCCC(=O)OC1CC(C)CCC1C(C)C,floral;fresh;fruity;herbal;minty,5,leffingwell
CCCCCC(=O)OC1CC(C)CCC1C(C)C,CCCCCC(=O)OC1CC(C)CCC1C(C)C,fruity;herbal;minty;sour;sweet;woody,6,leffingwell
CC1(C)C2CCC(CS)C1C2,CC1(C)C2CCC(CS)C1C2,fruity;green;sulfur;tropical,4,leffingwell
CCOC(C)OCC(C)C,CCOC(C)OCC(C)C,alcoholic;cognac;ethereal;fermented;green,5,leffingwell
CCCCC(CC)CS,CCCCC(CC)CS,garlic;meaty;roasted;sulfur;tropical;vegetable,6,leffingwell
CCCCCC(O)CC(=O)OCC,CCCCCC(O)CC(=O)OCC,apple;floral;fruity;green;sweet;winey,6,"goodscents,leffingwell"
CCCCCCCCCCCC1CCCC(=O)O1,CCCCCCCCCCCC1CCCC(=O)O1,buttery;fatty;milky;waxy,4,"goodscents,leffingwell"
CCCCCCCCC1CCCC(=O)O1,CCCCCCCCC1CCCC(=O)O1,buttery;creamy;fatty;milky;musty;oily,6,"goodscents,leffingwell"
CC(=O)OC(C)(C)C1CC=C(C)CC1,CC(=O)OC(C)(C)C1CC=C(C)CC1,bergamot;citrus;herbal;lavender;spicy;sweet;waxy,7,"aromadb,flavornet,goodscents,leffingwell"
CC(C)=CCCC(C)CCOC(=O)CC(C)C,CC(C)=CCCC(C)CCOC(=O)CC(C)C,apple;black;chamomile;currant;floral;herbal;honey;rose;tobacco;warm,10,"goodscents,leffingwell"
CC(C)CCCCCCC(=O)O,CC(C)CCCCCCC(=O)O,fatty,1,leffingwell
CC(=O)CCO,CC(=O)CCO,caramel;milky;sweet,3,leffingwell
C=CCOC(=O)COC1CCCCC1,C=CCOC(=O)COC1CCCCC1,fruity;green;herbal;leafy;pineapple;spicy;woody,7,"goodscents,leffingwell"
CC(C)CC(=O)OCc1ccc(O)cc1,CC(C)CC(=O)OCc1ccc(O)cc1,apricot;fruity;spicy;sweet,4,leffingwell
CCC(=O)OCC(C)OC(=O)CC,CCC(=O)OCC(C)OC(=O)CC,fruity;winey,2,"goodscents,leffingwell"
CCOC(=O)C(O)CC(C)C,CCOC(=O)C(O)CC(C)C,fresh;fruity;winey,3,"goodscents,leffingwell"
C=CC(C)(CCC=C(C)C)OC(=O)CCCC,C=CC(C)(CCC=C(C)C)OC(=O)CCCC,apricot;citrus;fruity;lavender;sweet,5,"flavornet,goodscents,leffingwell"
CC(=O)OCCCCCCCC(C)C,CC(=O)OCCCCCCCC(C)C,citrus;clean;fresh;green;herbal;powdery;rose;sweet,8,"goodscents,leffingwell"
CCOC(CCCCC(C)C)OCC,CCOC(CCCCC(C)C)OCC,fruity;green;leafy,3,leffingwell
CCC(C)COC(=O)Cc1ccccc1,CCC(C)COC(=O)Cc1ccccc1,balsamic;cocoa;floral;fruity;sweet,5,leffingwell
COC(C)(C)CCCC(C)C=O,COC(C)(C)CCCC(C)C=O,citrus;floral;fruity;green;melon,5,"goodscents,leffingwell"
CCC=CCCC1CCC(=O)O1,CCC=CCCC1CCC(=O)O1,buttery;coconut;creamy;fatty;floral;fruity;green;nutty;oily;peach;sweet;tropical,12,"goodscents,leffingwell"
CCCCCCC(CCOC(C)=O)OC(C)=O,CCCCCCC(CCOC(C)=O)OC(C)=O,floral;fresh;jasmin;jasmine;oily;sweet,6,"goodscents,leffingwell"
CCCCCCCCCC(=O)OCCc1ccccc1,CCCCCCCCCC(=O)OCCc1ccccc1,floral;green;herbal;oily;rose;waxy;winey,7,leffingwell
COCc1cnccn1,COCc1cnccn1,almond;chocolate;cocoa;fresh;green;hazelnut;nut;nutty;roasted;skin,10,"goodscents,leffingwell"
CCC(C)COC(=O)C=C(C)C,CCC(C)COC(=O)C=C(C)C,apple;chamomile;floral;fruity;metallic;tobacco,6,"goodscents,leffingwell"
CC1CC(C)(c2ccccc2)CO1,CC1CC(C)(c2ccccc2)CO1,aromatic;citrus;floral;fresh;grapefruit;green;herbal;woody,8,"goodscents,leffingwell"
CCCCCC(=O)OCCC(C)CCC=C(C)C,CCCCCC(=O)OCCC(C)CCC=C(C)C,apple;floral;fruity;pear;pineapple;rose,6,"goodscents,leffingwell"
CCCCCCC1CCCC1=O,CCCCCCC1CCCC1=O,floral;fruity;green;jasmin;jasmine,5,"goodscents,leffingwell"
CCCCCOC(C)OCC,CCCCCOC(C)OCC,alcoholic;cognac;ethereal;green;pungent,5,leffingwell
CCCCCCCCCCCC=CC=O,CCCCCCCCCCCC=CC=O,chicken;citrus;cucumber;fatty;floral;fruity;green;herbal;lemon;orange;peppery;soap;waxy,13,"goodscents,leffingwell"
COc1ccc(COC(=O)C(C)C)cc1,COc1ccc(COC(=O)C(C)C)cc1,floral;fruity;sweet,3,leffingwell
CCC(=O)OCC(C)O,CCC(=O)OCC(C)O,fruity,1,leffingwell
CCOC(C)(C)C1CC=C(C)CC1,CCOC(C)(C)C1CC=C(C)CC1,citrus;fatty;green,3,leffingwell
CCOC(=O)CCC(C)C,CCOC(=O)CCC(C)C,apple;fruity;pineapple,3,"flavornet,goodscents,leffingwell"
CCCCCC1=CCCC1=O,CCCCCC1=CCCC1=O,floral;fruity;jasmin;jasmine;woody,5,"goodscents,leffingwell"
CCC(=O)Nc1ccccc1C(=O)OC,CCC(=O)Nc1ccccc1C(=O)OC,grape,1,leffingwell
CCCCC(OC)OC,CCCCC(OC)OC,cognac;ethereal;fruity;green,4,leffingwell
CC(=O)OC1C=C(C)C2CC1C2(C)C,CC(=O)OC1C=C(C)C2CC1C2(C)C,fruity;herbal;minty;spicy,4,leffingwell
CC(C)c1ccc(C(C)C=O)cc1,CC(C)c1ccc(C(C)C=O)cc1,aldehydic;floral;fresh;green;herbal;leafy,6,"goodscents,leffingwell"
CCC(C)SC(=O)C=C(C)C,CCC(C)SC(=O)C=C(C)C,cheesy;fruity;grassy;green;herbal;spicy;sulfur;tropical;vegetable,9,"goodscents,leffingwell"
CCOC(=O)C1C(C)=CC=CC1(C)C,CCOC(=O)C1C(C)=CC=CC1(C)C,apple;fruity;herbal;spicy,4,leffingwell
CCC(C)COC=O,CCC(C)COC=O,apple;fatty;fruity;green;winey,5,leffingwell
CCCC(CCCC(=O)OCC)OC(C)=O,CCCC(CCCC(=O)OCC)OC(C)=O,fruity;musk,2,"aromadb,goodscents,leffingwell"
C=CC(CCC)OC(C)=O,C=CC(CCC)OC(C)=O,fruity;green;rum;rummy,4,"goodscents,leffingwell"
CCCCCCOC(CCCCC)OCCCCCC,CCCCCCOC(CCCCC)OCCCCCC,apple;cognac;grassy;green;oily,5,"goodscents,leffingwell"
CC(C)CC(=O)SC(C)C,CC(C)CC(=O)SC(C)C,cheesy;green;sulfur;tropical;vegetable,5,"goodscents,leffingwell"
CC(C)=CC(=O)SC(C)C,CC(C)=CC(=O)SC(C)C,earthy;garlic;green;meaty;onion;sulfur;tropical,7,"goodscents,leffingwell"
CCC(C)(C)SSC(C)(C)CC,CCC(C)(C)SSC(C)(C)CC,garlic;green;meaty;savory;sulfur;vegetable,6,leffingwell
C=CCCCCCCC(C)=O,C=CCCCCCCC(C)=O,apple;fatty;fruity;green;pear;pineapple,6,"goodscents,leffingwell"
CC(C)CC=NCCC(C)C,CC(C)CC=NCCC(C)C,burnt;cocoa;fishy;oily;sweet,5,"goodscents,leffingwell"
C=CCCCCCCCC(C)=O,C=CCCCCCCCC(C)=O,citrus;fatty;fruity;green;melon;tropical,6,"goodscents,leffingwell"
C=C1C(O)CC23CC1C(C)(C)C2CCC3C,C=C1C(O)CC23CC1C(C)(C)C2CCC3C,fruity;sweet;woody,3,"flavornet,goodscents,leffingwell"
CC1=C(O)C(=O)C(O)CO1,CC1=C(O)C(=O)C(O)CO1,caramel,1,leffingwell
CC(=O)OCC1CCC2CC1C2(C)C,CC(=O)OCC1CCC2CC1C2(C)C,fruity;herbal;pine;sweet,4,leffingwell
CCCCCCCCC(=O)OC(C)C,CCCCCCCCC(=O)OC(C)C,fermented;fruity;melon;oily;winey,5,leffingwell
CCCCCCCCCCCCOC=O,CCCCCCCCCCCCOC=O,floral;fruity;green,3,leffingwell
Cc1ccc2c(c1)OCC(=O)CO2,Cc1ccc2c(c1)OCC(=O)CO2,clean;fresh;green;marine;melon;ozone;phenolic,7,"goodscents,leffingwell"
CCO[C@@H]1O[C@H](CO)[C@@H](O)[C@H](O)[C@H]1O,CCOC1OC(CO)C(O)C(O)C1O,alcoholic;vanilla,2,"goodscents,leffingwell"
Cc1ccc2c(c1)C=CCC2(C)C,Cc1ccc2c(c1)C=CCC2(C)C,gasoline;licorice;woody,3,"flavornet,goodscents,leffingwell"
CCc1nc(C)oc1C,CCc1nc(C)oc1C,burnt;green;hazelnut;nutty;roasted;vegetable,6,"goodscents,leffingwell"
CCCC(=O)CC(=O)OC,CCCC(=O)CC(=O)OC,caramel;fruity;roasted,3,leffingwell
CC1=CC(=O)CC1C,CC1=CC(=O)CC1C,burnt;caramel;ketonic,3,leffingwell
C=C1C(=O)CC2CC1C2(C)C,C=C1C(=O)CC2CC1C2(C)C,camphoreous;green;herbal;minty,4,"goodscents,leffingwell"
CC1=CC=CCC1,CC1=CC=CCC1,citrus;fruity;gasoline;lemon,4,"aromadb,goodscents,leffingwell"
CCCCCCCCCC(=O)OCC(C)C,CCCCCCCCCC(=O)OCC(C)C,apricot;brandy;cognac;fatty;fermented;fruity;oily;sweet,8,"goodscents,leffingwell"
CCCCCCCCCC(=O)OCCC,CCCCCCCCCC(=O)OCCC,fatty;fruity;green;oily;vegetable;waxy;woody,7,"goodscents,leffingwell"
CC(=O)OC1(C)CCCCC1,CC(=O)OC1(C)CCCCC1,berry;floral;fruity;sweet,4,leffingwell
CCCCCCC(C(C)=O)C(=O)OCC,CCCCCCC(C(C)=O)C(=O)OCC,floral;fruity;green;herbal;jasmin;jasmine;waxy;winey,8,"goodscents,leffingwell"
C=C(C)C1CC=C(C)C(OC=O)C1,C=C(C)C1CC=C(C)C(OC=O)C1,fruity;herbal;minty;sweet,4,leffingwell
CSCS,CSCS,garlic;meaty;pungent;savory;sulfur,5,"goodscents,leffingwell"
CCSc1ccccc1O,CCSc1ccccc1O,burnt;smoky,2,leffingwell
CCCC(=O)OCC(C)O,CCCC(=O)OCC(C)O,ethereal;fruity,2,leffingwell
CC(C)[C@@H]1C=C[C@](C)(O)CC1,CC(C)C1C=CC(C)(O)CC1,floral;herbal;minty;musty,4,"aromadb,flavornet,goodscents,leffingwell"
C=CC=CC=CCC=CCC,C=CC=CC=CCC=CCC,fatty;green,2,leffingwell
CCOc1nccnc1C,CCOc1nccnc1C,almond;cocoa;earthy;hazelnut;nutty;pineapple;roasted,7,"goodscents,leffingwell"
CCSSC,CCSSC,garlic;green;onion;sulfur;vegetable,5,"goodscents,leffingwell"
CCc1ccccc1C=O,CCc1ccccc1C=O,almond;spicy,2,leffingwell
C=CCCCCCCCCCC(=O)O,C=CCCCCCCCCCC(=O)O,aldehydic;citrus;fatty,3,"goodscents,leffingwell"
C/C=C(\C)C(=O)O,CC=C(C)C(=O)O,acidic;brown;caramel;dry;fruity;pungent;ripe;spicy;sweet;warm;woody,11,"aromadb,goodscents,leffingwell"
CC(O)C1CCCCC1,CC(O)C1CCCCC1,clean;fermented;fresh;fruity;herbal;oily,6,"goodscents,leffingwell"
Cc1cncs1,Cc1cncs1,coffee;roasted;sulfur,3,leffingwell
CC(C)OC(C)OC(C)C,CC(C)OC(C)OC(C)C,alcoholic;brandy;cognac;ethereal;fruity;green;pungent,7,leffingwell
CCOC(C)(OCC)c1ccccc1,CCOC(C)(OCC)c1ccccc1,floral;fruity;green;spicy;warm,5,leffingwell
CCCC(OC)OC,CCCC(OC)OC,alcoholic;cognac;ethereal;fermented;fresh;green,6,leffingwell
CCC=S,CCC=S,garlic;onion;potato,3,leffingwell
CCCOC(=O)C(C)(C)C,CCCOC(=O)C(C)(C)C,fruity;ripe;sweet;tropical,4,leffingwell
CCCCOC(=O)C(C)(C)C,CCCCOC(=O)C(C)(C)C,apple;fruity;herbal,3,leffingwell
CCCC(=O)C(=O)CCC,CCCC(=O)C(=O)CCC,buttery;caramel;cheesy;creamy;fatty;fruity;sweet,7,"aromadb,goodscents,leffingwell"
SCS,SCS,meaty;pungent,2,"goodscents,leffingwell"
CCSC(C)SCC,CCSC(C)SCC,burnt;coffee;fruity;garlic;meaty;sulfur;tropical,7,"goodscents,leffingwell"
CCCC(C)CC=O,CCCC(C)CC=O,aldehydic;cheesy;fatty;fruity;green;sweet,6,"goodscents,leffingwell"
CC1CCCCCCCCCCCCC(=O)O1,CC1CCCCCCCCCCCCC(=O)O1,musk,1,leffingwell
CC(S)c1ccccc1,CC(S)c1ccccc1,floral;meaty;sulfur;tropical,4,"goodscents,leffingwell"
CC(=O)CC(=O)OCc1ccccc1,CC(=O)CC(=O)OCc1ccccc1,balsamic;banana;floral;fresh;fruity;sweet,6,"aromadb,goodscents,leffingwell"
CC=CSC,CC=CSC,acidic;garlic;onion;sulfur,4,"goodscents,leffingwell"
COC(CC(C)C)OC,COC(CC(C)C)OC,cocoa;ethereal;fermented;fruity;green;malty,6,leffingwell
CSc1cc(C)oc1C,CSc1cc(C)oc1C,brothy;meaty;roasted,3,leffingwell
CC(C)=CCS,CC(C)=CCS,coffee;garlic;meaty;onion;smoky;sulfur,6,"flavornet,goodscents,leffingwell"
CCCC1NCCS1,CCCC1NCCS1,bread;caramel;green;pungent;radish,5,leffingwell
CCCCCCCCCCCCC=CC=O,CCCCCCCCCCCCC=CC=O,chicken;oily,2,leffingwell
CCCC(O)CC(=O)O,CCCC(O)CC(=O)O,cheesy;fruity,2,leffingwell
CCCCCCCCCCCCCC=CC(=O)O,CCCCCCCCCCCCCC=CC(=O)O,fatty;oily,2,leffingwell
CC(CS)C(=O)O,CC(CS)C(=O)O,cheesy;meaty;ripe;sulfur;tropical;vegetable,6,leffingwell
C=CC1(C)CCC(C(C)C=O)O1,C=CC1(C)CCC(C(C)C=O)O1,floral;fresh;sweet,3,"goodscents,leffingwell"
C=C(C)C1C=CC(C)(O)CC1,C=C(C)C1C=CC(C)(O)CC1,floral;fresh;herbal;minty;musty;terpenic,6,"flavornet,goodscents,leffingwell"
C=C1CC[C@@H]2S[C@@H]1[C@H]1[C@H](C(C)C)CC[C@]12C,C=C1CCC2SC1C1C(C(C)C)CCC21C,earthy;musty;woody,3,leffingwell
CCCCC1OCC(C)O1,CCCCC1OCC(C)O1,alcoholic;fatty;fermented;green;nutty,5,"goodscents,leffingwell"
CCC(C)(CCc1ccccc1)OC(C)=O,CCC(C)(CCc1ccccc1)OC(C)=O,floral;fresh;fruity;green;hyacinth;sweet;tea,7,"goodscents,leffingwell"
CCCCC=CCC(=O)OCC,CCCCC=CCC(=O)OCC,fatty;fruity;pineapple;tropical;winey,5,"goodscents,leffingwell"
CCCCC1COCC(C)C1OC(C)=O,CCCCC1COCC(C)C1OC(C)=O,floral;jasmin;jasmine;mushroom;spicy,5,"goodscents,leffingwell"
C=CC(C)(CCC=C(C)C)OC(C)OCC,C=CC(C)(CCC=C(C)C)OC(C)OCC,floral;fresh;herbal;muguet;sweet;tropical,6,"goodscents,leffingwell"
CCCOC(=O)C(C)CC,CCCOC(=O)C(C)CC,apple;fruity;green;pineapple;sweet;winey,6,"goodscents,leffingwell"
C=CCCCCCCCC=O,C=CCCCCCCCC=O,aldehydic;citrus;fatty;floral;fresh;green;rose;waxy,8,"goodscents,leffingwell"
CC1(O)CCC2C(=CCCC2(C)C)C1,CC1(O)CCC2C(=CCCC2(C)C)C1,amber;animal;earthy;musk;woody,5,"goodscents,leffingwell"
COC(=O)c1ccccc1NC=O,COC(=O)c1ccccc1NC=O,fruity;grape;musty,3,"goodscents,leffingwell"
CCC(C)COC(=O)c1ccccc1O,CCC(C)COC(=O)c1ccccc1O,balsamic;floral;green;herbal;sweet;woody,6,"goodscents,leffingwell"
CCCC(=O)OCC(C)CC,CCCC(=O)OCC(C)CC,apple;apricot;fruity;pear;rummy;spicy;tropical,7,"goodscents,leffingwell"
CCC1(O)C2(C)CCCC1(C)CC2,CCC1(O)C2(C)CCCC1(C)CC2,earthy;woody,2,"goodscents,leffingwell"
CCCC(C)COC(=O)C(C)CCC,CCCC(C)COC(=O)C(C)CCC,clean;fatty;floral;fruity;jasmin;oily;pear;sweet,8,"goodscents,leffingwell"
CCC(C)C(O)C(=O)O,CCC(C)C(O)C(=O)O,buttery;cheesy;creamy;fruity,4,leffingwell
CSCCCCCCN=C=S,CSCCCCCCN=C=S,fatty;horseradish;pungent;radish;sweet,5,"goodscents,leffingwell"
CC(C)=CCOC(=O)C=C(C)C,CC(C)=CCOC(=O)C=C(C)C,fruity;green;herbal;warm,4,"goodscents,leffingwell"
CCCCCCCCCCOC(=O)CC(C)C,CCCCCCCCCCOC(=O)CC(C)C,apple;brandy;fruity;waxy;winey,5,leffingwell
CC(=O)C1=NCCS1,CC(=O)C1=NCCS1,bready;chicken;grass;grassy;green;herbal;nutty;onion;popcorn;potato;roasted,11,"aromadb,flavornet,goodscents,leffingwell"
CCCCCCCCC(=O)OCC(C)C,CCCCCCCCC(=O)OCC(C)C,fruity;oily;rose;winey,4,leffingwell
C=C(C)CCCC(C)CO,C=C(C)CCCC(C)CO,fatty;fresh;green;melon;oily;waxy,6,"goodscents,leffingwell"
CCc1ccc(C=O)s1,CCc1ccc(C=O)s1,almond;bitter;caramel;cherry;fruity;nutty,6,"goodscents,leffingwell"
C=CC(C)(S)CCC=C(C)C,C=CC(C)(S)CCC=C(C)C,fresh;fruity;grapefruit,3,leffingwell
CCCCCCCCCCCCCC(=O)OCCCCCC,CCCCCCCCCCCCCC(=O)OCCCCCC,odorless,1,leffingwell
CCCC(=O)OCC(C)OC(=O)CCC,CCCC(=O)OCC(C)OC(=O)CCC,buttery;fruity;sweet,3,"goodscents,leffingwell"
C=CC(O)CCCCCCC,C=CC(O)CCCCCCC,aldehydic;cheesy;citrus;earthy;ketonic;metallic;milky;mushroom;oily;vegetable;waxy,11,"aromadb,goodscents,leffingwell"
CCCCCC(=O)OCSC,CCCCCC(=O)OCSC,creamy;fruity;pineapple,3,"goodscents,leffingwell"
CCCCCC(=O)OCC=C(C)C,CCCCCC(=O)OCC=C(C)C,cheesy;earthy;fruity;green,4,"goodscents,leffingwell"
CC(C)=CCOC(=O)C(C)C,CC(C)=CCOC(=O)C(C)C,berry;buttery;fruity;green;honey;pineapple;plum;raspberry;waxy,9,"goodscents,leffingwell"
CC(C)C(=O)O[C@@H]1C[C@H]2CC[C@]1(C)C2(C)C,CC(C)C(=O)OC1CC2CCC1(C)C2(C)C,balsamic;camphoreous;earthy;fruity;herbal;nutty;pine;spicy;woody,9,"goodscents,leffingwell"
CC1C(S)CC2CC1C2(C)C,CC1C(S)CC2CC1C2(C)C,fruity;green;sulfur;tropical,4,leffingwell
CCOc1nccnc1C(C)C,CCOc1nccnc1C(C)C,earthy;green;nutty;roasted;vegetable,5,"goodscents,leffingwell"
C=CC(C)(CCC=C(C)C)OCC,C=CC(C)(CCC=C(C)C)OCC,citrus;floral,2,"goodscents,leffingwell"
CCCCCCCOCC(=O)CO,CCCCCCCOCC(=O)CO,earthy;green;mushroom;oily;sweet,5,"goodscents,leffingwell"
CCc1nccnc1SC,CCc1nccnc1SC,cooked;earthy;green;meaty;musty;nutty;roasted;vegetable,8,"goodscents,leffingwell"
CCCCCCCC(O)CCCC(=O)OCC(O)CO,CCCCCCCC(O)CCCC(=O)OCC(O)CO,buttery;coconut;fresh;fruity;oily;peach;tropical,7,"goodscents,leffingwell"
CC(=S)OC(C)(C)[C@@H]1CCC(C)CC1=O,CC(=S)OC(C)(C)C1CCC(C)CC1=O,black;currant;fruity;herbal,4,"goodscents,leffingwell"
C=CC(=O)CCCCCC,C=CC(=O)CCCCCC,mushroom;pungent,2,"flavornet,goodscents,leffingwell"
CCC=CC=CC(C)=O,CCC=CC=CC(C)=O,earthy;fatty;fishy;fruity;grassy;green;hay;herbaceous;herbal;metallic;mushroom;pungent,12,"aromadb,flavornet,goodscents,leffingwell"
C=CCCCCN=C=S,C=CCCCCN=C=S,fatty;green;pungent,3,leffingwell
CC(C)CC1OC(CC(C)C)OC(CC(C)C)O1,CC(C)CC1OC(CC(C)C)OC(CC(C)C)O1,berry;chocolate;cocoa;creamy;floral;milky;sweet;vanilla,8,"goodscents,leffingwell"
CSCCCCCN=C=S,CSCCCCCN=C=S,cabbage;pungent;radish,3,"flavornet,goodscents,leffingwell"
CC=CCOC(=O)CCCCC,CC=CCOC(=O)CCCCC,fruity;pineapple,2,leffingwell
CCCCCC(OCCC(C)C)OCCC(C)C,CCCCCC(OCCC(C)C)OCCC(C)C,apple;cognac;green;oily,4,leffingwell
CCCCCC(OCCCC)OCCCC,CCCCCC(OCCCC)OCCCC,apple;cognac;green;oily,4,"goodscents,leffingwell"
CN1CCNc2ccccc21,CN1CCNc2ccccc21,burnt;meaty,2,leffingwell
C=C(C)C1CC=C(C)C(OC(=O)CC(C)C)C1,C=C(C)C1CC=C(C)C(OC(=O)CC(C)C)C1,fruity;herbal;sweet,3,leffingwell
CCCCOC(OCCCC)c1ccccc1,CCCCOC(OCCCC)c1ccccc1,almond;cherry;herbal;sweet,4,leffingwell
CC(C)CC(=O)Cc1ccccc1,CC(C)CC(=O)Cc1ccccc1,burnt;caramel;fruity;spicy;sweet;woody,6,"aromadb,goodscents,leffingwell"
CCCC(=O)C(O)CCC,CCCC(=O)C(O)CCC,buttery;nutty;pungent;sweet,4,"goodscents,leffingwell"
CCCOC(=O)CCC(C)=O,CCCOC(=O)CCC(C)=O,caramel;fruity;sweet,3,"goodscents,leffingwell"
CCOC(=O)C(C)OC(C)=O,CCOC(=O)C(C)OC(C)=O,caramel;fruity;milky;rum,4,leffingwell
O=COCCC1CCCCC1,O=COCCC1CCCCC1,apple;fruity;waxy,3,leffingwell
CCCCCC(=O)OCCCc1ccccc1,CCCCCC(=O)OCCCc1ccccc1,fruity;green;sweet,3,leffingwell
CCC(=O)OCCC1CCCCC1,CCC(=O)OCCC1CCCCC1,fresh;fruity;pineapple;sweet,4,leffingwell
CCC(=O)O[C@@H]1C[C@H](C)CC[C@H]1C(C)C,CCC(=O)OC1CC(C)CCC1C(C)C,floral;fresh;fruity;herbal;minty;rose;sweet,7,"goodscents,leffingwell"
CCCOC(=O)Cc1ccccc1,CCCOC(=O)Cc1ccccc1,apricot;floral;honey;rose;sweet,5,"goodscents,leffingwell"
CCOC(=O)c1ccccc1OCC,CCOC(=O)c1ccccc1OCC,floral;fruity;green;sweet;warm,5,leffingwell
COc1ccc(C2OC(C)C(C)O2)cc1,COc1ccc(C2OC(C)C(C)O2)cc1,anise;floral;hay,3,leffingwell
CCCCCCOC(=O)Cc1ccccc1,CCCCCCOC(=O)Cc1ccccc1,floral;fruity;green;honey;powdery;rose;sweet;waxy;winey,9,"goodscents,leffingwell"
CCCCOC(=O)C(C)OC(C)=O,CCCCOC(=O)C(C)OC(C)=O,creamy;fruity;milky,3,leffingwell
CC1OC(c2ccc3c(c2)OCO3)OC1C,CC1OC(c2ccc3c(c2)OCO3)OC1C,floral,1,leffingwell
CC(=O)CSCc1ccco1,CC(=O)CSCc1ccco1,burnt;cabbage;coffee;roasted,4,"goodscents,leffingwell"
C=CCc1cc(OC)c(O)c(OC)c1,C=CCc1cc(OC)c(O)c(OC)c1,burnt;floral;meaty;phenolic;roasted;smoky;spicy;sweet;woody,9,"aromadb,flavornet,goodscents,leffingwell"
CCCC(C)C(=O)OCC(C)C,CCCC(C)C(=O)OCC(C)C,apple;fatty;fruity;oily,4,leffingwell
CCCC(C)C(=O)OCCC(C)C,CCCC(C)C(=O)OCCC(C)C,apple;fatty;fruity;oily,4,leffingwell
CCCCCCOC(=O)C(C)CCC,CCCCCCOC(=O)C(C)CCC,apple;fruity;herbal;oily;winey,5,leffingwell
CC(C)CCCOC(=O)c1ccccc1,CC(C)CCCOC(=O)c1ccccc1,balsamic;fruity;sweet,3,leffingwell
CCCCCCOC(=O)C(CC)CC,CCCCCCOC(=O)C(CC)CC,apple;fruity;herbal;sweet;waxy;winey,6,leffingwell
COC(CC(C)=O)OC,COC(CC(C)=O)OC,alcoholic;bitter;ethereal;herbal;musty;nutty;sweet,7,"goodscents,leffingwell"
CC(=O)Cc1ccco1,CC(=O)Cc1ccco1,caramel;fruity;herbal;radish;spicy;sweet,6,"goodscents,leffingwell"
CCCC(=O)c1ccco1,CCCC(=O)c1ccco1,balsamic,1,"aromadb,goodscents,leffingwell"
C=C(C)CCC(C)=O,C=C(C)CCC(C)=O,berry;cheesy;fatty;fruity;green;milky;tropical;vegetable;weedy,9,"goodscents,leffingwell"
CCCCCCCCCOC=O,CCCCCCCCCOC=O,citrus;sweet,2,leffingwell
CCCCCCCCOC(=O)CC(C)C,CCCCCCCCOC(=O)CC(C)C,apple;earthy;fatty;floral;fruity;green;herbal;honey;pineapple;rose;warm,11,"goodscents,leffingwell"
CC(C=O)Cc1ccc(C(C)(C)C)cc1,CC(C=O)Cc1ccc(C(C)(C)C)cc1,floral;fresh;green;lily,4,"goodscents,leffingwell"
CCCCCCCCCCC1OCC(C)O1,CCCCCCCCCCC1OCC(C)O1,citrus;fatty;floral;herbal;sweet,5,"goodscents,leffingwell"
CCCCCCC(=O)OCCC,CCCCCCC(=O)OCCC,apple;cognac;fermented;fruity;grape;green;juicy;oily;pear;pineapple;ripe;strawberry;sweet;winey,14,"goodscents,leffingwell"
CCCCCCCCCCOC(=O)CC,CCCCCCCCCCOC(=O)CC,aldehydic;citrus;cognac;ethereal;fatty;fruity;musk;rum;rummy;sweet,10,"aromadb,goodscents,leffingwell"
CCCCCCCCCCOC(=O)CCC,CCCCCCCCCCOC(=O)CCC,apricot;fruity;peach;rose;sweet;waxy,6,"goodscents,leffingwell"
CCCCCCCC(=O)OCCc1ccccc1,CCCCCCCC(=O)OCCc1ccccc1,caramel;cocoa;cognac;earthy;floral;fruity;green;rose;sweet;waxy;winey,11,"aromadb,goodscents,leffingwell"
CC1OC(Cc2ccccc2)OC1C,CC1OC(Cc2ccccc2)OC1C,earthy;floral;fruity;herbal;sweet,5,"goodscents,leffingwell"
CCCCC(=O)c1ccco1,CCCCC(=O)c1ccco1,caramel;cheesy;fruity;sweet,4,"aromadb,goodscents,leffingwell"
O=C1CCCCCCCCCCCCCCO1,O=C1CCCCCCCCCCCCCCO1,animal;brown;coumarinic;fruity;licorice;musk;pear;powdery;sweet;tobacco,10,"goodscents,leffingwell"
CC1COC(C(C)c2ccccc2)O1,CC1COC(C(C)c2ccccc2)O1,chicken;fresh;fruity;green;hay;melon;mushroom,7,"goodscents,leffingwell"
O=Cc1ccc(CO)o1,O=Cc1ccc(CO)o1,buttery;caramel;fatty;hay;herbal;musty;waxy;winey,8,"flavornet,goodscents,leffingwell"
CCCCCc1cccnc1,CCCCCc1cccnc1,earthy;green,2,leffingwell
CCCC(=O)CC(=O)OCC,CCCC(=O)CC(=O)OCC,berry;fruity;green;pineapple;sweet,5,"goodscents,leffingwell"
CC(=O)OC(C)(C)[C@@H]1CC[C@H](C)C2=C(C1)[C@@H](C)CC2,CC(=O)OC(C)(C)C1CCC(C)C2=C(C1)C(C)CC2,balsamic;earthy;fatty;floral;green;rose;spicy;sweet;tea;woody,10,"goodscents,leffingwell"
CC(C)=CCCC(C)CO,CC(C)=CCCC(C)CO,melon,1,leffingwell
COc1cc(C)cc(OC)c1O,COc1cc(C)cc(OC)c1O,caramel;medicinal;phenolic;smoky;spicy;woody,6,"goodscents,leffingwell"
CCCCC(C)OC(=O)CCC,CCCCC(C)OC(=O)CCC,banana;fruity;ripe;sweet,4,"goodscents,leffingwell"
CCCC(=O)OCc1ccc(OC)cc1,CCCC(=O)OCc1ccc(OC)cc1,anise;buttery;floral;fruity;plum;sweet;tropical,7,"aromadb,goodscents,leffingwell"
CCCCCCCCCCCCOC(=O)C(C)C,CCCCCCCCCCCCOC(=O)C(C)C,buttery;fatty;fruity;milky;oily;waxy,6,"goodscents,leffingwell"
CCCC(=O)OC1CCCCC1,CCCC(=O)OC1CCCCC1,apple;floral;fresh;fruity;pineapple;sweet,6,"aromadb,goodscents,leffingwell"
CCCCCCCCCCCCOC(=O)CC(C)C,CCCCCCCCCCCCOC(=O)CC(C)C,apple;fresh;fruity;oily,4,leffingwell
C=CCCCCCCCCCOC(=O)CCC,C=CCCCCCCCCCOC(=O)CCC,fatty;fruity;oily,3,leffingwell
CCCC(=O)O[C@H]1C[C@H]2CC[C@@]1(C)C2(C)C,CCCC(=O)OC1CC2CCC1(C)C2(C)C,camphor;fruity;herbal;woody,4,"aromadb,flavornet,goodscents,leffingwell"
CCCCCCCCCCCCOC(=O)CCC,CCCCCCCCCCCCOC(=O)CCC,fatty;fruity;oily,3,"goodscents,leffingwell"
CCCCCC(=O)CC,CCCCCC(=O)CC,cheesy;earthy;fermented;fresh;fruity;green;herbal;ketonic;lavender;mushroom;musty;sweet;vegetable,13,"aromadb,flavornet,goodscents,leffingwell"
CCOC(=O)C(Cc1ccccc1)C(C)=O,CCOC(=O)C(Cc1ccccc1)C(C)=O,balsamic;berry;floral;fruity;musty;spicy;sweet;tropical;vanilla,9,"goodscents,leffingwell"
SCCCCCCCCCS,SCCCCCCCCCS,fatty;meaty;mushroom;savory;sulfur;vegetable;waxy,7,"goodscents,leffingwell"
CC(CCO)CCCC(C)(C)O,CC(CCO)CCCC(C)(C)O,clean;floral;green;lily;rose;sweet,6,"goodscents,leffingwell"
CCCOC(=O)CCC1CCCCC1,CCCOC(=O)CCC1CCCCC1,fruity;peach;pear;pineapple;sweet,5,leffingwell
C=CC(C)(CCC=C(C)C)OC(=O)Cc1ccccc1,C=CC(C)(CCC=C(C)C)OC(=O)Cc1ccccc1,floral;honey;lily;rose;sweet,5,"goodscents,leffingwell"
C=C(C)COC(=O)CCC,C=C(C)COC(=O)CCC,ethereal;fruity;pungent,3,"goodscents,leffingwell"
O=C(OCCc1ccccc1)c1ccco1,O=C(OCCc1ccccc1)c1ccco1,caramel;fruity;honey;mushroom;musty;rose,6,"goodscents,leffingwell"
CCCCC(C(=O)OCC)c1ccccc1,CCCCC(C(=O)OCC)c1ccccc1,creamy;fruity;green;honey;milky;sweet,6,leffingwell
SCc1ccccn1,SCc1ccccn1,beefy;clean;fatty;meaty;roasted;savory;sulfur,7,"goodscents,leffingwell"
c1coc(COCc2ccco2)c1,c1coc(COCc2ccco2)c1,burnt;coffee;earthy;nutty,4,"aromadb,goodscents,leffingwell"
CCOC(=O)c1ccccc1NC(C)=O,CCOC(=O)c1ccccc1NC(C)=O,citrus;floral;fruity;grape,4,leffingwell
CCCC(=O)CCCC(=O)O,CCCC(=O)CCCC(=O)O,fruity;musk,2,"goodscents,leffingwell"
COC(=O)CCCc1ccccc1,COC(=O)CCCc1ccccc1,floral;fruity;honey;sweet,4,"goodscents,leffingwell"
CCCCCCC1(C)CCC(=O)O1,CCCCCCC1(C)CCC(=O)O1,coconut;coumarinic;creamy;fatty;floral;fresh;jasmin;jasmine;lactonic;peach;powdery;spicy;sweet;waxy,14,"goodscents,leffingwell"
CC(C)CC(=O)OC1CCCCC1,CC(C)CC(=O)OC1CCCCC1,apple;banana;berry;fruity,4,"aromadb,goodscents,leffingwell"
C=C(C)C1CCC2=CCCC(C)C2(C)C1,C=C(C)C1CCC2=CCCC(C)C2(C)C1,citrus;dry;fresh;gasoline;grapefruit;grass;green;oily;orange;sweet;woody,11,"aromadb,flavornet,goodscents,leffingwell"
C=C1C2CCC3C2C(C)(C)CCCC13C,C=C1C2CCC3C2C(C)(C)CCCC13C,camphoreous;medicinal;rose;sweet;woody,5,"goodscents,leffingwell"
CCCC(C)(C)SSC(C)(C)CCC,CCCC(C)(C)SSC(C)(C)CCC,garlic;green;meaty;savory;sulfur;vegetable,6,leffingwell
COC(=O)c1ccccc1NC(=O)Cc1ccccc1,COC(=O)c1ccccc1NC(=O)Cc1ccccc1,grape;honey,2,leffingwell
C=C1CCC2C1C1C(C(C)C)CCC21C,C=C1CCC2C1C1C(C(C)C)CCC21C,balsamic;earthy;floral;herbal;minty;woody,6,"aromadb,flavornet,goodscents,leffingwell"
CSCCCC(N)=O,CSCCCC(N)=O,beefy;chicken;fatty;meaty;sweet,5,leffingwell
O=C(OCCCc1ccccc1)c1ccccc1,O=C(OCCCc1ccccc1)c1ccccc1,balsamic;green;herbal;sweet;vegetable,5,leffingwell
CC(OC=O)c1ccccc1,CC(OC=O)c1ccccc1,balsamic;floral;green;woody,4,"goodscents,leffingwell"
O=C(OCCOc1ccccc1)c1ccccc1,O=C(OCCOc1ccccc1)c1ccccc1,balsamic;floral,2,leffingwell
CCCCCCCCOCc1ccccc1,CCCCCCCCOCc1ccccc1,aromatic;balsamic;earthy;floral;fruity,5,leffingwell
C=CCc1cccc(OC)c1O,C=CCc1cccc(OC)c1O,phenolic;smoky;spicy;sweet,4,leffingwell
CC(C)CCOC(=O)c1ccccc1N,CC(C)CCOC(=O)c1ccccc1N,grape;plum,2,leffingwell
CC(C)C(=O)OCCC1CCCCC1,CC(C)C(=O)OCCC1CCCCC1,fruity;sweet,2,leffingwell
CCCCCCC(OCCCC)OCCCC,CCCCCCC(OCCCC)OCCCC,cognac;green;herbal;oily,4,leffingwell
CCCCCC(=O)OCC(C)OC(=O)CCCCC,CCCCCC(=O)OCC(C)OC(=O)CCCCC,fruity;green,2,"goodscents,leffingwell"
CC1=CC(=O)C(=C(C)C)CC1,CC1=CC(=O)C(=C(C)C)CC1,herbal;minty,2,leffingwell
C/C=C/C(=O)OCC,CC=CC(=O)OCC,acidic;caramel;chemical;cognac;estery;fermented;fruity;garlic;meaty;pineapple;pungent;rum;rummy;sweet,14,"goodscents,leffingwell"
CC(C)=CCCC(C)=CCCC(C)CCO,CC(C)=CCCC(C)=CCCC(C)CCO,floral;fruity;grape;green;lily;metallic;muguet,7,"aromadb,goodscents,leffingwell"
CC1(C)[C@@H]2CC[C@@](C)(C2)[C@@H]1O,CC12CCC(C1)C(C)(C)C2O,camphor;camphoreous;citrus;clean;cooling;dry;earthy;green;herbal;lemon;minty;pine;sweet;woody,14,"aromadb,flavornet,goodscents,leffingwell"
CC(C)[C@]12CC[C@@](C)(O)[C@@H]1C2,CC(C)C12CCC(C)(O)C1C2,balsamic;camphoreous;cooling;green;herbal;minty;spicy;sweet;terpenic;woody,10,"aromadb,flavornet,goodscents,leffingwell"
CCCCC[C@H]1CCC(=O)O1,CCCCCC1CCC(=O)O1,buttery;coconut;creamy;fatty;milky;oily;peach;sweet;waxy,9,"aromadb,flavornet,goodscents,leffingwell"
CCCCCCC[C@H]1CCC(=O)O1,CCCCCCCC1CCC(=O)O1,aldehydic;apricot;coconut;creamy;fatty;fruity;ketonic;lactonic;peach;sweet,10,"aromadb,flavornet,goodscents,leffingwell"
CC(C)=CCC[C@](C)(O)[C@@H]1CC=C(C)CC1,CC(C)=CCCC(C)(O)C1CC=C(C)CC1,balsamic;clean;coconut;floral;fruity;herbal;lemon;nutty;peppery;spicy;sweet,11,"aromadb,flavornet,goodscents,leffingwell"
CC1=CC[C@@]23CC1C(C)(C)[C@@H]2CC[C@H]3C,CC1=CCC23CC1C(C)(C)C2CCC3C,cedar;dry;fatty;fresh;sweet;tea;woody,7,"goodscents,leffingwell"
CC1=CCC2C3C(C(C)C)CC[C@@]2(C)C13,CC1=CCC2C3C(C(C)C)CCC2(C)C13,honey;minty;spicy;woody,4,"aromadb,flavornet,goodscents,leffingwell"
C[C@H]1CCC2(O)C(C)(C)C3CC[C@@]2(C)C1C3,CC1CCC2(O)C(C)(C)C3CCC2(C)C1C3,camphoreous;earthy;powdery;woody,4,"goodscents,leffingwell"
CC1=CC[C@]2(C)CCCC(C)(C)[C@@]23C[C@@H]13,CC1=CCC2(C)CCCC(C)(C)C23CC13,dry;spicy;woody,3,leffingwell
Cc1coc2c1CC[C@@H](C)C2,Cc1coc2c1CCC(C)C2,camphoreous;fatty;hay;herbal;leafy;minty;musty;sweet;terpenic,9,"aromadb,goodscents,leffingwell"
C=C1C=C[C@H](C(C)C)CC1,C=C1C=CC(C(C)C)CC1,citrus;fresh;minty;spicy;terpenic,5,"aromadb,flavornet,goodscents,leffingwell"
CC(C)=C1CC[C@@H](C)CC1=O,CC(C)=C1CCC(C)CC1=O,camphoreous;fresh;grass;herbal;metallic;minty;sulfur;sweet,8,"aromadb,goodscents,leffingwell"
CC(C)[C@H]1CC[C@H](C)CC1=O,CC1CCC(C(C)C)C(=O)C1,anise;camphoreous;cooling;ethereal;fresh;green;herbal;minty;sweet,9,"aromadb,flavornet,goodscents,leffingwell"
O=C(O)/C=C(\CC(=O)O)C(=O)O,O=C(O)C=C(CC(=O)O)C(=O)O,bland;dry;musty;nutty;odorless;vegetable,6,"goodscents,leffingwell"
O=C(O)/C=C\C(=O)O,O=C(O)C=CC(=O)O,odorless;winey,2,"goodscents,leffingwell"
O=C(O)/C=C/c1ccccc1,O=C(O)C=Cc1ccccc1,balsamic;floral;honey;sweet,4,"aromadb,flavornet,goodscents,leffingwell"
CC(C)=CCC/C(C)=C/CC/C(C)=C/CO,CC(C)=CCCC(C)=CCCC(C)=CCO,floral;fresh;lily;mild;muguet;oily;rose;sweet;waxy,9,"aromadb,flavornet,goodscents,leffingwell"
C/C=C/C=O,CC=CC=O,floral;spicy;warm,3,"flavornet,leffingwell"
C/C=C/C(=O)CCCCC,CC=CC(=O)CCCCC,earthy;fruity;mushroom;sweet,4,leffingwell
c1ccc(CCCc2ccccn2)cc1,c1ccc(CCCc2ccccn2)cc1,bark;earthy;fresh;green;herbal;metallic;vegetable;weedy,8,"goodscents,leffingwell"
CCCCc1ccc2ccccc2n1,CCCCc1ccc2ccccc2n1,animal;leathery;tobacco,3,leffingwell
C/C=C/CCO,CC=CCCO,fresh;fruity;green,3,leffingwell
CCCCCCCCCOC(=O)C(C)C,CCCCCCCCCOC(=O)C(C)C,apricot;green;herbal;orange;rose;sweet,6,leffingwell
CCCOC(=O)CC(=O)OCCC,CCCOC(=O)CC(=O)OCCC,apple;ethereal;fruity;winey,4,leffingwell
CCCCCCOC(=O)CCCCCC,CCCCCCOC(=O)CCCCCC,cognac;fatty;fresh;fruity;green;leafy;sour,7,"goodscents,leffingwell"
CCCC(S)CCOC(C)=O,CCCC(S)CCOC(C)=O,black;currant;floral;fruity;grapefruit;pear;raspberry;sulfur;tropical,9,"flavornet,goodscents,leffingwell"
CSCc1ccco1,CSCc1ccco1,garlic;horseradish;onion;pungent;radish;sulfur;vegetable,7,"goodscents,leffingwell"
CCCC=CC(=O)OCC,CCCC=CC(=O)OCC,apple;fruity;green;juicy;orange;pineapple;ripe;rum;rummy;strawberry;sweet;tropical;vegetable;winey,14,"goodscents,leffingwell"
CCCCCCCC(O)CC,CCCCCCCC(O)CC,fatty;floral;mushroom;musty;oily;orange;waxy,7,"goodscents,leffingwell"
CCC=CC(=O)OC,CCC=CC(=O)OC,ethereal;fruity;green,3,leffingwell
CCCCCCCCC=CC(=O)O,CCCCCCCCC=CC(=O)O,fatty;green;milky,3,leffingwell
CC(=O)CCC1=C(C)CCCC1(C)C,CC(=O)CCC1=C(C)CCCC1(C)C,amber;dry;earthy;floral;fruity;orris;woody,7,"goodscents,leffingwell"
CCOC(OCC)C(C)C,CCOC(OCC)C(C)C,apple;ethereal;fermented;fruity;green;malty,6,leffingwell
CCC=CSC,CCC=CSC,garlic;onion;savory;sulfur,4,"goodscents,leffingwell"
CCC(C)c1nccs1,CCC(C)c1nccs1,green;herbaceous;herbal;leaf;leafy;spicy;tomato;vegetable,8,"aromadb,goodscents,leffingwell"
CCOC(=O)C(C)S,CCOC(=O)C(C)S,fruity;green;meaty;onion;sulfur,5,"flavornet,goodscents,leffingwell"
CCc1cnc(C)s1,CCc1cnc(C)s1,burnt;chocolate;cocoa;fishy;garlic;green;roasted;sulfur,8,"goodscents,leffingwell"
CCSCc1ccco1,CCSCc1ccco1,coffee;garlic;horseradish;roasted;sulfur,5,leffingwell
CC(C)C(=O)Oc1ccccc1,CC(C)C(=O)Oc1ccccc1,animal;fruity;honey;pungent,4,leffingwell
CCCCCCOC(=O)C(C)O,CCCCCCOC(=O)C(C)O,floral;fruity;green;sweet,4,"goodscents,leffingwell"
CC(C)CCOC(=O)C(C)C,CC(C)CCOC(=O)C(C)C,apple;banana;cherry;cocoa;estery;ethereal;fruity;grape;green;sweet;tropical;waxy,12,"goodscents,leffingwell"
CSCCCCO,CSCCCCO,cabbage;cheesy;fruity;garlic;green;metallic;mushroom;potato;sulfur;tomato;vegetable,11,"goodscents,leffingwell"
CC(C)C(C)S,CC(C)C(C)S,beefy;burnt;cheesy;chicken;coffee;meaty;roasted;savory;sulfur,9,"goodscents,leffingwell"
CCCC(C)C(=O)OC,CCCC(C)C(=O)OC,apple;banana;berry;fruity;green;melon;pineapple;sweet;tropical,9,"goodscents,leffingwell"
CSc1cnccn1,CSc1cnccn1,cocoa;ethereal;garlic;hazelnut;nutty;sulfur;sweet,7,"goodscents,leffingwell"
CCC(C)c1nccnc1OC,CCC(C)c1nccnc1OC,bark;earthy;green;musty;nutty;peppery;potato;vegetable,8,"flavornet,goodscents,leffingwell"
CC(=O)c1nccs1,CC(=O)c1nccs1,bread;bready;hazelnut;nut;nutty;popcorn;roasted;sulfur,8,"aromadb,flavornet,goodscents,leffingwell"
CC(S)CCS,CC(S)CCS,garlic;meaty;nutty;onion;roasted;spicy;sulfur,7,"goodscents,leffingwell"
CC(=O)CS,CC(=O)CS,chicken;garlic;meaty;onion;sulfur,5,leffingwell
CCC(C)C(=O)OCCc1ccccc1,CCC(C)C(=O)OCCc1ccccc1,floral;fruity;green;rose;sweet;tropical;waxy,7,"goodscents,leffingwell"
CC(=O)c1cc(C)sc1C,CC(=O)c1cc(C)sc1C,burnt;cheesy;hazelnut;meaty;nutty;roasted;savory,7,"aromadb,goodscents,leffingwell"
CC(=O)C1=CCCCN1,CC(=O)C1=CCCCN1,caramel;nutty;popcorn,3,"flavornet,goodscents,leffingwell"
CCCCCCC(C)(C)S,CCCCCCC(C)(C)S,sulfur,1,leffingwell
CCCCCCCCCC1CCCC(=O)O1,CCCCCCCCCC1CCCC(=O)O1,buttery;cheesy;creamy;fatty;milky;oily;sweet;waxy,8,"goodscents,leffingwell"
CC(=O)C1=NCCCC1,CC(=O)C1=NCCCC1,bread;bready;caramel;popcorn;roasted,5,"flavornet,goodscents,leffingwell"
CCC(C)C(=O)OCCC(C)C,CCC(C)C(=O)OCCC(C)C,apple;banana;cherry;citrus;fruity;ripe;sweet;winey,8,"goodscents,leffingwell"
COc1cncc(C)n1,COc1cncc(C)n1,almond;hazelnut;nutty;roasted,4,"goodscents,leffingwell"
CSc1cncc(C)n1,CSc1cncc(C)n1,burnt;meaty;nutty;roasted,4,leffingwell
CCCCCCCCOC(=O)C(C)CC,CCCCCCCCOC(=O)C(C)CC,fatty;fruity;green;herbal;lactonic;musty;waxy,7,"goodscents,leffingwell"
CCc1csc(C)n1,CCc1csc(C)n1,green;meaty;roasted;sulfur,4,leffingwell
CCCCCCC=COC(C)=O,CCCCCCC=COC(C)=O,banana;fruity;green;melon;pineapple,5,"aromadb,leffingwell"
CC1CC(=O)CO1,CC1CC(=O)CO1,bread;burnt;buttery;coumarinic;hay;rum;sweet,7,"goodscents,leffingwell"
CC(C)(S)CCO,CC(C)(S)CCO,beefy;grapefruit;meaty;onion;roasted;spicy;sulfur;sweet;vegetable,9,"flavornet,goodscents,leffingwell"
CC(=O)c1sc(C)nc1C,CC(=O)c1sc(C)nc1C,coffee;earthy;meaty;musty;nutty;roasted;sulfur,7,"aromadb,goodscents,leffingwell"
Cc1ccc(CO)o1,Cc1ccc(CO)o1,almond;caramel;fermented;sweet,4,leffingwell
CCc1ccc(C)s1,CCc1ccc(C)s1,burnt;ethereal;fruity;green;solvent;sulfur,6,"goodscents,leffingwell"
CCCc1nc(C)c(C)s1,CCCc1nc(C)c(C)s1,cocoa;fruity;green;nutty;roasted;tropical,6,leffingwell
CCCCCC(CC)OC(C)=O,CCCCCC(CC)OC(C)=O,aldehydic;anise;apple;bergamot;citrus;fatty;floral;fresh;grapefruit;green;herbal;minty;rose;waxy;woody,15,"goodscents,leffingwell"
CCC(=O)CO,CCC(=O)CO,alcoholic;brown;caramel;coffee;malty;musty;oily;sweet,8,"goodscents,leffingwell"
CC1(C)C2CCC(CO)C1C2,CC1(C)C2CCC(CO)C1C2,herbal;minty;woody,3,leffingwell
CC(C)COC(=O)C(C)(C)C,CC(C)COC(=O)C(C)(C)C,fruity,1,leffingwell
CCCCCCCCOC(=O)CCCCCC,CCCCCCCCOC(=O)CCCCCC,fatty;fruity;green;sweet,4,"goodscents,leffingwell"
CCCC(S)CCO,CCCC(S)CCO,black;chicken;coffee;currant;fruity;garlic;grapefruit;herbal;juicy;meaty;roasted;savory;sulfur;tropical,14,"flavornet,goodscents,leffingwell"
CCc1ncsc1C,CCc1ncsc1C,burnt;green;meaty;roasted,4,leffingwell
CCCCc1ccc(CC)s1,CCCCc1ccc(CC)s1,berry;burnt;earthy;fruity;roasted;sulfur,6,"goodscents,leffingwell"
CCCCC(=O)OCC(C)CC,CCCCC(=O)OCC(C)CC,apple;apricot;banana;fruity,4,leffingwell
CCCCSSC,CCCCSSC,garlic;onion;roasted,3,leffingwell
CCCCCC(C)S,CCCCCC(C)S,fatty;onion;pungent;savory;sulfur;vegetable,6,"goodscents,leffingwell"
CCCCSSCC,CCCCSSCC,cooked;garlic;green;onion;sulfur;vegetable,6,"goodscents,leffingwell"
CCCC(=O)CO,CCCC(=O)CO,buttery;hay,2,leffingwell
CNc1ccccc1C(=O)OCC(C)C,CNc1ccccc1C(=O)OCC(C)C,citrus;floral;fruity;grape;grapefruit;sweet,6,"goodscents,leffingwell"
CCC(C)C(=O)OC(C)C,CCC(C)C(=O)OC(C)C,apple;coconut;ethereal;fruity;green;herbal;oily;pineapple;sweet;tropical,10,"goodscents,leffingwell"
C=CCCCCCCCC(=O)OCC,C=CCCCCCCCC(=O)OCC,fatty;fruity;oily;woody,4,"goodscents,leffingwell"
CSSCC(C)C,CSSCC(C)C,garlic;green;meaty;savory;sulfur;vegetable,6,leffingwell
CC(=O)Cc1cnccn1,CC(=O)Cc1cnccn1,bread;nutty;popcorn,3,leffingwell
CC(=O)CCC(=O)OCCC(C)C,CC(=O)CCC(=O)OCCC(C)C,caramel;ethereal;fruity;oily;winey,5,"goodscents,leffingwell"
CCCCCCCCC(=O)OCCCCCCC,CCCCCCCCC(=O)OCCCCCCC,floral;oily;orange;orangeflower;rose;sweet;winey,7,"goodscents,leffingwell"
CCCCSSCCC,CCCCSSCCC,garlic;onion;pungent;savory;sulfur,5,"aromadb,goodscents,leffingwell"
CCCCCSSC,CCCCCSSC,garlic;green;onion;sulfur;vegetable,5,"goodscents,leffingwell"
Sc1cccs1,Sc1cccs1,burnt;caramel;coffee;roasted;sulfur,5,"goodscents,leffingwell"
CCCCCCCCC(=O)OCCC(C)C,CCCCCCCCC(=O)OCCC(C)C,apricot;floral;fruity;nutty;oily;winey,6,"goodscents,leffingwell"
CC(=O)CC(=O)OCC(C)C,CC(=O)CC(=O)OCC(C)C,brandy;fruity;sweet;winey,4,"goodscents,leffingwell"
Nc1ccccc1C(=O)OCc1ccccc1,Nc1ccccc1C(=O)OCc1ccccc1,citrus;floral;grapefruit;lily;muguet;sweet,6,"goodscents,leffingwell"
CCc1nc(C)c(C)s1,CCc1nc(C)c(C)s1,burnt;cocoa;hazelnut;nutty,4,"goodscents,leffingwell"
CCOC(=O)CCC(C)(OCC)OCC,CCOC(=O)CCC(C)(OCC)OCC,fruity,1,leffingwell
CCCOC(=O)C(C)=O,CCCOC(=O)C(C)=O,burnt;caramel;floral;fruity;sweet,5,"goodscents,leffingwell"
CC(=O)C1CCSS1,CC(=O)C1CCSS1,meaty;onion,2,leffingwell
CCCCCOC(=O)CC(=O)OCCCCC,CCCCCOC(=O)CC(=O)OCCCCC,fatty;fruity;winey,3,leffingwell
CCCc1cc(OC)c(O)c(OC)c1,CCCc1cc(OC)c(O)c(OC)c1,burnt;phenolic;smoky;spicy,4,"goodscents,leffingwell"
C=CCSSSSC,C=CCSSSSC,garlic;onion;pungent;sulfur,4,leffingwell
C=CCSSSCCC,C=CCSSSCCC,garlic;onion;pungent;sulfur,4,"goodscents,leffingwell"
CCSSSC,CCSSSC,garlic;green;onion;roasted;sulfur,5,"goodscents,leffingwell"
CSC(C)S,CSC(C)S,garlic;meaty;onion,3,"flavornet,goodscents,leffingwell"
CCC(=O)OC1CCCCCCCCCCC1,CCC(=O)OC1CCCCCCCCCCC1,fatty;fruity;woody,3,leffingwell
COCCC(C)(C)S,COCCC(C)(C)S,black;currant;grapefruit;minty;peach;sulfur;sweet;tropical,8,"flavornet,goodscents,leffingwell"
CC(C)(S)CCOC=O,CC(C)(S)CCOC=O,caramel;coffee;meaty;onion;roasted;sulfur;tropical,7,"flavornet,goodscents,leffingwell"
c1coc(CCc2ccco2)c1,c1coc(CCc2ccco2)c1,aromatic;burnt;metallic;roasted,4,leffingwell
Cc1occc1SSCc1ccco1,Cc1occc1SSCc1ccco1,meaty;savory;sulfur,3,"goodscents,leffingwell"
Cc1occc1SSc1ccoc1C,Cc1occc1SSc1ccoc1C,chicken;meaty;onion;roasted;savory;sulfur,6,"flavornet,goodscents,leffingwell"
C=C(CO)C1CC=C(C)CC1,C=C(CO)C1CC=C(C)CC1,citrus;clean;floral;fruity;herbal;minty;sweet,7,"goodscents,leffingwell"
CCOc1cc(C(C)C)ccc1C,CCOc1cc(C(C)C)ccc1C,earthy;herbal;spicy,3,"aromadb,goodscents,leffingwell"
CCCCCCCC(=O)OCCC(C)CCC=C(C)C,CCCCCCCC(=O)OCCC(C)CCC=C(C)C,floral;fruity;oily;rose;waxy,5,leffingwell
CC(=O)CC(C)S,CC(=O)CC(C)S,black;currant;grapefruit;meaty;potato;pungent;sulfur;tropical,8,"goodscents,leffingwell"
C=C(C)C1(O)CC=C(C)CC1,C=C(C)C1(O)CC=C(C)CC1,animal;earthy;musty;sweet,4,leffingwell
CCC(C=O)CS,CCC(C=O)CS,brothy;cheesy;pungent,3,leffingwell
CC(C)CCC(=O)OC(C)C,CC(C)CCC(=O)OC(C)C,apple;fruity;pineapple,3,leffingwell
CCCOC(=O)CCC(C)C,CCCOC(=O)CCC(C)C,apple;fruity;pineapple,3,leffingwell
CCCCCCC(CC)C(=O)OC,CCCCCCC(CC)C(=O)OC,fatty;fruity;herbal;oily;woody,5,leffingwell
CSc1cnc(C)cn1,CSc1cnc(C)cn1,burnt;meaty;nutty;roasted,4,leffingwell
CCCCCCc1nccnc1OC,CCCCCCc1nccnc1OC,green,1,leffingwell
CCCc1nccnc1OC,CCCc1nccnc1OC,earthy;potato,2,"goodscents,leffingwell"
CC1NC(C)SC(C)N1,CC1NC(C)SC(C)N1,beefy;meaty;nutty;roasted,4,leffingwell
CCC1=C(O)C(=O)CC1C,CCC1=C(O)C(=O)CC1C,burnt;caramel;sweet,3,"goodscents,leffingwell"
CCCSSSSC,CCCSSSSC,garlic;onion;sulfur,3,leffingwell
CC=CSSSC,CC=CSSSC,garlic;onion;sulfur,3,"goodscents,leffingwell"
CC(C)C1SSC(C(C)C)S1,CC(C)C1SSC(C(C)C)S1,fatty;garlic;meaty;nutty;oily;onion;smoky;sulfur,8,"goodscents,leffingwell"
CC(C)CC1SC(C)NC(C)S1,CC(C)CC1SC(C)NC(C)S1,cocoa;hazelnut;nutty;roasted,4,"goodscents,leffingwell"
CCCCCC(CC(=O)OCC)OC(C)=O,CCCCCC(CC(=O)OCC)OC(C)=O,fruity;tropical;winey,3,leffingwell
CCCCCC(CC(=O)OC)OC(C)=O,CCCCCC(CC(=O)OC)OC(C)=O,fruity;green;tropical;winey,4,"goodscents,leffingwell"
C=C(C)c1ccnc(C(C)=O)c1,C=C(C)c1ccnc(C(C)=O)c1,amber;grass;grassy;green;minty;sweet,6,"aromadb,goodscents,leffingwell"
C=C(C)c1cc(C(C)=O)ccn1,C=C(C)c1cc(C(C)=O)ccn1,fermented;green;herbaceous;herbal;roasted,5,"aromadb,goodscents,leffingwell"
CC1(C)CC2C3CCCC(C)(C3O)C2C1,CC1(C)CC2C3CCCC(C)(C3O)C2C1,balsamic;earthy;spicy;woody,4,"goodscents,leffingwell"
CCCCCC(C)OC(=O)CCC,CCCCCC(C)OC(=O)CCC,cheesy;floral;fruity;green;tropical;vegetable;waxy,7,"goodscents,leffingwell"
CCCC=CC(=O)OCC(C)C,CCCC=CC(=O)OCC(C)C,apple;fresh;fruity;green;pear,5,leffingwell
CCC(=O)C(C)S,CCC(=O)C(C)S,grapefruit;meaty;onion;roasted;sulfur,5,"flavornet,goodscents,leffingwell"
CC1CSSS1,CC1CSSS1,garlic;meaty;onion;roasted,4,leffingwell
C=CCSSC=CC,C=CCSSC=CC,garlic;onion;sulfur,3,"goodscents,leffingwell"
C=CCOC(=O)CCC(C)=O,C=CCOC(=O)CCC(C)=O,banana;burnt;fruity;green;peel;sweet,6,"goodscents,leffingwell"
COc1cc(CCC=O)ccc1O,COc1cc(CCC=O)ccc1O,aromatic;spicy;sweet;vanilla,4,leffingwell
CCCCCCOC(=O)CCC(C)C,CCCCCCOC(=O)CCC(C)C,fruity;green;herbal;sweet,4,leffingwell
Cc1cnc2c(n1)CCC2C,Cc1cnc2c(n1)CCC2C,burnt;cocoa;coffee;earthy;musty;nutty;roasted,7,"goodscents,leffingwell"
Cc1ccccc1OC(=O)Cc1ccccc1,Cc1ccccc1OC(=O)Cc1ccccc1,balsamic;floral;honey;phenolic,4,leffingwell
CSSCCC(C)C,CSSCCC(C)C,meaty;onion;roasted;savory;sulfur,5,leffingwell
CC(C)CC=NCCc1ccccc1,CC(C)CC=NCCc1ccccc1,fishy,1,leffingwell
CCCCCC(=O)OCCC(S)CCC,CCCCCC(=O)OCCC(S)CCC,black;currant;fruity;grapefruit;sulfur;tropical,6,"goodscents,leffingwell"
C=CCCCCOC(C)=O,C=CCCCCOC(C)=O,fruity;green;sour;sweet,4,leffingwell
CCCCC(CC)OC(C)=O,CCCCC(CC)OC(C)=O,floral;fruity;green;herbal;pear;rose;sweet,7,"goodscents,leffingwell"
CC(=O)C(=O)OCCC(C)C,CC(=O)C(=O)OCCC(C)C,balsamic;caramel;fruity;rum;rummy;sweet,6,"goodscents,leffingwell"
CCCC(=O)OCCC(S)CCC,CCCC(=O)OCCC(S)CCC,fruity;ripe;sulfur;tropical,4,"goodscents,leffingwell"
CC(C)CCOC(=O)CCc1ccco1,CC(C)CCOC(=O)CCc1ccco1,apple;caramel;fermented;floral;fruity;green;rose;sweet,8,"goodscents,leffingwell"
C=CCCCCCC(=O)OCC,C=CCCCCCC(=O)OCC,cognac;sweet,2,leffingwell
CCC(C)C(=O)C(=O)OC,CCC(C)C(=O)C(=O)OC,caramel;fruity;rum,3,leffingwell
CC(C)COC(OCC(C)C)C(C)C,CC(C)COC(OCC(C)C)C(C)C,alcoholic;cocoa;ethereal;fermented;green;malty,6,leffingwell
CCCCCCCCOC(=O)C(C)(C)C,CCCCCCCCOC(=O)C(C)(C)C,apple;creamy;earthy;fruity;green;oily;waxy,7,leffingwell
CCCCCCCOC(=O)C(C)CC,CCCCCCCOC(=O)C(C)CC,apple;fresh;fruity;green;waxy,5,"flavornet,goodscents,leffingwell"
CC(S)C(C)S,CC(S)C(C)S,beefy;coffee;fatty;garlic;meaty;roasted;sulfur,7,"goodscents,leffingwell"
CCCCCOC(=O)CCSC,CCCCCOC(=O)CCSC,fruity;pineapple;sulfur;tropical,4,"goodscents,leffingwell"
CCCCCCCCC(O)C(=O)OC,CCCCCCCCC(O)C(=O)OC,fruity;pineapple;sweet,3,leffingwell
CC(=O)OC(C)C=C(C)CCC=C(C)C,CC(=O)OC(C)C=C(C)CCC=C(C)C,citrus;earthy;lemon;peel;woody,5,"goodscents,leffingwell"
CCCCC(O)CS,CCCCC(O)CS,black;citrus;currant;grapefruit;sulfur,5,leffingwell
CCCCC(O)C(=O)OC,CCCCC(O)C(=O)OC,fresh;fruity;pineapple;winey,4,leffingwell
CCCCCCCCCC(=O)OCCCCC,CCCCCCCCCC(=O)OCCCCC,brandy;cognac;fatty;fruity;oily;rum;winey,7,"goodscents,leffingwell"
CCCCCCCCCC(=O)OC(C)CCC,CCCCCCCCCC(=O)OC(C)CCC,brandy;cognac;fruity;oily;sweet,5,leffingwell
CCCC(=O)OCC1CCCO1,CCCC(=O)OCC1CCCO1,apricot;creamy;fruity;green;musty;pineapple;sweet;tropical,8,"goodscents,leffingwell"
CCCCOC(C)OCC,CCCCOC(C)OCC,alcoholic;brandy;cognac;ethereal;fruity;green;rummy;winey,8,"goodscents,leffingwell"
CC=CSCCC,CC=CSCCC,garlic;onion,2,leffingwell
O=COCc1ccco1,O=COCc1ccco1,bread;coffee;ethereal;nutty,4,"goodscents,leffingwell"
CCOC(=O)CCSCc1ccco1,CCOC(=O)CCSCc1ccco1,animal;coffee;garlic;nutty;onion;roasted;sulfur;vegetable,8,"goodscents,leffingwell"
CC1CCC(C(C)(C)O)C(O)C1,CC1CCC(C(C)(C)O)C(O)C1,herbal;minty,2,"goodscents,leffingwell"
CCCCCC(=O)OCc1ccco1,CCCCCC(=O)OCc1ccco1,fatty;green;musty;waxy,4,"goodscents,leffingwell"
CCCCCCC(=O)OCc1ccco1,CCCCCCC(=O)OCc1ccco1,fermented;fruity;green;musty,4,"goodscents,leffingwell"
CCCCCCCC1OCC(C)O1,CCCCCCCC1OCC(C)O1,citrus;green;lemon;orange;woody,5,"goodscents,leffingwell"
CCOC(=O)CC(C)CC,CCOC(=O)CC(C)CC,fruity;pineapple;tropical,3,"goodscents,leffingwell"
CCC(SC)C(=O)OC,CCC(SC)C(=O)OC,cabbage;cheesy;fruity;green;musty;onion;sulfur;sweet;tropical,9,"goodscents,leffingwell"
CCCCC(=S)OC,CCCCC(=S)OC,cheesy;fruity;tropical,3,leffingwell
CCCCCCCCCC(=O)OCc1ccccc1,CCCCCCCCCC(=O)OCc1ccccc1,fatty;floral;waxy,3,leffingwell
C=CCC(C=O)c1ccccc1,C=CCC(C=O)c1ccccc1,chocolate;fruity;tomato,3,"goodscents,leffingwell"
CCCCCCCCCOC(=O)Cc1ccccc1,CCCCCCCCCOC(=O)Cc1ccccc1,balsamic;citrus;fatty;floral;honey;waxy,6,leffingwell
C=CC(C)(CCC=C(C)C)OC(=O)CCCCC,C=CC(C)(CCC=C(C)C)OC(=O)CCCCC,animal;dry;fruity;green;pear;pineapple;warm,7,"goodscents,leffingwell"
CC(C)CC(=O)OC1CC(C)CCC1C(C)C,CC(C)CC(=O)OC1CC(C)CCC1C(C)C,balsamic;cooling;fruity;herbal;minty;sweet;woody,7,"goodscents,leffingwell"
CCOC(OCC)C(C)CC,CCOC(OCC)C(C)CC,apple;ethereal;fermented;fruity;green,5,leffingwell
CCCC(=O)OC(C)c1ccccc1,CCCC(=O)OC(C)c1ccccc1,apple;apricot;berry;earthy;floral;fruity;green;jasmin;juicy;sweet;tropical,11,"goodscents,leffingwell"
CNc1ccccc1C(=O)OC(C)C,CNc1ccccc1C(=O)OC(C)C,grape,1,leffingwell
CCCCCCC(=O)Oc1ccc(C)cc1,CCCCCCC(=O)Oc1ccc(C)cc1,animal;aromatic;floral,3,leffingwell
CCCCC(=O)c1cccs1,CCCCC(=O)c1cccs1,caramel;nutty;roasted,3,leffingwell
Cc1csc(CC(C)C)n1,Cc1csc(CC(C)C)n1,green;leafy;tomato;vegetable,4,leffingwell
CCCC=CC(=O)OCCCC,CCCC=CC(=O)OCCCC,apple;banana;fruity;green,4,leffingwell
CCCCCCCCCOC(=O)CCCCC,CCCCCCCCCOC(=O)CCCCC,ethereal;fruity;nutty;winey,4,leffingwell
CC(=O)CCC1=C(C)C=CCC1(C)C,CC(=O)CCC1=C(C)C=CCC1(C)C,floral;rose;tobacco;waxy,4,"goodscents,leffingwell"
CCOC(=S)c1ccccc1,CCOC(=S)c1ccccc1,cheesy;fermented;ripe;sulfur,4,leffingwell
CCCC(=O)OC(C)(C)C1CC=C(C)CC1,CCCC(=O)OC(C)(C)C1CC=C(C)CC1,balsamic;floral;fruity;herbal;sour,5,"goodscents,leffingwell"
Cc1cnc(CC(C)C)c(C)n1,Cc1cnc(CC(C)C)c(C)n1,animal;cocoa;hazelnut;minty;musk,5,leffingwell
CC1=C(CCC(C)O)C(C)(C)CCC1,CC1=C(CCC(C)O)C(C)(C)CCC1,amber;floral;musk;sweet;woody,5,"goodscents,leffingwell"
CCn1cccc1C=O,CCn1cccc1C=O,burnt;roasted;smoky,3,"goodscents,leffingwell"
CC(=O)c1oc(C)cc1C,CC(=O)c1oc(C)cc1C,balsamic;caramel;nutty;roasted;sweet,5,"aromadb,goodscents,leffingwell"
CCCCCCCC(=O)OC(C)CCC,CCCCCCCC(=O)OC(C)CCC,fatty;fruity;green;oily;waxy;winey,6,leffingwell
CC1=CCC(C(C)(C)OC(=O)CC(C)C)CC1,CC1=CCC(C(C)(C)OC(=O)CC(C)C)CC1,balsamic;citrus;floral;orange;pine;sweet,6,"goodscents,leffingwell"
CCCCCCCCCOC(=O)CCCCCCC,CCCCCCCCCOC(=O)CCCCCCC,cognac;earthy;fatty;floral;mushroom;oily;rose;sweet,8,"goodscents,leffingwell"
C1CSSSS1,C1CSSSS1,mushroom;sulfur,2,leffingwell
CC1COC(c2ccccc2)O1,CC1COC(c2ccccc2)O1,almond;bitter;cherry;floral;fruity;odorless;sweet;woody,8,"goodscents,leffingwell"
COC(=O)Cc1ccc(C(C)(C)C)cc1,COC(=O)Cc1ccc(C(C)(C)C)cc1,chocolate;creamy;fatty;fruity;green;honey;hyacinth;leafy;melon;milky;sweet;vanilla;waxy;woody,14,"goodscents,leffingwell"
CC/C=C/CC/C=C/C=O,CCC=CCCC=CC=O,citrus;cucumber;dry;fatty;fresh;green;leaf;leafy;melon;vegetable;violet;waxy,12,"flavornet,goodscents,leffingwell"
C/C=C/C(=O)O,CC=CC(=O)O,burnt;caramel;milky;roasted;sour;spicy,6,"goodscents,leffingwell"
CC(=O)OC/C=C(\C)CCC[C@H](C)CCC[C@H](C)CCCC(C)C,CC(=O)OCC=C(C)CCCC(C)CCCC(C)CCCC(C)C,balsamic;floral;fruity;green;oily;waxy,6,"goodscents,leffingwell"
O=C/C=C/c1ccccc1,O=CC=Cc1ccccc1,aldehydic;aromatic;balsamic;cinnamon;honey;powdery;spicy;sweet;warm,9,"aromadb,flavornet,goodscents,leffingwell"
CCCCCCCC/C=C/CCCCCCCC(=O)O,CCCCCCCCC=CCCCCCCCC(=O)O,fatty;oily;savory;waxy,4,"flavornet,goodscents,leffingwell"
COC(=O)/C=C/c1ccccc1,COC(=O)C=Cc1ccccc1,balsamic;cherry;fruity;strawberry;sweet,5,"aromadb,flavornet,goodscents,leffingwell"
C/C=C(\C)C(=O)OCCCCCC,CC=C(C)C(=O)OCCCCCC,floral;fresh;fruity;green;herbal;jasmin;oily,7,"goodscents,leffingwell"
C/C=C/c1ccc(OC)cc1,CC=Cc1ccc(OC)cc1,anise;herbal;licorice;medicinal;sweet,5,"aromadb,goodscents,leffingwell"
C/C=C/C=C/C=O,CC=CC=CC=O,aldehydic;citrus;fatty;floral;fruity;green;spicy;sweet;waxy,9,"aromadb,flavornet,goodscents,leffingwell"
CC(C)=CCC/C(C)=C/CO,CC(C)=CCCC(C)=CCO,citrus;floral;fresh;fruity;geranium;rose;sweet;waxy,8,"aromadb,flavornet,goodscents,leffingwell"
CCOC(=O)/C=C/c1ccccc1,CCOC(=O)C=Cc1ccccc1,balsamic;berry;cinnamon;floral;fruity;honey;plum;powdery;spicy;sweet,10,"flavornet,goodscents,leffingwell"
CC(=O)/C=C/c1ccccc1,CC(=O)C=Cc1ccccc1,anise;balsamic;cheesy;cinnamon;coumarinic;creamy;floral;fruity;jammy;phenolic;powdery;spicy;sweet,13,"aromadb,goodscents,leffingwell"
C/C=C/c1ccc(OC)c(OC)c1,CC=Cc1ccc(OC)c(OC)c1,floral;spicy;sweet;tea;woody,5,"aromadb,goodscents,leffingwell"
CC(C)=CCC/C(C)=C/C=O,CC(C)=CCCC(C)=CC=O,citrus;fresh;fruity;herbal;lemon;minty;peel;sweet,8,"aromadb,flavornet,goodscents,leffingwell"
CC(=O)/C=C/C1=C(C)CCCC1(C)C,CC(=O)C=CC1=C(C)CCCC1(C)C,berry;floral;fruity;raspberry;sweet;tropical;violet;woody,8,"aromadb,flavornet,goodscents,leffingwell"
O=C(/C=C/C=C/c1ccc2c(c1)OCO2)N1CCCCC1,O=C(C=CC=Cc1ccc2c(c1)OCO2)N1CCCCC1,animal;odorless;peppery;spicy,4,"goodscents,leffingwell"
CC/C=C/C(=O)O,CCC=CC(=O)O,acidic;buttery;caramel;cheesy;fatty;fruity;pungent;sour,8,"goodscents,leffingwell"
C/C=C/C(=O)OC,CC=CC(=O)OC,fruity;green,2,"goodscents,leffingwell"
CCOC(=O)/C=C/C(=O)OCC,CCOC(=O)C=CC(=O)OCC,apple;banana;citrus;fruity;green;herbal;winey,7,"goodscents,leffingwell"
CC/C=C/CCCC,CCC=CCCCC,gasoline,1,leffingwell
CC(=O)OC/C=C(\C)CC/C=C(\C)CCC=C(C)C,CC(=O)OCC=C(C)CCC=C(C)CCC=C(C)C,bark;citrus;floral;green;melon;metallic;muguet;oily;rose;waxy,10,"flavornet,goodscents,leffingwell"
CC[C@@H](C)CN,CCC(C)CN,cheesy;fishy;ripe,3,"aromadb,goodscents,leffingwell"
C/C=C/CCCO,CC=CCCCO,brothy;fatty;fruity;green;herbal;metallic;musty;oily;pungent;tomato;vegetable,11,"goodscents,leffingwell"
C/C=C/C=C/CO,CC=CC=CCO,almond;fresh;fruity;green;herbal;musty;nutty;sweet;tropical;vegetable,10,"goodscents,leffingwell"
COc1ccc(/C=C/C=O)cc1,COc1ccc(C=CC=O)cc1,cherry;cinnamon;floral;herbal;smoky;spicy;sweet;vanilla;warm,9,"goodscents,leffingwell"
COc1ccccc1/C=C/C=O,COc1ccccc1C=CC=O,cinnamon;oily;spicy;sweet;warm;woody,6,"goodscents,leffingwell"
C=CCOC(=O)/C=C/c1ccccc1,C=CCOC(=O)C=Cc1ccccc1,apricot;balsamic;fruity;peach;pineapple;plum;spicy;sweet,8,"aromadb,goodscents,leffingwell"
CC(C)/C=C/C(=O)O,CC(C)C=CC(=O)O,berry;fatty;fruity;sour;tea;tobacco,6,"goodscents,leffingwell"
Cc1cc(SSc2cc(C)oc2C)c(C)o1,Cc1cc(SSc2cc(C)oc2C)c(C)o1,meaty;roasted,2,"goodscents,leffingwell"
CC/C=C/CC=O,CCC=CCC=O,apple;fatty;fresh;fruity;grassy;green;leaf;leafy;melon;pungent;tomato;tropical;vegetable;weedy,14,"flavornet,goodscents,leffingwell"
C/C=C/C=C/C(=O)O,CC=CC=CC(=O)O,odorless,1,leffingwell
C/C=C\CO,CC=CCO,ethereal;fruity;gasoline;sweet,4,leffingwell
CCOC(=O)C(C)C(C)O,CCOC(=O)C(C)C(C)O,fruity;grape;green,3,"goodscents,leffingwell"
S=c1[nH]c2ccccc2s1,S=c1[nH]c2ccccc2s1,burnt;garlic;sulfur,3,leffingwell
CCOC(=O)/C=C/c1ccco1,CCOC(=O)C=Cc1ccco1,apple;balsamic;berry;floral;fruity;sweet,6,"goodscents,leffingwell"
COc1ccccc1/C=C/C(=O)O,COc1ccccc1C=CC(=O)O,aromatic;balsamic,2,leffingwell
CC(=O)/C=C/c1ccco1,CC(=O)C=Cc1ccco1,anise;balsamic;cinnamon;coumarinic;creamy;nutty;powdery;spicy;sweet;vanilla;warm;woody,12,"goodscents,leffingwell"
COc1cc([C@H](O)C(=O)O)ccc1O,COc1cc(C(O)C(=O)O)ccc1O,sweet;vanilla,2,leffingwell
COc1ccc(/C=C/C(C)=O)cc1,COc1ccc(C=CC(C)=O)cc1,creamy;floral;sweet,3,leffingwell
CC(C)COC(=O)/C=C/c1ccccc1,CC(C)COC(=O)C=Cc1ccccc1,balsamic;cocoa;fruity;peach;sweet;waxy,6,"goodscents,leffingwell"
C/C=C/c1ccc(OC(C)=O)c(OC)c1,CC=Cc1ccc(OC(C)=O)c(OC)c1,balsamic;floral;fruity;powdery;spicy;sweet,6,"aromadb,goodscents,leffingwell"
O=C(CSCc1nc2ccccc2[nH]1)Nc1ccc2ccccc2c1,O=C(CSCc1nc2ccccc2[nH]1)Nc1ccc2ccccc2c1,cabbage;cheesy;fruity;milky;ripe;tropical,6,leffingwell
CC/C(C=O)=C/c1ccccc1,CCC(C=O)=Cc1ccccc1,herbal;oily;spicy;warm,4,"goodscents,leffingwell"
COc1cc(CNC(=O)CCCC/C=C/C(C)C)ccc1O,COc1cc(CNC(=O)CCCCC=CC(C)C)ccc1O,herbal;mild;warm,3,"goodscents,leffingwell"
CC/C=C\CC1=C(C)CCC1=O,CCC=CCC1=C(C)CCC1=O,celery;citrus;floral;fruity;herbal;jasmin;jasmine;mushroom;spicy;woody,10,"goodscents,leffingwell"
CC(=O)OC/C=C(/C)CCC=C(C)C,CC(=O)OCC=C(C)CCC=C(C)C,citrus;floral;fruity;grapefruit;green;lavender;pear;rose;soap;sweet;tropical;waxy,12,"aromadb,flavornet,goodscents,leffingwell"
O=C/C=C/c1ccco1,O=CC=Cc1ccco1,cinnamon;fruity;grassy;green;herbal;nutty;spicy;vanilla;woody,9,"goodscents,leffingwell"
C/C=C/C=C/C(=O)OCC,CC=CC=CC(=O)OCC,anise;ethereal;fruity;green;licorice;pineapple;sweet;tropical;warm,9,"goodscents,leffingwell"
CCCCCC/C(C=O)=C\c1ccccc1,CCCCCCC(C=O)=Cc1ccccc1,floral;fresh;green;herbal;jasmin;jasmine;sweet;waxy,8,"aromadb,goodscents,leffingwell"
C/C=C\c1ccc(OCc2ccccc2)c(OC)c1,CC=Cc1ccc(OCc2ccccc2)c(OC)c1,balsamic;floral;powdery;rose;spicy,5,"aromadb,goodscents,leffingwell"
O=C(/C=C/c1ccccc1)OC/C=C/c1ccccc1,O=C(C=Cc1ccccc1)OCC=Cc1ccccc1,balsamic;cinnamon;floral;jasmin;rose;spicy;sweet,7,"aromadb,goodscents,leffingwell"
CC(C)=CCC/C(C)=C/C#N,CC(C)=CCCC(C)=CC#N,aldehydic;citrus;fruity;green;lemon;metallic;sweet,7,"goodscents,leffingwell"
C/C=C\C(=O)C1=C(C)CCCC1(C)C,CC=CC(=O)C1=C(C)CCCC1(C)C,apple;berry;black;currant;floral;fruity;honey;minty;plum;rose;tea;tobacco;woody,13,"aromadb,flavornet,goodscents,leffingwell"
CC(=O)CC/C=C(\C)CC/C=C(\C)CCC=C(C)C,CC(=O)CCC=C(C)CCC=C(C)CCC=C(C)C,creamy;floral;fruity;sweet;winey,5,"flavornet,goodscents,leffingwell"
CCCCC/C(C=O)=C/c1ccccc1,CCCCCC(C=O)=Cc1ccccc1,floral;fruity;grass;green;herbal;jasmin;jasmine;oily;powdery;sweet;tropical,11,"aromadb,goodscents,leffingwell"
CC(=O)/C=C/C=C(\C)CCC=C(C)C,CC(=O)C=CC=C(C)CCC=C(C)C,balsamic;berry;citrus;dry;floral;fruity;orris;powdery;spicy;sweet;tea;waxy;woody,13,"aromadb,goodscents,leffingwell"
CC(S)c1cccs1,CC(S)c1cccs1,burnt;coffee,2,"goodscents,leffingwell"
CCC/C=C/COC(C)=O,CCCC=CCOC(C)=O,apple;banana;fresh;fruity;green;leafy;peel;skin;sweet;tropical;waxy,11,"aromadb,goodscents,leffingwell"
Cc1oc2ccccc2c1C,Cc1oc2ccccc2c1C,black;chemical;leathery;licorice;meaty;phenolic;pungent;smoky;spicy;tobacco,10,"aromadb,goodscents,leffingwell"
CCCCCCCCCCOC(=O)CCCCCCCC,CCCCCCCCCCOC(=O)CCCCCCCC,floral;fruity;grape;oily;orange;winey,6,leffingwell
CC(C)=CCCC(C)CC1OCC(C)O1,CC(C)=CCCC(C)CC1OCC(C)O1,floral;green;herbal,3,leffingwell
Cc1ccc(C)c(NC(=O)C(C)Sc2ccccc2)c1,Cc1ccc(C)c(NC(=O)C(C)Sc2ccccc2)c1,fatty;fruity;waxy,3,leffingwell
CCOC(=O)CC=C(C)C,CCOC(=O)CC=C(C)C,apple;berry;fruity;green;strawberry,5,leffingwell
CC(=O)OC(C)C1CC=C(C)C1(C)C,CC(=O)OC(C)C1CC=C(C)C1(C)C,berry;floral;fruity;woody,4,leffingwell
CCCCc1nccs1,CCCCc1nccs1,green;herbal;tomato;vegetable,4,"goodscents,leffingwell"
CC1OCC=C1SC1(S)CCOC1C,CC1OCC=C1SC1(S)CCOC1C,meaty;roasted,2,leffingwell
CCCC(CC=O)SC,CCCC(CC=O)SC,buttery;fatty;grassy;green,4,"goodscents,leffingwell"
CCOC(=O)C(C)SC,CCOC(=O)C(C)SC,fruity;tropical,2,leffingwell
CCOC(=O)C(C)(C)SC,CCOC(=O)C(C)(C)SC,ethereal;fruity;green;minty;sulfur;tropical,6,"goodscents,leffingwell"
CCOC1=C(C)OC(C)C1=O,CCOC1=C(C)OC(C)C1=O,berry;brandy;caramel;fruity;roasted;strawberry;sweet,7,"goodscents,leffingwell"
COCC(C)c1ccccc1,COCC(C)c1ccccc1,floral,1,leffingwell
CC(=O)C1NCCS1,CC(=O)C1NCCS1,fishy;meaty;nutty;popcorn,4,leffingwell
CCOC(=O)CC(C)CC(C)(C)C,CCOC(=O)CC(C)CC(C)(C)C,apple;floral;fruity;green;winey,5,"goodscents,leffingwell"
CCCCCCCCC=CC(OCC)OCC,CCCCCCCCC=CC(OCC)OCC,brandy;citrus;fruity,3,leffingwell
CCOC(CC(C)CCC=C(C)C)OCC,CCOC(CC(C)CCC=C(C)C)OCC,fatty;green;lemon,3,leffingwell
CCCCCCCCC=COC,CCCCCCCCC=COC,aldehydic;citrus;fatty;floral;fresh;fruity;green,7,"goodscents,leffingwell"
CCCCCCCCCOC(=O)c1ccccc1N,CCCCCCCCCOC(=O)c1ccccc1N,citrus;fresh;orange;sweet,4,"goodscents,leffingwell"
CCCCCCCCCCCCC(OCC)OCC,CCCCCCCCCCCCC(OCC)OCC,citrus;fatty;waxy,3,leffingwell
CCCCCC(C)(O)CC(C)C,CCCCCC(C)(O)CC(C)C,fruity,1,"goodscents,leffingwell"
CCCC(=O)OCSC,CCCC(=O)OCSC,cabbage;cheesy;fruity;metallic;milky;musty;onion;savory;sulfur;tropical;vegetable,11,"goodscents,leffingwell"
CC(C)CCOC(C)OCC(C)C,CC(C)CCOC(C)OCC(C)C,alcoholic;cognac;ethereal;green;nutty,5,leffingwell
CC(C)CCCCCCCCCCC=O,CC(C)CCCCCCCCCCC=O,animal;beefy;brothy;citrus;cooked;fatty;fruity;meaty;savory;sweet;waxy,11,"flavornet,goodscents,leffingwell"
CCC(C)CCCCCCCCCCC=O,CCC(C)CCCCCCCCCCC=O,beefy;fatty;meaty,3,leffingwell
CC1=C2CCC(C)C=C2OC1=O,CC1=C2CCC(C)C=C2OC1=O,coconut;coumarinic;hay;lactonic;minty;sweet,6,"aromadb,goodscents,leffingwell"
CCCCCCCCCCCCCCCC(=O)OCCC(C)C,CCCCCCCCCCCCCCCC(=O)OCCC(C)C,fatty;waxy,2,leffingwell
C=C(C)CCOC(=O)C(C)CC,C=C(C)CCOC(=O)C(C)CC,apple;green,2,leffingwell
CSCCCOC(=O)CC(C)C,CSCCCOC(=O)CC(C)C,cheesy;fruity;sulfur;tropical,4,leffingwell
CCOC(CC(C)C)OCC(C)C,CCOC(CC(C)C)OCC(C)C,alcoholic;cocoa;cognac;fermented;green;malty,6,leffingwell
CCOC(=O)CC(C)SCC,CCOC(=O)CC(C)SCC,fruity;metallic;sulfur;tropical,4,"goodscents,leffingwell"
CC(C)(C)CC(C)(S)CC(C)(C)C,CC(C)(C)CC(C)(S)CC(C)(C)C,fatty;sulfur,2,leffingwell
CCCCC(CC)C(=O)OCCc1ccccc1,CCCCC(CC)C(=O)OCCc1ccccc1,aromatic;floral;rose;woody,4,leffingwell
CCCCCCCCCCCCCC(=O)OCC(C)CC,CCCCCCCCCCCCCC(=O)OCC(C)CC,fatty;waxy,2,leffingwell
CCCCCC(=O)CCCC(=O)OCC,CCCCCC(=O)CCCC(=O)OCC,fruity,1,leffingwell
C=CC(CCCCC)OC(=O)C(C)C,C=CC(CCCCC)OC(=O)C(C)C,fruity;mushroom,2,leffingwell
C=CCOC(=O)C(C)CC,C=CCOC(=O)C(C)CC,fermented;fruity;green;oily;pineapple;sweet;tropical;waxy,8,leffingwell
CCC=CCCOC(=O)C(CC)CC,CCC=CCCOC(=O)C(CC)CC,apple;fruity;green,3,"goodscents,leffingwell"
CCCC(=O)OCCc1scnc1C,CCCC(=O)OCCc1scnc1C,fatty;meaty;nutty;roasted,4,"goodscents,leffingwell"
CCCCCC(=O)OCCc1scnc1C,CCCCCC(=O)OCCc1scnc1C,fatty;meaty;nutty;roasted,4,"goodscents,leffingwell"
CCCC(=O)OC1CC(C)CC(C)(C)C1,CCCC(=O)OC1CC(C)CC(C)(C)C1,banana;fruity;minty;sweet,4,leffingwell
CC(C)CCOC(OCCC(C)C)c1ccccc1,CC(C)CCOC(OCCC(C)C)c1ccccc1,almond;cherry;fruity;herbal;sweet,5,leffingwell
CC(=O)CC(C)SCc1ccco1,CC(=O)CC(C)SCc1ccco1,burnt;chocolate;coffee;meaty;roasted,5,leffingwell
CC/C(C)=C(/C)C(C)=O,CCC(C)=C(C)C(C)=O,ketonic;spicy,2,leffingwell
CC(C)[C@@H]1CC[C@H](C)[C@@H]2C=C[C@H](C)C[C@H]21,CC1C=CC2C(C)CCC(C(C)C)C2C1,burnt;dry;fresh;herbal;vetiver;woody,6,"goodscents,leffingwell"
CC(C)=CCC/C(C)=C1\CC=C(C)CC1,CC(C)=CCCC(C)=C1CC=C(C)CC1,balsamic;banana;citrus;floral;fruity;green;spicy;sweet;terpenic;tropical;woody,11,"aromadb,goodscents,leffingwell"
CC1C=CCCC1(C)C=O,CC1C=CCCC1(C)C=O,aldehydic;bark;citrus;floral;green;herbal;leafy;soap;weedy,9,"goodscents,leffingwell"
C=CC(C)(C)OC(C)=O,C=CC(C)(C)OC(C)=O,banana;fruity;green;tropical,4,leffingwell
CCCCCCCCCCCCCCCC(=O)OCCCCC,CCCCCCCCCCCCCCCC(=O)OCCCCC,fatty;waxy,2,leffingwell
CC(=O)SCC=C(C)C,CC(=O)SCC=C(C)C,fruity;green;sulfur;tropical,4,leffingwell
C=CCc1ccc(OC(=O)CC(C)C)c(OC)c1,C=CCc1ccc(OC(=O)CC(C)C)c(OC)c1,aromatic;fruity;spicy;woody,4,"goodscents,leffingwell"
CC(C)CCCCCCCCCC=O,CC(C)CCCCCCCCCC=O,citrus;fatty;waxy,3,leffingwell
CCCC(=O)OC(C)(OC(=O)CCC)C(C)=O,CCCC(=O)OC(C)(OC(=O)CCC)C(C)=O,buttery;cheesy,2,leffingwell
CC(=O)[n+]1cc(C)nc(C)c1,CC(=O)[n+]1cc(C)nc(C)c1,hazelnut;nut;nutty;popcorn;roasted,5,"goodscents,leffingwell"
Cc1nccnc1OC(C)C,Cc1nccnc1OC(C)C,fruity;green;sweet,3,leffingwell
CCCCCCC(C=O)CC,CCCCCCC(C=O)CC,orange,1,leffingwell
CC1CCCC(=O)C1=O,CC1CCCC(=O)C1=O,burnt;caramel;coffee;phenolic,4,"goodscents,leffingwell"
Cc1occc(=O)c1OC(=O)C(C)C,Cc1occc(=O)c1OC(=O)C(C)C,berry;burnt;caramel;fruity;jammy;strawberry;sweet;tropical,8,"goodscents,leffingwell"
CCOCc1ccccc1O,CCOCc1ccccc1O,animal;phenolic;smoky;sweet;vanilla,5,"goodscents,leffingwell"
O=C1CCCCC=CCCCCCCCCCO1,O=C1CCCCC=CCCCCCCCCCO1,amber;berry;fruity;musk;soap;sweet,6,"goodscents,leffingwell"
CCCCCCCC(=O)COC(C)=O,CCCCCCCC(=O)COC(C)=O,fruity;herbal;warm,3,leffingwell
CCc1ccccc1S,CCc1ccccc1S,garlic;meaty;roasted;smoky;sulfur,5,"goodscents,leffingwell"
CCCC1CC(=O)C=C(C)C1,CCCC1CC(=O)C=C(C)C1,celery;fresh;green;herbal;spicy,5,"goodscents,leffingwell"
CCOC(=O)COc1ccc(C)cc1,CCOC(=O)COc1ccc(C)cc1,anise;brown;cherry;cocoa;fruity;hay;honey;nutty;powdery,9,"goodscents,leffingwell"
CCC=C(C)C(=O)OC,CCC=C(C)C(=O)OC,fruity;green;melon;pineapple;strawberry;sweet,6,leffingwell
CC1=NC(CC(C)C)SC1C,CC1=NC(CC(C)C)SC1C,burnt;chocolate;cocoa;green;herbaceous;meaty;nut;nutty;roasted;skin;sulfur;sweet;vegetable,13,"aromadb,goodscents,leffingwell"
CCCCCCCC(C)C=O,CCCCCCCC(C)C=O,citrus;green;milky;sweet;waxy,5,leffingwell
CSCCOC(C)=O,CSCCOC(C)=O,fruity;meaty;melon;sulfur;sweet;tropical,6,"aromadb,goodscents,leffingwell"
CC1=C(O)C(=O)CO1,CC1=C(O)C(=O)CO1,bready;burnt;caramel;roasted;sweet,5,"flavornet,goodscents,leffingwell"
CCCCCC=C1CCCC1=O,CCCCCC=C1CCCC1=O,floral;fruity;green;herbal;jasmin;jasmine;spicy;warm,8,"goodscents,leffingwell"
CSC(C)(C)CC(C)=O,CSC(C)(C)CC(C)=O,black;currant;fermented;fruity;green;metallic;musty;sulfur;tropical,9,"goodscents,leffingwell"
O=C(C=Cc1ccccc1)OCC1CCCO1,O=C(C=Cc1ccccc1)OCC1CCCO1,balsamic;bark;spicy;sweet;winey,5,"goodscents,leffingwell"
CCCCOCc1ccc(O)c(OC)c1,CCCCOCc1ccc(O)c(OC)c1,fruity;pungent;sweet;vanilla;warm,5,"goodscents,leffingwell"
CCCCOC(=O)CC(=O)OCC,CCCCOC(=O)CC(=O)OCC,apple;green;oily;winey,4,leffingwell
CCCOC(=O)/C=C/c1ccccc1,CCCOC(=O)C=Cc1ccccc1,amber;balsamic;bark;musty;sweet,5,"goodscents,leffingwell"
CC(C)OC(=O)/C=C/c1ccccc1,CC(C)OC(=O)C=Cc1ccccc1,balsamic;berry;fruity;peach;strawberry;sweet;tropical,7,"goodscents,leffingwell"
CCCCOC(=O)/C=C/c1ccccc1,CCCCOC(=O)C=Cc1ccccc1,balsamic;cocoa;floral;fruity;spicy;sweet,6,"aromadb,goodscents,leffingwell"
CC(C)CCOC(=O)/C=C/c1ccccc1,CC(C)CCOC(=O)C=Cc1ccccc1,amber;balsamic;berry;cocoa;floral;fruity;musty;powdery;sweet,9,"goodscents,leffingwell"
O=C(/C=C/c1ccccc1)OCc1ccccc1,O=C(C=Cc1ccccc1)OCc1ccccc1,balsamic;cherry;floral;fruity;powdery;spicy;sweet,7,"goodscents,leffingwell"
CC(C)=CCC/C(C)=C/C(=O)O,CC(C)=CCCC(C)=CC(=O)O,acidic;citrus;dry;floral;fresh;fruity;green;herbal;sweet;weedy;woody,11,"goodscents,leffingwell"
C/C(=C\CO)CCC[C@H](C)CCC[C@H](C)CCCC(C)C,CC(=CCO)CCCC(C)CCCC(C)CCCC(C)C,balsamic;floral;green;jasmin;powdery;waxy,6,"aromadb,flavornet,goodscents,leffingwell"
CCCCC/C=C\C/C=C\CCCCCCCC(=O)O,CCCCCC=CCC=CCCCCCCCC(=O)O,fatty;grass;oily,3,"aromadb,goodscents,leffingwell"
CC1=CC(=O)CC(C)(C)[C@@]1(O)/C=C/[C@@H](C)O,CC1=CC(=O)CC(C)(C)C1(O)C=CC(C)O,floral;fruity;woody,3,"goodscents,leffingwell"
OC/C=C\c1ccccc1,OCC=Cc1ccccc1,balsamic;cinnamon;fermented;floral;green;hyacinth;powdery;spicy;sweet,9,"aromadb,flavornet,goodscents,leffingwell"
COc1cc(/C=C/C=O)ccc1O,COc1cc(C=CC=O)ccc1O,balsamic;bread;bready;cinnamon;milky;roasted;spicy;sweet;vanilla,9,"goodscents,leffingwell"
CC(C)=CCC/C(C)=C/CC/C(C)=C/C=O,CC(C)=CCCC(C)=CCCC(C)=CC=O,citrus;floral;minty;oily;sweet;woody,6,"aromadb,goodscents,leffingwell"
COc1cc(/C=C/C=O)cc(OC)c1O,COc1cc(C=CC=O)cc(OC)c1O,spicy;sweet,2,leffingwell
CCCCC/C=C\C=C\C(=O)OCC,CCCCCC=CC=CC(=O)OCC,apple;fruity;green;pear;sweet;tropical;vegetable;waxy,8,"flavornet,goodscents,leffingwell"
C/C=C(\C)C(=O)OCC,CC=C(C)C(=O)OCC,berry;caramel;floral;fruity;sweet;tropical,6,"goodscents,leffingwell"
CC/C=C\CCO,CCC=CCCO,apple;bark;earthy;fatty;floral;fresh;fruity;grass;grassy;green;herbal;leafy;melon;oily;pungent;vegetable,16,"aromadb,flavornet,goodscents,leffingwell"
C=C1CC/C=C(\C)CC[C@@H]2[C@@H]1CC2(C)C,C=C1CCC=C(C)CCC2C1CC2(C)C,dry;spicy;sweet;terpenic;woody,5,"aromadb,flavornet,goodscents,leffingwell"
C=C/C(C)=C/C/C=C(\C)CCC=C(C)C,C=CC(C)=CCC=C(C)CCC=C(C)C,apple;bergamot;berry;citrus;floral;grass;green;herbal;lavender;sweet;vegetable;woody,12,"aromadb,flavornet,goodscents,leffingwell"
C=CC(=C)CC/C=C(\C)CCC=C(C)C,C=CC(=C)CCC=C(C)CCC=C(C)C,citrus;fruity;green;herbal;sweet;woody,6,"aromadb,flavornet,goodscents,leffingwell"
C/C1=C\CC/C(C)=C/CC(C)(C)/C=C/C1,CC1=CCCC(C)=CCC(C)(C)C=CC1,balsamic;earthy;spicy;woody,4,"aromadb,flavornet,goodscents,leffingwell"
CC(=O)/C=C/[C@H]1C(C)=CC[C@@H](C)C1(C)C,CC(=O)C=CC1C(C)=CCC(C)C1(C)C,berry;floral;orris;powdery;raspberry;sweet;violet;woody,8,"goodscents,leffingwell"
C/C(=C/CCC1(C)C2CC3C(C2)C31C)CO,CC(=CCCC1(C)C2CC3C(C2)C31C)CO,sandalwood;sweet;woody,3,"aromadb,goodscents,leffingwell"
C=C1C2CCC(C2)C1(C)CC/C=C(/C)CO,C=C1C2CCC(C2)C1(C)CCC=C(C)CO,animal;sweet;woody,3,"aromadb,goodscents,leffingwell"
C=C/C(C)=C/C/C=C(\C)CC/C=C(\C)C=O,C=CC(C)=CCC=C(C)CCC=C(C)C=O,aldehydic;citrus;juicy;orange;powdery;sour;waxy,7,"goodscents,leffingwell"
C=CC(=C)CC/C=C(\C)CC/C=C(\C)C=O,C=CC(=C)CCC=C(C)CCC=C(C)C=O,citrus;fresh;fruity;juicy;orange;sweet;waxy,7,"aromadb,flavornet,goodscents,leffingwell"
C=C/C(C)=C/CC=C(C)C,C=CC(C)=CCC=C(C)C,anise;citrus;floral;grass;green;herbaceous;herbal;sweet;terpenic;tropical;vegetable;warm;woody,13,"aromadb,flavornet,goodscents,leffingwell"
CC(=O)/C=C/C1C(C)=CCCC1(C)C,CC(=O)C=CC1C(C)=CCCC1(C)C,balsamic;floral;fruity;orris;raspberry;sweet;tropical;violet;woody,9,"aromadb,flavornet,goodscents,leffingwell"
CC(C)=CCC/C(C)=C/COC=O,CC(C)=CCCC(C)=CCOC=O,apple;citrus;floral;fresh;fruity;geranium;green;herbal;leafy;metallic;peach;rose;sweet;tea;tropical,15,"aromadb,goodscents,leffingwell"
CC(=O)OC/C=C/c1ccccc1,CC(=O)OCC=Cc1ccccc1,balsamic;cinnamon;floral;fruity;spicy;sweet,6,"aromadb,goodscents,leffingwell"
CCCCC/C=C\C/C=C\CCCCCCCC(=O)OCC,CCCCCC=CCC=CCCCCCCCC(=O)OCC,fatty;fruity;oily,3,"goodscents,leffingwell"
C/C=C/CC(=O)O,CC=CCC(=O)O,cheesy;fruity;green,3,leffingwell
CCC/C=C/C(=O)O,CCCC=CC(=O)O,cheesy;fatty;fruity;herbal;sweet;warm,6,"aromadb,flavornet,goodscents,leffingwell"
CCCC/C=C/C(=O)O,CCCCC=CC(=O)O,caramel;cheesy;ethereal;fatty;fruity;grassy;green;sour,8,"goodscents,leffingwell"
CCC/C=C/CC(=O)O,CCCC=CCC(=O)O,fruity;green;milky;waxy,4,"aromadb,leffingwell"
CC/C=C/CCC(=O)O,CCC=CCCC(=O)O,fatty;fruity;green,3,leffingwell
CCCCC/C=C\C(=O)O,CCCCCC=CC(=O)O,acidic;aldehydic;cheesy;chicken;creamy;fatty;milky;musty;sour;vegetable;waxy,11,"aromadb,goodscents,leffingwell"
CCCC/C=C/CC(=O)O,CCCCC=CCC(=O)O,fatty;fruity;green;melon;milky;oily;waxy,7,"goodscents,leffingwell"
CC/C=C\CCCC(=O)O,CCC=CCCCC(=O)O,fatty;fruity;green;milky;waxy,5,"aromadb,goodscents,leffingwell"
CCCCC/C=C/CC(=O)O,CCCCCC=CCC(=O)O,fatty;fruity;green;melon;milky;waxy,6,leffingwell
CCCCCC/C=C/CC(=O)O,CCCCCCC=CCC(=O)O,fatty;fruity;green;oily;waxy,5,"goodscents,leffingwell"
CCCCC/C=C/CCC(=O)O,CCCCCC=CCCC(=O)O,fatty;fruity;green;meaty;oily;savory,6,"aromadb,goodscents,leffingwell"
CCCCCCC/C=C/CCC(=O)O,CCCCCCCC=CCCC(=O)O,fatty;green;milky,3,leffingwell
CCCCCCCCCC/C=C/C(=O)O,CCCCCCCCCCC=CC(=O)O,fatty;waxy,2,leffingwell
CC/C=C/C/C=C/C/C=C/CCCCCCCC(=O)O,CCC=CCC=CCC=CCCCCCCCC(=O)O,fatty;fruity,2,"aromadb,goodscents,leffingwell"
CCCC/C=C/C=O,CCCCC=CC=O,almond;apple;fatty;fresh;fruity;green;oily;pungent;soap;sweet;vegetable,11,"aromadb,flavornet,goodscents,leffingwell"
CC/C=C/CCC=O,CCC=CCCC=O,creamy;fatty;green;melon;milky;oily;vegetable,7,"flavornet,goodscents,leffingwell"
CCCCC/C=C/C=O,CCCCCC=CC=O,banana;cucumber;fatty;fresh;fruity;green;herbal;leaf;leafy;nut;vegetable;waxy,12,"flavornet,goodscents,leffingwell"
CCC/C=C/C=C/C=O,CCCC=CC=CC=O,citrus;cucumber;fatty;fruity;green;melon;oily;pear;vegetable,9,"flavornet,goodscents,leffingwell"
CCCC/C=C/CCC=O,CCCCC=CCCC=O,fatty;fruity;green;melon;waxy,5,"goodscents,leffingwell"
CC/C=C/CCCCC=O,CCC=CCCCCC=O,citrus;cucumber;fresh;green;leaf;melon;orris;tropical;vegetable;violet;waxy;woody,12,"goodscents,leffingwell"
CCCCCCC/C=C/C=O,CCCCCCCC=CC=O,aldehydic;chicken;citrus;earthy;fatty;floral;green;mushroom;orange;rose;waxy,11,"aromadb,flavornet,goodscents,leffingwell"
CCC/C=C/CCCCC=O,CCCC=CCCCCC=O,cucumber;fatty;green;herbal,4,"flavornet,goodscents,leffingwell"
CCCCC/C=C/C/C=C/C=O,CCCCCC=CCC=CC=O,fatty,1,leffingwell
CCCCCCCCC/C=C/C=O,CCCCCCCCCC=CC=O,aldehydic;citrus;fatty;fruity;green;herbal;metallic;orange;sweet;waxy,10,"flavornet,goodscents,leffingwell"
CCCCCCCCCC/C=C/C=O,CCCCCCCCCCC=CC=O,aldehydic;citrus;creamy;fatty;green;peel;powdery;soap;waxy,9,"aromadb,goodscents,leffingwell"
CCCCCCCC/C=C/CCCCCCCC=O,CCCCCCCCC=CCCCCCCCC=O,chicken;fatty;meaty;roasted,4,"goodscents,leffingwell"
CCCCCCCC/C=C\CCCCCCCC(=O)OCC(O)CO,CCCCCCCCC=CCCCCCCCC(=O)OCC(O)CO,bland;oily;sweet,3,"goodscents,leffingwell"
Nc1ccccc1C(=O)OC/C=C/c1ccccc1,Nc1ccccc1C(=O)OCC=Cc1ccccc1,balsamic;floral;fruity;grape,4,"goodscents,leffingwell"
CCCCC/C=C\C/C=C\CCCCCCCC(=O)OC,CCCCCC=CCC=CCCCCCCCC(=O)OC,bland;fatty;oily,3,"goodscents,leffingwell"
CCCCCCCC/C=C\CCCCCCCCO,CCCCCCCCC=CCCCCCCCCO,animal;fatty,2,"aromadb,goodscents,leffingwell"
C=CC(C)(O)CC/C=C(\C)CCC=C(C)C,C=CC(C)(O)CCC=C(C)CCC=C(C)C,apple;citrus;floral;green;mild;rose;sweet;waxy;woody,9,"aromadb,flavornet,goodscents,leffingwell"
CCCCC/C=C/C/C=C/C/C=C/C/C=C/CCCC(=O)O,CCCCCC=CCC=CCC=CCC=CCCCC(=O)O,fatty;fishy,2,leffingwell
CCCCCCCCCCC(=O)C(=O)O,CCCCCCCCCCC(=O)C(=O)O,creamy;peach,2,leffingwell
CC(C)=CC/C=C(\C)C1CC=C(C)CC1,CC(C)=CCC=C(C)C1CC=C(C)CC1,balsamic;citrus;coconut;floral;spicy;sweet;tropical;woody,8,"aromadb,goodscents,leffingwell"
O=C1CCCCCCC/C=C\CCCCCCC1,O=C1CCCCCCCC=CCCCCCCC1,animal;clean;dry;musk;sweet,5,"aromadb,goodscents,leffingwell"
CCOC(=O)/C=C(\C)CCC=C(C)C,CCOC(=O)C=C(C)CCC=C(C)C,green;rose;woody,3,"goodscents,leffingwell"
CCCC/C=C/CO,CCCCC=CCO,fatty;green;plastic;pungent,4,"goodscents,leffingwell"
CCC/C=C/CCO,CCCC=CCCO,bark;dry;earthy;fatty;floral;fresh;grassy;green;herbal;melon;oily;waxy,12,"goodscents,leffingwell"
CCC/C=C/CO,CCCC=CCO,alcoholic;aldehydic;banana;bark;fatty;fresh;fruity;green;herbal;leaf;leafy;phenolic;soap;vegetable,14,"aromadb,flavornet,goodscents,leffingwell"
CCCCC/C=C/C=C/C(=O)NCC(C)C,CCCCCC=CC=CC(=O)NCC(C)C,herbal;spicy,2,"goodscents,leffingwell"
CCCCC/C=C/CO,CCCCCC=CCO,citrus;cucumber;fatty;floral;green;musty;oily;plastic;soap;sweet;vegetable,11,"flavornet,goodscents,leffingwell"
C=C(C)/C=C/C(CCC(C)=O)C(C)C,C=C(C)C=CC(CCC(C)=O)C(C)C,aromatic;fruity;hay;melon;tea;tobacco,6,"goodscents,leffingwell"
CC/C=C\C/C=C\C/C=C\CCCCCCCC(=O)OC,CCC=CCC=CCC=CCCCCCCCC(=O)OC,fatty;fruity;oily,3,"goodscents,leffingwell"
CC/C=C(\C)C=O,CCC=C(C)C=O,aldehydic;bark;cherry;earthy;fruity;garlic;green;juicy;pungent;ripe,10,"aromadb,goodscents,leffingwell"
CCCSSSC,CCCSSSC,clean;cooked;garlic;green;metallic;onion;sulfur;sweet,8,"goodscents,leffingwell"
CC(C)CC(=O)OCC1=CCC2CC1C2(C)C,CC(C)CC(=O)OCC1=CCC2CC1C2(C)C,fruity;herbal;woody,3,leffingwell
C/C=C/SSCCC,CC=CSSCCC,cooked;nutty;onion;savory;sulfur,5,"goodscents,leffingwell"
CC1=CC(=O)CC(C)(C)C12CCC(C)O2,CC1=CC(=O)CC(C)(C)C12CCC(C)O2,floral;tea,2,leffingwell
C/C=C(\C)C=O,CC=C(C)C=O,almond;anise;ethereal;fruity;green;herbal;nutty;pungent,8,"aromadb,flavornet,goodscents,leffingwell"
C/C=C/C=C/C(=O)OC,CC=CC=CC(=O)OC,anise;brown;fruity;green;licorice;nutty;pungent;spicy;sweet;vanilla,10,"goodscents,leffingwell"
C/C=C\C(C)C,CC=CC(C)C,fruity;gasoline;green,3,"goodscents,leffingwell"
CC(C)=CCC/C(C)=C/C1OCC(C)O1,CC(C)=CCCC(C)=CC1OCC(C)O1,citrus;lemon;orange;sweet,4,"goodscents,leffingwell"
CCCC(=O)OC/C=C(/C)CCC=C(C)C,CCCC(=O)OCC=C(C)CCC=C(C)C,apple;apricot;fatty;floral;fresh;fruity;green;leafy;oily;orange;peach;raspberry;rose;sweet;tropical;waxy,16,"aromadb,flavornet,goodscents,leffingwell"
CC/C=C\CCOC(=O)CCCCCCC,CCC=CCCOC(=O)CCCCCCC,fatty;fruity;green;leafy;metallic;tropical;waxy;winey,8,"goodscents,leffingwell"
CCCCC/C=C\CCC(=O)OC,CCCCCC=CCCC(=O)OC,fatty;fishy;fruity;green;peach;pear;tropical;waxy,8,"goodscents,leffingwell"
CCCCC/C=C\CC1CCC(=O)O1,CCCCCC=CCC1CCC(=O)O1,buttery;creamy;fatty;fruity;lactonic;milky;peach;soap;sweet;waxy,10,"flavornet,goodscents,leffingwell"
COC(/C=C(\C)CCC=C(C)C)OC,COC(C=C(C)CCC=C(C)C)OC,citrus;floral;green;lemon,4,"goodscents,leffingwell"
CC/C=C\CCOC(=O)CCC,CCC=CCCOC(=O)CCC,apple;buttery;fresh;fruity;grape;green;metallic;vegetable;winey,9,"flavornet,goodscents,leffingwell"
C/C=C(\C)C(=O)OCCCC,CC=C(C)C(=O)OCCCC,caramel;chamomile;ethereal;floral;fruity;herbal;rose;spicy;sweet;warm;winey,11,"goodscents,leffingwell"
CCC/C=C/COC(=O)C(C)CC,CCCC=CCOC(=O)C(C)CC,apple;fruity;green,3,"goodscents,leffingwell"
CCC/C=C/COC(=O)CC(C)C,CCCC=CCOC(=O)CC(C)C,apple;banana;bark;buttery;fresh;fruity;grape;green;pear;tropical;vegetable;waxy,12,"goodscents,leffingwell"
CCC/C=C/COC(=O)CCC,CCCC=CCOC(=O)CCC,apple;apricot;banana;bark;fatty;fermented;fresh;fruity;grassy;green;ripe,11,"goodscents,leffingwell"
CCC/C=C/COC(=O)CC,CCCC=CCOC(=O)CC,apple;banana;creamy;fruity;green;pear;powdery;ripe;tropical,9,"goodscents,leffingwell"
CC(=O)/C=C/C12OC1(C)CCCC2(C)C,CC(=O)C=CC12OC1(C)CCCC2(C)C,berry;floral;fruity;orris;powdery;sweet;violet;woody,8,"flavornet,goodscents,leffingwell"
CC/C=C\CCOC(=O)C(C)C,CCC=CCCOC(=O)C(C)C,apple;fruity;grassy;green;leaf;pear;sweet;tomato;tropical;violet,10,"goodscents,leffingwell"
CC/C=C\CCOC(=O)CCCCC,CCC=CCCOC(=O)CCCCC,apple;balsamic;fatty;fruity;grassy;green;pear;pineapple;tropical;waxy;winey,11,"flavornet,goodscents,leffingwell"
CC/C=C/CCOC(C)=O,CCC=CCCOC(C)=O,apple;banana;bark;fresh;fruity;grassy;green;hyacinth;melon;pear;rummy;sweet,12,"aromadb,flavornet,goodscents,leffingwell"
CCCCC/C=C(/C=O)CCCC,CCCCCC=C(C=O)CCCC,aldehydic;citrus;fatty;fruity;grass;grassy;green;metallic;oily;tropical,10,"aromadb,goodscents,leffingwell"
CCC/C=C\CCC(=O)OCC,CCCC=CCCC(=O)OCC,citrus;fatty;fresh;fruity;green;juicy;pear;pineapple,8,"goodscents,leffingwell"
C=CC/C=C/CCC(=O)OCC,C=CCC=CCCC(=O)OCC,ethereal;fruity;juicy;pear;pineapple;sweet,6,"goodscents,leffingwell"
CCCCC/C=C/CCO,CCCCCC=CCCO,cucumber;fresh;green;melon;mushroom;tropical;waxy,7,"goodscents,leffingwell"
CC/C=C/CC(C)OC(C)=O,CCC=CCC(C)OC(C)=O,fruity;green,2,leffingwell
CCCCC/C=C\CCCOC(C)=O,CCCCCC=CCCCOC(C)=O,citrus;estery;fatty;floral;fruity;herbal;juicy;oily;orange;rose;spicy;waxy,12,"goodscents,leffingwell"
C/C=C\CCCOC(C)=O,CC=CCCCOC(C)=O,banana;fruity;green,3,leffingwell
CCC/C=C\CCCO,CCCC=CCCCO,earthy;fresh;fruity;green;herbal;sweet,6,"goodscents,leffingwell"
CC/C=C\CCCCO,CCC=CCCCCO,earthy;fishy;fruity;green;leaf;melon;mushroom;soap;violet,9,"goodscents,leffingwell"
CCCCCCCCC/C=C/CO,CCCCCCCCCC=CCO,citrus;fatty;oily,3,"flavornet,goodscents,leffingwell"
CCC/C=C1/OC(=O)c2ccccc21,CCCC=C1OC(=O)c2ccccc21,celery;green;herbal;spicy;vegetable,5,"aromadb,goodscents,leffingwell"
CCC/C=C/COC=O,CCCC=CCOC=O,fruity;green;rum;rummy,4,"goodscents,leffingwell"
CCC/C=C/COC(=O)CCCCC,CCCC=CCOC(=O)CCCCC,apple;berry;clean;cognac;fruity;green;herbal;pear;tea;waxy,10,"goodscents,leffingwell"
CCC/C=C/COC(=O)CCCC,CCCC=CCOC(=O)CCCC,apple;banana;cognac;estery;fruity;green;pear;pineapple;waxy;winey,10,"goodscents,leffingwell"
CC/C=C/CCOC(=O)CCCC,CCC=CCCOC(=O)CCCC,apple;banana;buttery;estery;fresh;fruity;grape;green;pear;tropical,10,"aromadb,goodscents,leffingwell"
CC(C)=CCC/C(C)=C/COC(=O)c1ccccc1,CC(C)=CCCC(C)=CCOC(=O)c1ccccc1,amber;balsamic;floral;rose;sweet,5,"goodscents,leffingwell"
COc1cc(/C=C/C(C)=O)ccc1O,COc1cc(C=CC(C)=O)ccc1O,balsamic;creamy;powdery;spicy;sweet;vanilla;warm,7,"goodscents,leffingwell"
CCC/C=C(/C=O)CC,CCCC=C(C=O)CC,apple;fruity;lemon,3,leffingwell
C/C=C/c1ccc(OCC)c(O)c1,CC=Cc1ccc(OCC)c(O)c1,phenolic;powdery;spicy;sweet;tobacco;vanilla;woody,7,"goodscents,leffingwell"
C/C=C/C(=O)OCCc1ccccc1,CC=CC(=O)OCCc1ccccc1,dry;herbal;musty;rose;sweet,5,leffingwell
CCCCCCCC/C=C\CCCCCCCC(=O)OCCCC,CCCCCCCCC=CCCCCCCCC(=O)OCCCC,fatty;fishy;oily,3,"goodscents,leffingwell"
C/C=C/C(=O)OC(C)C,CC=CC(=O)OC(C)C,apple;chamomile;fruity;sweet,4,leffingwell
C=CCOC(=O)/C=C/C,C=CCOC(=O)C=CC,fresh;fruity;pungent,3,leffingwell
O=COC/C=C/c1ccccc1,O=COCC=Cc1ccccc1,apple;balsamic;floral;fruity;green;herbal,6,"aromadb,goodscents,leffingwell"
C/C(C=O)=C/c1ccccc1,CC(C=O)=Cc1ccccc1,balsamic;cinnamon;spicy;sweet;warm,5,"goodscents,leffingwell"
COc1ccc(/C=C(/C)C=O)cc1,COc1ccc(C=C(C)C=O)cc1,cinnamon;floral;fruity;spicy,4,"goodscents,leffingwell"
CC(C)/C=C\C=O,CC(C)C=CC=O,aldehydic;apple;cognac;cooked;ethereal;fresh;grassy;green;pungent;spicy;woody,11,"goodscents,leffingwell"
CCCC(=O)OC/C=C/c1ccccc1,CCCC(=O)OCC=Cc1ccccc1,balsamic;cognac;floral;fruity;winey,5,"aromadb,goodscents,leffingwell"
O=C1CCCCCCC/C=C\CCCCCCO1,O=C1CCCCCCCC=CCCCCCCO1,fatty;fruity;musk;sweet;warm;waxy,6,"goodscents,leffingwell"
C/C=C\C=C\C(=O)OCCC,CC=CC=CC(=O)OCCC,fresh;fruity;green;pineapple;sweet;tropical,6,"goodscents,leffingwell"
COC(=O)/C=C/c1ccco1,COC(=O)C=Cc1ccco1,cherry;cinnamon;fruity;spicy,4,"goodscents,leffingwell"
CCC(=O)OC/C=C/c1ccccc1,CCC(=O)OCC=Cc1ccccc1,balsamic;cherry;floral;fruity;grape;green;rose;spicy;sweet,9,"aromadb,goodscents,leffingwell"
CC(C)C(=O)OC/C=C/c1ccccc1,CC(C)C(=O)OCC=Cc1ccccc1,almond;apple;balsamic;banana;floral;fruity;pineapple;plum;spicy;sweet;tropical,11,"aromadb,goodscents,leffingwell"
CCC(=O)OC/C=C(\C)CCC=C(C)C,CCC(=O)OCC=C(C)CCC=C(C)C,berry;citrus;floral;fruity;geranium;grape;green;honey;jammy;powdery;rose;sweet;tropical;vegetable;waxy,15,"goodscents,leffingwell"
CCCCCOC(=O)/C=C/c1ccccc1,CCCCCOC(=O)C=Cc1ccccc1,amber;balsamic;cocoa;floral;sweet,5,"goodscents,leffingwell"
CC(C)CC(=O)OC/C=C/c1ccccc1,CC(C)CC(=O)OCC=Cc1ccccc1,apple;cherry;fermented;floral;fruity;green;herbal;melon;rose;sour;spicy;sweet;winey;woody,14,"aromadb,goodscents,leffingwell"
C=CC(C)(CCC=C(C)C)OC(=O)/C=C/c1ccccc1,C=CC(C)(CCC=C(C)C)OC(=O)C=Cc1ccccc1,amber;balsamic;floral;lily;sweet,5,"aromadb,goodscents,leffingwell"
CC(=O)/C(C)=C\c1ccccc1,CC(=O)C(C)=Cc1ccccc1,berry;camphor;camphoreous;caramel;fruity;sweet,6,"aromadb,goodscents,leffingwell"
CCOC(/C=C/c1ccccc1)OCC,CCOC(C=Cc1ccccc1)OCC,cinnamon;fresh;green;spicy;sweet,5,"goodscents,leffingwell"
C/C=C\C(=O)OCCCCC,CC=CC(=O)OCCCCC,apple;chamomile;fresh;fruity;pungent,5,leffingwell
C/C=C/C(=O)OCc1ccccc1,CC=CC(=O)OCc1ccccc1,balsamic;herbal;spicy;warm,4,"goodscents,leffingwell"
CCCCCC(=O)OC/C=C/c1ccccc1,CCCCCC(=O)OCC=Cc1ccccc1,balsamic;fruity;green;spicy;sweet,5,"goodscents,leffingwell"
C/C=C(/C)C(=O)OC,CC=C(C)C(=O)OC,ethereal;fruity;herbal;pungent;rum;rummy,6,"goodscents,leffingwell"
C/C=C\C(C)=O,CC=CC(C)=O,chemical;fishy;fruity;musty;phenolic;pungent;spicy,7,"goodscents,leffingwell"
C=C/C=C\C=O,C=CC=CC=O,fruity;green;pungent;spicy,4,"goodscents,leffingwell"
CC(=O)/C(C)=C\C1C(C)=CCCC1(C)C,CC(=O)C(C)=CC1C(C)=CCCC1(C)C,floral;orris;powdery;sweet;violet;woody,6,"goodscents,leffingwell"
CC(=O)/C(C)=C\C1=C(C)CCCC1(C)C,CC(=O)C(C)=CC1=C(C)CCCC1(C)C,floral;orris;waxy;woody,4,"goodscents,leffingwell"
C/C=C\CCCCC,CC=CCCCCC,gasoline,1,leffingwell
C/C=C\C(=O)OCCCCCCCC,CC=CC(=O)OCCCCCCCC,chemical;floral;fresh;fruity;hay;herbal;mushroom;winey,8,"goodscents,leffingwell"
C/C=C\C(=O)OCCCCCC,CC=CC(=O)OCCCCCC,apple;caramel;celery;fruity;green;oily;pear;pineapple;radish;sweet;tropical;vegetable;woody,13,"goodscents,leffingwell"
CCOC(=O)/C(=C\c1ccccc1)C(C)=O,CCOC(=O)C(=Cc1ccccc1)C(C)=O,balsamic;caramel;fruity;spicy;tropical,5,"goodscents,leffingwell"
C/C=C(\C)C(=O)OCCc1ccccc1,CC=C(C)C(=O)OCCc1ccccc1,dry;floral;green;herbal;leafy;oily;orris;rose;sweet;woody,10,"aromadb,goodscents,leffingwell"
O=C(/C=C/c1ccccc1)OC1CCCCC1,O=C(C=Cc1ccccc1)OC1CCCCC1,almond;balsamic;bitter;cherry;fruity;peach;sweet,7,"aromadb,goodscents,leffingwell"
C=CC(C)(CC/C=C(/C)CCC=C(C)C)OC(=O)C(C)C,C=CC(C)(CCC=C(C)CCC=C(C)C)OC(=O)C(C)C,bergamot;fruity;green;oily;pear;sweet;woody,7,"goodscents,leffingwell"
CCC/C=C/CCC,CCCC=CCCC,gasoline,1,leffingwell
CCCCCC/C=C\C(=O)OC,CCCCCCC=CC(=O)OC,coconut;fatty;fruity;green;melon;pear;sweet;vegetable;violet;waxy,10,"goodscents,leffingwell"
CCCC/C=C/C(C)O,CCCCC=CC(C)O,creamy;earthy;green;melon;mushroom;nutty;waxy,7,"goodscents,leffingwell"
CCCC/C=C/C(=O)OCC,CCCCC=CC(=O)OCC,apple;fruity;green;melon,4,leffingwell
C/C=C\C(=O)CC,CC=CC(=O)CC,acidic;ethereal;green;horseradish;metallic;pungent;rum;spicy;tropical,9,"goodscents,leffingwell"
CCCCC(CO)C(C)=O,CCCCC(CO)C(C)=O,fruity;herbal;spicy,3,"goodscents,leffingwell"
C=Cc1sc(C)nc1C,C=Cc1sc(C)nc1C,cocoa;meaty;nutty,3,"goodscents,leffingwell"
CCC(C)C1N=C(C)C(C)S1,CCC(C)C1N=C(C)C(C)S1,chocolate;herbal;meaty;nutty;roasted;spicy;vegetable,7,"goodscents,leffingwell"
C/C(=C\C(C)C)C(=O)O,CC(=CC(C)C)C(=O)O,acidic;animal;cheesy;creamy;floral;fruity;honey;ripe;sour;sweet,10,"aromadb,goodscents,leffingwell"
CC(=O)c1ccnc(C)n1,CC(=O)c1ccnc(C)n1,animal;burnt;caramel;meaty;nutty;roasted,6,"aromadb,goodscents,leffingwell"
CCC(CC)C(=O)OC/C=C(\C)CCC=C(C)C,CCC(CC)C(=O)OCC=C(C)CCC=C(C)C,apple;fruity,2,leffingwell
CCCCC/C=C(\C)C=O,CCCCCC=C(C)C=O,aldehydic;citrus;fatty;fruity;green;waxy,6,"goodscents,leffingwell"
CCOC(=O)C1OC1(C)c1ccc(C)cc1,CCOC(=O)C1OC1(C)c1ccc(C)cc1,almond;berry;cherry;floral;fruity;green;powdery;sweet;vanilla,9,"goodscents,leffingwell"
CCCCC/C=C/CCC(=O)OCC,CCCCCC=CCCC(=O)OCC,apple;cognac;fatty;floral;fruity;green;oily;peach;pear;pineapple;strawberry;waxy,12,"goodscents,leffingwell"
CCC1N=C(C)C(C)S1,CCC1N=C(C)C(C)S1,chocolate;cocoa;coffee;meaty;musty;nutty;peach;rose;sulfur;sweet;vegetable,11,"aromadb,goodscents,leffingwell"
C/C=C/C(=O)C(C)CC,CC=CC(=O)C(C)CC,buttery;chocolate;coffee;fatty;hazelnut;ketonic;metallic;nut;nutty;pungent;roasted;skin;sweet,13,"flavornet,goodscents,leffingwell"
CCCCC/C=C/COC(=O)CCC,CCCCCC=CCOC(=O)CCC,berry;buttery;fruity;waxy,4,"goodscents,leffingwell"
CCCCC/C=C/C=C/C(=O)OCCC,CCCCCC=CC=CC(=O)OCCC,fatty;fresh;fruity;green;melon;pear;tropical;vegetable;waxy,9,"goodscents,leffingwell"
CC/C=C/CC(=O)OCC,CCC=CCC(=O)OCC,apple;cheesy;fresh;fruity;green;honey;metallic;pear;pineapple;sweet;tropical;weedy,12,"goodscents,leffingwell"
CC(C)C/C=C(/C=O)C(C)C,CC(C)CC=C(C=O)C(C)C,cocoa;earthy;green;herbal;lavender;tomato;woody,7,"goodscents,leffingwell"
CC/C=C\CCCCCC=O,CCC=CCCCCCC=O,aldehydic;citrus;cucumber,3,"goodscents,leffingwell"
CCCCC/C=C/C=C/CO,CCCCCC=CC=CCO,chicken;citrus;fatty;fruity;meaty;melon;milky;waxy,8,"aromadb,goodscents,leffingwell"
CC/C=C/CC(=O)OC,CCC=CCC(=O)OC,apple;bark;floral;fresh;fruity;green;honey;hyacinth;pear;pineapple;sweet;tropical,12,"goodscents,leffingwell"
CC/C=C\CCCCCO,CCC=CCCCCCO,clean;cucumber;fatty;fresh;fruity;green;juicy;melon;vegetable;waxy,10,"goodscents,leffingwell"
CC/C=C/CCC(=O)OCC,CCC=CCCC(=O)OCC,apple;fruity;grape;green;melon;pineapple;skin;tropical;vegetable;waxy,10,"goodscents,leffingwell"
CC(C)=CCC/C(C)=C/COC(=O)CC(C)C,CC(C)=CCCC(C)=CCOC(=O)CC(C)C,apple;bergamot;citrus;floral;fruity;grape;peach;rose;sour,9,"flavornet,goodscents,leffingwell"
C=C/C(C)=C/CC(O)C(=C)C,C=CC(C)=CCC(O)C(=C)C,camphoreous;terpenic,2,"goodscents,leffingwell"
CC(C)=CC/C=C(/C)CCO,CC(C)=CCC=C(C)CCO,floral;rose,2,"flavornet,leffingwell"
C/C=C(/C=O)CC,CC=C(C=O)CC,fruity;pungent,2,leffingwell
CC/C=C\CC/C=C/COC(C)=O,CCC=CCCC=CCOC(C)=O,apple;cucumber;fatty;green;leafy;melon;nutty;spicy;violet,9,"goodscents,leffingwell"
CC(=O)/C=C/C(C)C,CC(=O)C=CC(C)C,berry;cheesy;fruity;metallic;sweet,5,"goodscents,leffingwell"
CCCC/C=C/COC(C)=O,CCCCC=CCOC(C)=O,fatty;fruity;green;pineapple;sweet;tropical;waxy,7,"goodscents,leffingwell"
CCC/C=C/CCOC(C)=O,CCCC=CCCOC(C)=O,banana;berry;fatty;fruity;green;sweet;tropical;vegetable,8,"goodscents,leffingwell"
CCCCCCC/C=C/COC(C)=O,CCCCCCCC=CCOC(C)=O,citrus;fatty;fruity;waxy,4,"goodscents,leffingwell"
CCCC/C=C/C(C)=O,CCCCC=CC(C)=O,earthy;fruity;hay;herbal;ketonic;mushroom;nut;nutty;oily;spicy;sweet,11,"aromadb,flavornet,goodscents,leffingwell"
CCCCCCCC/C=C\CCCCCCCC(=O)OCCCCCC,CCCCCCCCC=CCCCCCCCC(=O)OCCCCCC,oily;sweet,2,leffingwell
CC(=O)/C=C/CCC(C)C,CC(=O)C=CCCC(C)C,creamy;earthy;fatty;fruity;green;lactonic;meaty;nutty;oily,9,"goodscents,leffingwell"
CCCCCC/C=C/C(C)=O,CCCCCCC=CC(C)=O,apple;buttery;chicken;earthy;fatty;fresh;fruity;green;jasmin;jasmine;milky;pear;savory;waxy,14,"aromadb,goodscents,leffingwell"
CCCCCCCC/C=C\CCCCCCCCOC(C)=O,CCCCCCCCC=CCCCCCCCCOC(C)=O,fatty;fruity;oily,3,"goodscents,leffingwell"
CC/C=C\CCOC(=O)C(C)=O,CCC=CCCOC(=O)C(C)=O,banana;caramel;cucumber;fatty;floral;fruity;green;melon;oily;peel;skin;spicy;tea;vegetable,14,"goodscents,leffingwell"
C/C=C/C=C/COC(C)=O,CC=CC=CCOC(C)=O,apple;fresh;fruity;green;herbal;oily;pear;pineapple;sweet;winey,10,"goodscents,leffingwell"
C/C=C(\C)C1CCC(C)(C)O1,CC=C(C)C1CCC(C)(C)O1,camphoreous;celery;citrus;cooling;fresh;green;herbal;minty;spicy;sweet;woody,11,"goodscents,leffingwell"
CCC/C=C/CCC(C)=O,CCCC=CCCC(C)=O,berry;cheesy;fruity;herbal;milky,5,"goodscents,leffingwell"
C=C1CCCC(C)(C)C1/C=C/C(C)=O,C=C1CCCC(C)(C)C1C=CC(C)=O,floral;green;violet;woody,4,"goodscents,leffingwell"
CC1=CCCC(C)(C)C1/C=C/C(C)O,CC1=CCCC(C)(C)C1C=CC(C)O,berry;floral;powdery;sweet;tropical;violet;woody,7,"goodscents,leffingwell"
CC/C=C\CCOC(=O)C(C)O,CCC=CCCOC(=O)C(C)O,fresh;fruity;green;leaf;leafy;melon;sweet;tropical;vegetable;violet;waxy,11,"goodscents,leffingwell"
CC/C=C\CC(OCC)OCC,CCC=CCC(OCC)OCC,apple;green;herbal;juicy;spicy,5,"goodscents,leffingwell"
CCCCC/C=C/C(=O)OCC,CCCCCC=CC(=O)OCC,fatty;fruity;green;juicy;pear;pineapple;plum;pungent;skin;tropical;waxy,11,"flavornet,goodscents,leffingwell"
CCCCCCCC/C=C/CCCCCCCC(=O)OCC,CCCCCCCCC=CCCCCCCCC(=O)OCC,fatty;milky;oily;sweet;waxy,5,"goodscents,leffingwell"
C/C=C/CCCCCCCC,CC=CCCCCCCCC,gasoline,1,leffingwell
CCCC/C=C/CCO,CCCCC=CCCO,bark;earthy;fatty;fresh;green;herbal;melon;spicy,8,"goodscents,leffingwell"
CC/C(C)=C/CC/C(C)=C/C=O,CCC(C)=CCCC(C)=CC=O,citrus;fresh;fruity;herbal;lemon,5,leffingwell
CCCCC/C=C/C(=O)OC,CCCCCC=CC(=O)OC,animal;cooked;fresh;fruity;green;leaf;melon;oily;pear;skin;sweet;violet;waxy,13,"goodscents,leffingwell"
CCC/C=C/C(C)=O,CCCC=CC(C)=O,cheesy;fruity;grass;grassy;green;ketonic;milky;sweet;woody,9,"aromadb,goodscents,leffingwell"
CCCC/C=C/C=C/CO,CCCCC=CC=CCO,aldehydic;chicken;cucumber;fatty;green;melon;vegetable;waxy,8,"goodscents,leffingwell"
C=CCOC(=O)/C(C)=C/C,C=CCOC(=O)C(C)=CC,berry;earthy;fruity;green;herbal;sweet,6,"aromadb,goodscents,leffingwell"
CC/C=C/C=O,CCC=CC=O,apple;fruity;green;orange;pungent;strawberry;tomato,7,"flavornet,goodscents,leffingwell"
CCCCCC/C=C/CCCCCCCC(=O)OCC,CCCCCCC=CCCCCCCCC(=O)OCC,fatty;oily,2,leffingwell
CC/C=C\CO,CCC=CCO,aldehydic;cherry;citrus;ethereal;fresh;fruity;green;medicinal;metallic;mushroom;phenolic;plastic,12,"flavornet,goodscents,leffingwell"
CCCCCC/C=C/CO,CCCCCCC=CCO,chicken;cucumber;fatty;green;melon;oily;sweet;vegetable;violet;waxy,10,"goodscents,leffingwell"
CCCCCCCCCC/C=C/CO,CCCCCCCCCCC=CCO,citrus;clean;fatty;mild;waxy,5,"goodscents,leffingwell"
CCCCCCCC/C=C/CO,CCCCCCCCC=CCO,floral;fresh;fruity;rose;waxy,5,"goodscents,leffingwell"
CC/C=C\CCOC(=O)CC,CCC=CCCOC(=O)CC,apple;citrus;fresh;fruity;green;leafy;pear;sweet;vegetable;waxy,10,"goodscents,leffingwell"
CC/C=C\CCOC(=O)C(C)CC,CCC=CCCOC(=O)C(C)CC,acidic;apple;berry;fresh;fruity;green;herbal;juicy;pear;pineapple;sweet;vegetable;warm,13,"flavornet,goodscents,leffingwell"
CCC/C=C/COC(=O)CCCCCCC,CCCC=CCOC(=O)CCCCCCC,earthy;fruity;green;oily;pear;winey,6,"goodscents,leffingwell"
CCC/C=C/C(OCC)OCC,CCCC=CC(OCC)OCC,apple;celery;dry;fatty;fruity;green;peppery;spicy,8,"goodscents,leffingwell"
CC/C=C\CCOC=O,CCC=CCCOC=O,apple;citrus;fresh;fruity;grassy;green;melon;sweet;vegetable;waxy,10,"goodscents,leffingwell"
O=C1CCCCC/C=C\CCCCCCCCO1,O=C1CCCCCC=CCCCCCCCCO1,animal;musk;musty,3,"aromadb,goodscents,leffingwell"
CC/C=C/C/C=C/CCO,CCC=CCC=CCCO,apple;banana;chicken;cucumber;fatty;fishy;fresh;fruity;green;melon;mushroom;oily;pear;sweet;vegetable;violet;waxy,17,"flavornet,goodscents,leffingwell"
CCOC(/C=C(\C)CCC=C(C)C)OCC,CCOC(C=C(C)CCC=C(C)C)OCC,citrus;floral;fresh;green;herbaceous;lemon;peel;sweet;waxy,9,"aromadb,goodscents,leffingwell"
CC(C)=CCC/C(C)=C/C(C)O,CC(C)=CCCC(C)=CC(C)O,lemon;pine;rose;woody,4,"goodscents,leffingwell"
C/C=C/C(=O)OCCC,CC=CC(=O)OCCC,apple;caramel;chamomile;ethereal;fruity,5,leffingwell
CCOC/C=C(\C)CCC=C(C)C,CCOCC=C(C)CCC=C(C)C,clean;ethereal;floral;fruity;green;rose;spicy,7,"goodscents,leffingwell"
CCCCC(=O)OC/C=C(\C)CCC=C(C)C,CCCCC(=O)OCC=C(C)CCC=C(C)C,apple;floral;fruity;pineapple;rose;tobacco,6,"flavornet,goodscents,leffingwell"
C=CC(C)(O)CC/C=C(\C)CC/C=C(\C)CCC=C(C)C,C=CC(C)(O)CCC=C(C)CCC=C(C)CCC=C(C)C,apple;balsamic;floral;pine;rose;sweet,6,"aromadb,goodscents,leffingwell"
C/C=C/C(=O)CCCC,CC=CC(=O)CCCC,bready;earthy;floral;fruity;green;horseradish;jammy;metallic;mushroom;pineapple;sweet;tropical;vegetable,13,"aromadb,goodscents,leffingwell"
CC/C=C(\C)C(=O)O,CCC=C(C)C(=O)O,acidic;caramel;dry;fruity;green;jammy;sour;strawberry;sweet;woody,10,"goodscents,leffingwell"
COC(=O)/C=C(\C)CCC=C(C)C,COC(=O)C=C(C)CCC=C(C)C,citrus;floral;fruity;geranium;green;herbal;waxy,7,"flavornet,goodscents,leffingwell"
C/C=C/C(=O)C1C(C)C=CCC1(C)C,CC=CC(=O)C1C(C)C=CCC1(C)C,balsamic;black;brown;currant;floral;fruity;herbal;minty;rose;sweet;tobacco;woody,12,"aromadb,goodscents,leffingwell"
C=CCCC(=O)/C=C/C1C(C)=CCCC1(C)C,C=CCCC(=O)C=CC1C(C)=CCCC1(C)C,berry;floral;fruity;green;leathery;orris;pineapple;sweet;tropical;vanilla;waxy;weedy;woody,13,"aromadb,goodscents,leffingwell"
CC(C)=CCC/C(C)=C\COC(=O)C(C)C,CC(C)=CCCC(C)=CCOC(=O)C(C)C,apricot;citrus;floral;fresh;fruity;green;melon;peach;pear;powdery;raspberry;rose;strawberry;sweet,14,"aromadb,goodscents,leffingwell"
CCCCCC(=O)OC/C=C(\C)CCC=C(C)C,CCCCCC(=O)OCC=C(C)CCC=C(C)C,apple;floral;fruity;geranium;pine;pineapple;rose;tropical;waxy,9,"aromadb,goodscents,leffingwell"
CC(C)=CCC/C(C)=C/COC(=O)Cc1ccccc1,CC(C)=CCCC(C)=CCOC(=O)Cc1ccccc1,aromatic;balsamic;floral;fruity;geranium;honey;powdery;rose;sweet;tropical,10,"goodscents,leffingwell"
C/C=C/C(=O)OC1CC(C)CCC1C(C)C,CC=CC(=O)OC1CC(C)CCC1C(C)C,fresh;herbal;minty,3,leffingwell
C/C=C/C(=O)C1=C(C)C=CCC1(C)C,CC=CC(=O)C1=C(C)C=CCC1(C)C,apple;earthy;floral;fruity;grape;green;honey;plum;raspberry;rose;sweet;tea;tobacco;woody,14,"aromadb,flavornet,goodscents,leffingwell"
C/C=C/C(=O)C1C(C)=CCCC1(C)C,CC=CC(=O)C1C(C)=CCCC1(C)C,apple;balsamic;berry;black;currant;floral;fruity;green;metallic;minty;plum;rose;spicy;sweet;woody,15,"aromadb,goodscents,leffingwell"
C/C=C(/C)C(=O)OCCC(C)C,CC=C(C)C(=O)OCCC(C)C,apple;chamomile;floral;fresh;fruity;herbal;winey,7,"goodscents,leffingwell"
C/C=C/C(O)CCCC,CC=CC(O)CCCC,apple;berry;cherry;fruity;pear,5,"goodscents,leffingwell"
C=CC(C)(O)C/C=C/C(=C)C,C=CC(C)(O)CC=CC(=C)C,citrus;floral;fresh;fruity;grape;hyacinth;tropical;woody,8,"flavornet,goodscents,leffingwell"
CCC/C=C/COC(C)OCC,CCCC=CCOC(C)OCC,apple;fresh;fruity;green;vegetable,5,leffingwell
C/C=C/SSC,CC=CSSC,fresh;onion;pungent,3,leffingwell
CCCCC/C=C/CC(=O)OC,CCCCCC=CCC(=O)OC,dry;fatty;fruity;green;juicy;pear;skin,7,"goodscents,leffingwell"
CCC/C=C/CCC(=O)OC,CCCC=CCCC(=O)OC,fresh;fruity;green;pineapple,4,"goodscents,leffingwell"
CC/C=C/C=C/CO,CCC=CC=CCO,almond;cheesy;fatty;fruity;green;nutty,6,"goodscents,leffingwell"
C=C/C=C/C=C/CCCCC,C=CC=CC=CCCCCC,citrus;cucumber;fresh;green;herbal;melon;vegetable;waxy,8,"goodscents,leffingwell"
CCCCCC/C=C/C=C/C=O,CCCCCCC=CC=CC=O,aldehydic;buttery;caramel;chicken;citrus;fatty;fruity;green;oily;spicy;sweet;waxy,12,"goodscents,leffingwell"
CC/C=C\CCCO,CCC=CCCCO,creamy;fatty;fresh;fruity;grassy;green;milky;oily;vegetable,9,"goodscents,leffingwell"
CC/C=C\CCOC(=O)Cc1ccccc1,CCC=CCCOC(=O)Cc1ccccc1,banana;floral;green;honey;melon;rose;sweet;tropical;vegetable;waxy,10,"aromadb,goodscents,leffingwell"
CC/C=C\CCOC(=O)c1ccccc1,CCC=CCCOC(=O)c1ccccc1,balsamic;earthy;fatty;floral;fresh;green;herbal;leaf;sweet;woody,10,"aromadb,goodscents,leffingwell"
CC/C=C/CC1C(=O)CCC1CC(=O)OC,CCC=CCC1C(=O)CCC1CC(=O)OC,floral;fresh;fruity;green;jasmin;jasmine;oily;sweet;waxy,9,"flavornet,goodscents,leffingwell"
CC/C=C/C(=O)OCC,CCC=CC(=O)OCC,apple;banana;fruity;tropical,4,leffingwell
C/C=C(\C)C(=O)OCCC,CC=C(C)C(=O)OCCC,apple;chamomile;fruity;green;minty;rose;sweet;winey,8,"goodscents,leffingwell"
C/C=C(\C)C(=O)OC/C=C/c1ccccc1,CC=C(C)C(=O)OCC=Cc1ccccc1,balsamic;floral;green;herbal;sweet;woody,6,"goodscents,leffingwell"
CC/C=C\CCOC(C)OCC/C=C\CC,CCC=CCCOC(C)OCCC=CCC,green;herbal;leafy;sweet;vegetable,5,"goodscents,leffingwell"
C/C=C(\C)C(=O)OC/C=C(\C)CCC=C(C)C,CC=C(C)C(=O)OCC=C(C)CCC=C(C)C,floral;fruity;geranium;herbal;sweet,5,"aromadb,goodscents,leffingwell"
C/C=C(\C)C(=O)OCC(C)C,CC=C(C)C(=O)OCC(C)C,celery;chamomile;cooling;fruity;green;herbal;pungent;spicy;sweet;weedy;winey;woody,12,"aromadb,goodscents,leffingwell"
CCCCC/C=C/CC1CCCC1=O,CCCCCC=CCC1CCCC1=O,apple;apricot;creamy;fatty;fruity;green;jasmin;jasmine;lactonic;melon;peach;sweet;waxy,13,"goodscents,leffingwell"
CCCCC(=O)OC/C=C/c1ccccc1,CCCCC(=O)OCC=Cc1ccccc1,floral;herbal;rose,3,leffingwell
CCC/C=C/COC(=O)Cc1ccccc1,CCCC=CCOC(=O)Cc1ccccc1,green;honey;rum;rummy,4,"goodscents,leffingwell"
CCCCC/C(=C\c1ccccc1)CO,CCCCCC(=Cc1ccccc1)CO,cinnamon;floral;fruity;jasmin;jasmine;pear;spicy;sweet;waxy,9,"aromadb,goodscents,leffingwell"
C=C/C(C)=C/CCC(C)(C)O,C=CC(C)=CCCC(C)(C)O,citrus;fresh;lemon;sweet,4,"goodscents,leffingwell"
C/C=C(C)/C=C/C=C(C)C,CC=C(C)C=CC=C(C)C,floral;fresh;grass;herbal;nut;peppery;skin;sweet;terpenic;tropical,10,"aromadb,goodscents,leffingwell"
C/C=C/C=C/C(=O)OC(C)C,CC=CC=CC(=O)OC(C)C,fruity;green;tropical,3,leffingwell
C/C=C/C=C/C(OCC)OCC,CC=CC=CC(OCC)OCC,green;tropical,2,leffingwell
C/C=C/C=C/C(=O)OCCCC,CC=CC=CC(=O)OCCCC,fruity;green;tropical;waxy,4,leffingwell
CC/C=C\CCC(OCC)OCC,CCC=CCCC(OCC)OCC,apple;creamy;cucumber;dry;fatty;fishy;fruity;green;herbal;oily;tropical;vegetable;waxy,13,"goodscents,leffingwell"
O=C(/C=C/c1ccccc1)OCCc1ccccc1,O=C(C=Cc1ccccc1)OCCc1ccccc1,balsamic;fruity;rose;spicy;sweet,5,"aromadb,goodscents,leffingwell"
CC(O)/C=C/c1ccccc1,CC(O)C=Cc1ccccc1,balsamic;floral;fruity;sweet,4,"goodscents,leffingwell"
CC(=O)/C=C/C=C(C)C,CC(=O)C=CC=C(C)C,cinnamon;coconut;cooling;green;herbal;nutty;spicy;sweet;weedy;woody,10,"goodscents,leffingwell"
CCC/C=C/C1OCC(C)O1,CCCC=CC1OCC(C)O1,apple;fruity;green,3,"goodscents,leffingwell"
C/C=C/S/C=C/C,CC=CSC=CC,brown;garlic;onion;pungent;savory,5,"goodscents,leffingwell"
O=C(Cc1ccccc1)OC/C=C/c1ccccc1,O=C(Cc1ccccc1)OCC=Cc1ccccc1,balsamic;floral;honey;spicy;sweet,5,"goodscents,leffingwell"
CC(C)C/C=C(/C=O)c1ccccc1,CC(C)CC=C(C=O)c1ccccc1,aldehydic;bitter;brown;chocolate;cocoa;fruity;green;nut;nutty;skin;sweet,11,"aromadb,goodscents,leffingwell"
CCC(=O)/C=C/C1C(C)=CCCC1(C)C,CCC(=O)C=CC1C(C)=CCCC1(C)C,floral;fruity;oily;orris;powdery;sweet;tea;violet;woody,9,"goodscents,leffingwell"
Cc1ccc(/C=C/C=O)cc1,Cc1ccc(C=CC=O)cc1,balsamic;cinnamon;fruity;spicy;sweet;vanilla,6,"goodscents,leffingwell"
CC/C=C\CCOC(=O)c1ccccc1N,CCC=CCCOC(=O)c1ccccc1N,floral;fruity;grape;green;jasmin;orangeflower;ripe;skin;sweet,9,"goodscents,leffingwell"
CC/C=C1\OC(=O)c2ccccc21,CCC=C1OC(=O)c2ccccc21,bark;brothy;brown;celery;herbal;phenolic;spicy;sweet;vegetable;warm,10,"goodscents,leffingwell"
CC1=C(/C=C/C(C)O)C(C)(C)CCC1,CC1=C(C=CC(C)O)C(C)(C)CCC1,balsamic;berry;floral;fruity;herbal;powdery;sweet;tropical;violet;woody,10,"goodscents,leffingwell"
CC(=O)/C=C/C1=C(C)CCC(C)C1(C)C,CC(=O)C=CC1=C(C)CCC(C)C1(C)C,berry;floral;fresh;fruity;powdery;sweet;violet;woody,8,"goodscents,leffingwell"
CCC(=O)/C=C/C1=C(C)CCCC1(C)C,CCC(=O)C=CC1=C(C)CCCC1(C)C,creamy;floral;orris;powdery;tobacco;tropical;violet;woody,8,"aromadb,goodscents,leffingwell"
C/C=C/c1ccc(OCC)c(OC)c1,CC=Cc1ccc(OCC)c(OC)c1,balsamic;spicy;vanilla;warm,4,"goodscents,leffingwell"
C/C=C/C=C\COC(=O)CC,CC=CC=CCOC(=O)CC,fruity;pineapple;sweet;tropical;winey,5,"goodscents,leffingwell"
C/C=C/C=C\COC(=O)C(C)C,CC=CC=CCOC(=O)C(C)C,apple;fruity;green;pear;pineapple;sweet;tropical,7,"goodscents,leffingwell"
CCCC/C(C=O)=C\c1ccccc1,CCCCC(C=O)=Cc1ccccc1,floral;fruity;green;herbal;jasmin;jasmine;lily,7,"aromadb,goodscents,leffingwell"
CC(=O)/C=C/CC(C)C,CC(=O)C=CCC(C)C,fresh;fruity;green;herbal;ketonic;oily;tropical,7,"goodscents,leffingwell"
C/C=C/C(=O)OCCC(C)C,CC=CC(=O)OCCC(C)C,apple;chamomile;fruity;rum,4,leffingwell
COC(/C=C/c1ccccc1)OC,COC(C=Cc1ccccc1)OC,cinnamon;fresh;green;herbal;spicy,5,"goodscents,leffingwell"
C/C=C/C(=O)CCC,CC=CC(=O)CCC,citrus;earthy;ethereal;herbal;nutty;pungent,6,"goodscents,leffingwell"
CCC(=O)OC(C)C(=O)OSC,CCC(=O)OC(C)C(=O)OSC,fruity;sulfur;tropical,3,leffingwell
OCC(O)/C(O)=C/c1ccccc1,OCC(O)C(O)=Cc1ccccc1,almond;bitter;cherry;fruity;musty;sweet,6,"aromadb,goodscents,leffingwell"
C/C=C/C(C)C(=O)OCC,CC=CC(C)C(=O)OCC,berry;cherry;cooling;fruity;green;melon;oily;pineapple;pungent;strawberry;sweet;tropical;weedy,13,"goodscents,leffingwell"
CCCCC/C=C/COC(C)=O,CCCCCC=CCOC(C)=O,aldehydic;earthy;fatty;fresh;fruity;green;herbal;melon;oily;pear;tropical;waxy,12,"goodscents,leffingwell"
CCCCCCC/C=C/C(=O)OCC,CCCCCCCC=CC(=O)OCC,aldehydic;apple;citrus;fatty;fruity;green;herbal;melon;metallic;pear;waxy,11,"goodscents,leffingwell"
CCCC(=O)C(CC)Cc1ccccc1,CCCC(=O)C(CC)Cc1ccccc1,aldehydic;berry;fruity;herbal;minty;plum;woody,7,"goodscents,leffingwell"
CCCCCCC/C=C/C(=O)OCCCC,CCCCCCCC=CC(=O)OCCCC,apricot;citrus;clean;coconut;fatty;floral;fruity;green;milky;oily;peach;waxy;woody,13,"aromadb,goodscents,leffingwell"
CC(=O)CCc1ccc(C)cc1,CC(=O)CCc1ccc(C)cc1,floral;fruity;plum;raspberry;sweet,5,"goodscents,leffingwell"
C/C=C/c1ccc(OC=O)c(OC)c1,CC=Cc1ccc(OC=O)c(OC)c1,fresh;green;orris;sweet;woody,5,"goodscents,leffingwell"
CCC(C)CCCC(C)C=O,CCC(C)CCCC(C)C=O,citrus;dry;fresh;fruity;grassy;green;melon;rose;sweet;vegetable;waxy;weedy,12,"aromadb,goodscents,leffingwell"
CCOC(CC(C)CCCC(C)(C)O)OCC,CCOC(CC(C)CCCC(C)(C)O)OCC,floral;green;lily;muguet,4,"aromadb,goodscents,leffingwell"
CCCCCCCCCOC(=O)CC(C)C,CCCCCCCCCOC(=O)CC(C)C,apple;citrus;fatty;fruity;hazelnut;nutty,6,"goodscents,leffingwell"
CCCCC/C=C/CC/C=C/C=O,CCCCCC=CCCC=CC=O,aldehydic;citrus;fatty;green;melon;orange;spicy;waxy,8,"goodscents,leffingwell"
CCOCC=C(C)C,CCOCC=C(C)C,alcoholic;brandy;fruity;grassy;green,5,"goodscents,leffingwell"
CCCCCC(O)CCCC(=O)OCC(O)CO,CCCCCC(O)CCCC(=O)OCC(O)CO,buttery;coconut;fresh;oily;peach;tropical,6,"goodscents,leffingwell"
CC/C=C/CCOC(C)OCC,CCC=CCCOC(C)OCC,earthy;fruity;grassy;green;leafy;mushroom;musty;radish;vegetable;violet,10,"goodscents,leffingwell"
C=C(C)[C@H](CO)CC=C(C)C,C=C(C)C(CO)CC=C(C)C,citrus;floral;herbal;lavender;rose;spicy;warm;waxy,8,"aromadb,flavornet,goodscents,leffingwell"
CCCCC/C=C/CCCO,CCCCCC=CCCCO,cucumber;earthy;fatty;fruity;herbal;melon;waxy,7,"goodscents,leffingwell"
O=C(OC/C=C/c1ccccc1)c1ccccc1,O=C(OCC=Cc1ccccc1)c1ccccc1,balsamic;buttery;fruity;spicy;sweet,5,"aromadb,goodscents,leffingwell"
CC1=C(O)C(=O)C(C)S1,CC1=C(O)C(=O)C(C)S1,bready;burnt;meaty;roasted;savory;sulfur,6,"goodscents,leffingwell"
CC/C=C/CCOC(=O)/C=C/c1ccccc1,CCC=CCCOC(=O)C=Cc1ccccc1,balsamic;fresh;green;herbal,4,"goodscents,leffingwell"
CC(=O)OC(C)/C=C/C1=C(C)CCCC1(C)C,CC(=O)OC(C)C=CC1=C(C)CCCC1(C)C,berry;floral;fruity;jammy;raspberry;strawberry;sweet;violet;woody,9,"goodscents,leffingwell"
CCC(=O)/C=C/c1ccc(OC)cc1,CCC(=O)C=Cc1ccc(OC)cc1,almond;anise;buttery;caramel;cherry;coumarinic;dry;fruity;powdery;sweet;vanilla,11,"goodscents,leffingwell"
C=C1CCC(OC(C)=O)/C(C)=C\CC2C1CC2(C)C,C=C1CCC(OC(C)=O)C(C)=CCC2C1CC2(C)C,cedar;fresh;fruity;spicy;woody,5,"goodscents,leffingwell"
CCCCC/C(=C\c1ccccc1)C(OCC)OCC,CCCCCC(=Cc1ccccc1)C(OCC)OCC,aldehydic;ethereal;floral;fruity;green;jasmin;jasmine;leafy,8,"goodscents,leffingwell"
CCCCC(/C=C/C(=O)O)CC,CCCCC(C=CC(=O)O)CC,fatty;oily,2,"aromadb,leffingwell"
CC(=O)CC(=O)OC/C=C(\C)CCC=C(C)C,CC(=O)CC(=O)OCC=C(C)CCC=C(C)C,apple;fermented;fruity;green;rose;skin;sweet;winey;woody,9,"goodscents,leffingwell"
C/C=C/C(=O)OC/C=C(\C)CCC=C(C)C,CC=CC(=O)OCC=C(C)CCC=C(C)C,almond;caramel;floral;fresh;fruity;herbal;nutty;rose;sweet,9,"goodscents,leffingwell"
CCCCC/C(=C\c1ccccc1)C(OC)OC,CCCCCC(=Cc1ccccc1)C(OC)OC,floral;green;jasmin;jasmine;lemon;lily,6,"aromadb,goodscents,leffingwell"
C/C=C(\C)C(=O)OC(CC)CCCCC,CC=C(C)C(=O)OC(CC)CCCCC,fruity;peppery;spicy,3,"goodscents,leffingwell"
CC1COC(/C=C/c2ccccc2)O1,CC1COC(C=Cc2ccccc2)O1,cinnamon;spicy;sweet,3,"goodscents,leffingwell"
CC/C=C/CCOC(=O)c1ccccc1O,CCC=CCCOC(=O)c1ccccc1O,balsamic;floral;green;herbal;metallic;sweet;woody,7,"goodscents,leffingwell"
C=C/C(C)=C/CCC(C)(C)OC(C)=O,C=CC(C)=CCCC(C)(C)OC(C)=O,bergamot;citrus;floral;fresh;fruity;green;lavender;pineapple,8,"goodscents,leffingwell"
C/C=C/c1ccc(OC(=O)Cc2ccccc2)c(OC)c1,CC=Cc1ccc(OC(=O)Cc2ccccc2)c(OC)c1,cinnamon;floral;honey;spicy;sweet;vanilla,6,"goodscents,leffingwell"
C/C=C/C(OCC)OCC,CC=CC(OCC)OCC,ethereal;fruity;herbal;pungent,4,leffingwell
C(=C\C1OCCO1)/c1ccccc1,C(=CC1OCCO1)c1ccccc1,cinnamon;spicy;sweet;warm,4,"aromadb,goodscents,leffingwell"
CCOC(=O)C/C(=C/C(=O)O)C(=O)O,CCOC(=O)CC(=CC(=O)O)C(=O)O,caramel;fruity;rum;sweet;winey,5,leffingwell
CCCCCC/C=C/COC(C)=O,CCCCCCC=CCOC(C)=O,citrus;earthy;fatty;fruity;green;melon;oily;waxy,8,"goodscents,leffingwell"
CCCCCCCC(=O)OC/C=C(\C)CCC=C(C)C,CCCCCCCC(=O)OCC=C(C)CCC=C(C)C,cognac;fruity;herbal;rose,4,"goodscents,leffingwell"
CC/C=C/CCCCCOC(C)=O,CCC=CCCCCCOC(C)=O,fatty;green;melon;metallic;pear;tropical;waxy,7,"goodscents,leffingwell"
C/C=C/CC/C=C/C=O,CC=CCCC=CC=O,fatty;green;vegetable,3,"goodscents,leffingwell"
CC/C=C/C/C=C/C=C/C(=O)OCC,CCC=CCC=CC=CC(=O)OCC,fatty;green;mild;pear,4,"goodscents,leffingwell"
CC/C=C/CCOC(=O)CC(C)=O,CCC=CCCOC(=O)CC(C)=O,apple;earthy;floral;green;sweet,5,"goodscents,leffingwell"
C/C=C/C(C)C(=O)OCCCCCC,CC=CC(C)C(=O)OCCCCCC,berry;fruity;grape;green;melon;pear;spicy;sweet;tropical;waxy,10,"goodscents,leffingwell"
CC/C=C/CCOC(=O)CCCCCCCCC,CCC=CCCOC(=O)CCCCCCCCC,fatty;fruity;green;waxy,4,leffingwell
CC/C=C/CCOC(=O)CCC(C)=O,CCC=CCCOC(=O)CCC(C)=O,apple;caramel;earthy;fruity;green,5,leffingwell
CCC/C=C/COC(=O)C(C)O,CCCC=CCOC(=O)C(C)O,fresh;green;leafy;tropical;waxy,5,leffingwell
CCCC/C=C/CCOC(=O)CC,CCCCC=CCCOC(=O)CC,bark;fruity;green;melon;pear,5,"goodscents,leffingwell"
CC/C=C/C/C=C/C/C=C/CCCCCCCC(=O)OCC,CCC=CCC=CCC=CCCCCCCCC(=O)OCC,fatty;oily,2,leffingwell
C/C=C(\C)C(=O)OCCC(C)CCC=C(C)C,CC=C(C)C(=O)OCCC(C)CCC=C(C)C,floral;fruity;geranium;leafy;rose;tea,6,"goodscents,leffingwell"
CCCCC/C=C\C/C=C\C=C\C=O,CCCCCC=CCC=CC=CC=O,citrus;fatty;fishy;fresh;fruity;metallic;oily;peel;waxy,9,"goodscents,leffingwell"
CCCCC/C=C/C=C/C(C)=O,CCCCCC=CC=CC(C)=O,cucumber;fatty;fruity;green,4,"goodscents,leffingwell"
CCCCC(=O)OCc1ccc(OC)cc1,CCCCC(=O)OCc1ccc(OC)cc1,apricot;fruity;sweet,3,"goodscents,leffingwell"
C=C(C)[C@@H]1CCC(=C)[C@@H](O)C1,C=C1CCC(C(=C)C)CC1O,citrus;herbal;minty,3,leffingwell
CCC(S)S,CCC(S)S,cooked;onion;savory;sulfur,4,"goodscents,leffingwell"
Cc1nc2c(nc1C)CCC2,Cc1nc2c(nc1C)CCC2,burnt;earthy;nutty;roasted,4,leffingwell
CSCC/C=C(/C=O)CSC,CSCCC=C(C=O)CSC,cabbage;meaty;potato;sweet;vegetable,5,leffingwell
C/C=C/c1ccc(OC(=O)CC(C)C)c(OC)c1,CC=Cc1ccc(OC(=O)CC(C)C)c(OC)c1,aromatic;fruity;herbal;spicy;sweet;woody,6,leffingwell
CCC(=O)C1=NCCS1,CCC(=O)C1=NCCS1,bread;cooked;meaty;nutty;popcorn;roasted,6,"goodscents,leffingwell"
CSSSCc1ccco1,CSSSCc1ccco1,coffee;pungent;roasted,3,leffingwell
CC1(C)C2CC=C(COC=O)C1C2,CC1(C)C2CC=C(COC=O)C1C2,oily;pine;spicy;sweet;woody,5,"goodscents,leffingwell"
CC1OC=CC1=O,CC1OC=CC1=O,bread;buttery;caramel;nutty;roasted;sweet,6,leffingwell
CC/C=C/C/C=C/CCOC(C)=O,CCC=CCC=CCCOC(C)=O,cucumber;fresh;fruity;green;melon;pear;sweet;waxy,8,"goodscents,leffingwell"
C/C=C(/C=O)c1ccccc1,CC=C(C=O)c1ccccc1,bark;cocoa;floral;honey;musty;nutty;powdery;radish;sweet,9,"goodscents,leffingwell"
C=CCc1ccc(OCC)c(OC)c1,C=CCc1ccc(OCC)c(OC)c1,herbal;musty;spicy;sweet;tea;warm,6,leffingwell
CCOC(=O)C(C)(O)c1ccccc1,CCOC(=O)C(C)(O)c1ccccc1,creamy;sweet;vanilla,3,leffingwell
CCc1ccsc1CC,CCc1ccsc1CC,meaty;onion;roasted,3,leffingwell
CCCCCCC/C=C/CCC=O,CCCCCCCC=CCCC=O,aldehydic;citrus;fishy;fruity,4,"goodscents,leffingwell"
CCCCC/C=C/CCCCC=O,CCCCCC=CCCCCC=O,citrus;fatty;pine;waxy,4,"goodscents,leffingwell"
CCC/C=C/CCCCCCC=O,CCCC=CCCCCCCC=O,citrus;fatty;waxy,3,leffingwell
CCCCC/C=C\CCCCCCC=O,CCCCCC=CCCCCCCC=O,citrus;fatty;floral;fresh;fruity;green;herbal;orange;peel;sweet;waxy,11,"goodscents,leffingwell"
C/C=C(/C)C(=O)OCCCCC,CC=C(C)C(=O)OCCCCC,apple;chamomile;floral;fruity;herbal;jasmine;sweet;winey,8,"goodscents,leffingwell"
CC(S)C(C)CO,CC(S)C(C)CO,green;meaty;onion;sulfur,4,"goodscents,leffingwell"
CCCCC/C=C\CC=O,CCCCCC=CCC=O,cucumber;fatty;green,3,"flavornet,goodscents,leffingwell"
C/C=C/CCCCCCCC=O,CC=CCCCCCCCC=O,aldehydic;citrus;clean;green;metallic;orange;ozone;rose;sweet;waxy,10,"goodscents,leffingwell"
CCCC(O)CCCC(=O)OCC,CCCC(O)CCCC(=O)OCC,fatty;fruity;pineapple;sweet,4,"goodscents,leffingwell"
CC(C)=CC/C=C(\C)CCOC(=O)CC(C)C,CC(C)=CCC=C(C)CCOC(=O)CC(C)C,apple;fruity;green;herbal;melon;oily;pineapple;rose;sweet;tropical,10,"goodscents,leffingwell"
CCCC/C=C1/OC(=O)C(C)=C1C,CCCCC=C1OC(=O)C(C)=C1C,herbal;milky;minty;spicy,4,"aromadb,goodscents,leffingwell"
CC(C)=CCC/C(C)=C/C(O)C=O,CC(C)=CCCC(C)=CC(O)C=O,floral;green;herbal;sweet,4,leffingwell
C/C=C(\C)CO,CC=C(C)CO,alcoholic;earthy;fruity;green;herbal;oily;winey,7,"goodscents,leffingwell"
CCCCCC(/C=C/c1ccccc1)OC(C)=O,CCCCCC(C=Cc1ccccc1)OC(C)=O,balsamic;chocolate;fatty;floral;fruity;grass;jasmin;leathery;spicy;sweet;tropical,11,"aromadb,goodscents,leffingwell"
CCC/C=C/CCC(=O)O,CCCC=CCCC(=O)O,fatty;fruity;green;milky;oily;waxy,6,"goodscents,leffingwell"
CCC/C=C/C=C/CCCO,CCCC=CC=CCCCO,citrus;floral;orange;waxy,4,leffingwell
C=C[C@](C)(CC/C=C(/C)CCC=C(C)C)OC(C)=O,C=CC(C)(CCC=C(C)CCC=C(C)C)OC(C)=O,citrus;floral;fresh;sweet;waxy;woody,6,"goodscents,leffingwell"
CC/C=C/CCOC(=O)CCCCCC,CCC=CCCOC(=O)CCCCCC,fatty;fruity;green;tropical;waxy,5,leffingwell
C=CC(C)(CC/C=C(\C)CC)OC(C)=O,C=CC(C)(CCC=C(C)CC)OC(C)=O,bergamot;floral;fresh;fruity;pear;rose;tropical,7,"goodscents,leffingwell"
C/C=C(/C)C(=O)OCC/C=C/CC,CC=C(C)C(=O)OCCC=CCC,apple;banana;bark;earthy;floral;fruity;green;herbal;mushroom;pear;radish;vegetable,12,"goodscents,leffingwell"
COc1ccc(/C=C\C(=O)C(C)C)cc1,COc1ccc(C=CC(=O)C(C)C)cc1,buttery;caramel;fruity,3,"goodscents,leffingwell"
O=C(/C=C\c1ccccc1)OCCCc1ccccc1,O=C(C=Cc1ccccc1)OCCCc1ccccc1,apricot;balsamic;fruity;rose;spicy;sweet,6,"goodscents,leffingwell"
C/C=C\C(=O)OCC(C)C,CC=CC(=O)OCC(C)C,alcoholic;apple;banana;brown;caramel;cognac;dry;fruity;green;pear;pineapple;ripe;rum;rummy;sweet;tropical;woody,17,"goodscents,leffingwell"
CCCOC(=O)/C=C\c1ccco1,CCCOC(=O)C=Cc1ccco1,apple;balsamic;caramel;citrus;fruity;honey;pear;spicy;strawberry;sweet;tropical,11,"goodscents,leffingwell"
CC/C(C=O)=C\c1ccco1,CCC(C=O)=Cc1ccco1,caramel;cinnamon;coconut;leathery;nutty;spicy;vanilla,7,"goodscents,leffingwell"
C/C(C=O)=C/c1ccco1,CC(C=O)=Cc1ccco1,cinnamon;herbal;medicinal;spicy;woody,5,"goodscents,leffingwell"
C=CCOC(=O)/C=C/C=C/C,C=CCOC(=O)C=CC=CC,fruity;melon;pineapple;sweet,4,"aromadb,goodscents,leffingwell"
CCCCC/C(=C/c1ccccc1)COC=O,CCCCCC(=Cc1ccccc1)COC=O,balsamic;buttery;floral;green;herbal;oily;sweet,7,"goodscents,leffingwell"
CCCCC/C(=C/c1ccccc1)COC(=O)CC(C)C,CCCCCC(=Cc1ccccc1)COC(=O)CC(C)C,floral;fruity;hay;herbal;oily;spicy;tobacco,7,"goodscents,leffingwell"
CC1=CCC(C(C)(C)OC(=O)/C=C/c2ccccc2)CC1,CC1=CCC(C(C)(C)OC(=O)C=Cc2ccccc2)CC1,balsamic;fruity;spicy;sweet;winey,5,"goodscents,leffingwell"
CCCC/C=C(/C=O)CC,CCCCC=C(C=O)CC,fatty;green;nutty,3,"goodscents,leffingwell"
CCCCCCCOC(=O)/C=C/c1ccccc1,CCCCCCCOC(=O)C=Cc1ccccc1,earthy;floral;green;hyacinth;leafy,5,"goodscents,leffingwell"
CC/C=C/CC1=C(C)C(=O)CC1,CCC=CCC1=C(C)C(=O)CC1,creamy;fatty;floral;fruity;herbal;jasmine;lactonic;spicy;sweet;waxy,10,"goodscents,leffingwell"
CCC/C=C/C(=O)OCCCCCC,CCCC=CC(=O)OCCCCCC,fatty;fruity;green;sweet;waxy,5,"goodscents,leffingwell"
C/C=C/C(C)C(=O)O,CC=CC(C)C(=O)O,cheesy;fruity;hazelnut;nutty,4,"goodscents,leffingwell"
CC(C)=CCC/C(C)=C\CS,CC(C)=CCCC(C)=CCS,berry;citrus;fruity;grapefruit;green;minty;orange;sulfur,8,"aromadb,goodscents,leffingwell"
CC/C=C\CCCC=O,CCC=CCCCC=O,cucumber;fresh;fruity;green;melon,5,"goodscents,leffingwell"
CC/C=C\CCOC(=O)C/C=C\CC,CCC=CCCOC(=O)CC=CCC,apple;fruity;green;leaf;leafy;melon;metallic;pear;tomato;tropical;violet,11,"goodscents,leffingwell"
C/C=C/CCCCCCCC(=O)OC,CC=CCCCCCCCC(=O)OC,cognac;earthy;fatty;floral;green;musty;rose;waxy,8,"goodscents,leffingwell"
CC(C)/C=C(/C=O)c1ccccc1,CC(C)C=C(C=O)c1ccccc1,chocolate;cocoa;floral;honey;nutty;powdery;rose;sweet,8,"goodscents,leffingwell"
C/C=C(/C=O)CSC,CC=C(C=O)CSC,burnt;cabbage;cooked;onion;potato;sulfur,6,"goodscents,leffingwell"
CCC/C=C/C(=O)OCCC,CCCC=CC(=O)OCCC,fresh;fruity;green,3,leffingwell
CC/C=C/CCC1(C)CCC(=O)O1,CCC=CCCC1(C)CCC(=O)O1,buttery;coconut;creamy;fatty;floral;green;jasmin;jasmine;milky;nutty;oily;waxy,12,"goodscents,leffingwell"
CCC/C=C/C(OC)OC,CCCC=CC(OC)OC,apple;fruity;green,3,"aromadb,goodscents,leffingwell"
CCC/C=C/C=C/CO,CCCC=CC=CCO,chicken;creamy;fatty;melon;waxy,5,"goodscents,leffingwell"
CCCCCCC/C=C/C=C/CO,CCCCCCCC=CC=CCO,chicken;fatty;fruity;green;waxy,5,"goodscents,leffingwell"
C/C=C(\C)COC(C)=O,CC=C(C)COC(C)=O,banana;fruity;green,3,leffingwell
C=C1/C=C/C(C(C)C)CC/C(C)=C/CC1,C=C1C=CC(C(C)C)CCC(C)=CCC1,hay;herbal;minty;rose;spicy;tea;tobacco;woody,8,"aromadb,flavornet,goodscents,leffingwell"
CC1=CCCC(C)(C)C1/C=C\C(C)C=O,CC1=CCCC(C)(C)C1C=CC(C)C=O,orris;woody,2,leffingwell
CCCCCC/C=C\C=C/CO,CCCCCCC=CC=CCO,fatty,1,"goodscents,leffingwell"
CC(C)=CCC/C(C)=C/COCC=O,CC(C)=CCCC(C)=CCOCC=O,aldehydic;clean;floral;fresh;ozone;rose;sweet;waxy,8,"goodscents,leffingwell"
C/C=C/C(=O)OCC/C=C/CC,CC=CC(=O)OCCC=CCC,apple;chemical;fresh;fruity;green;metallic;tropical;vegetable,8,"goodscents,leffingwell"
CC/C=C/CC1CCCC1=O,CCC=CCC1CCCC1=O,apricot;balsamic;coconut;coumarinic;creamy;floral;fruity;lactonic;milky;peach,10,"goodscents,leffingwell"
CC/C=C/CCOC(=O)OC,CCC=CCCOC(=O)OC,apple;floral;green;leafy;violet;waxy,6,"goodscents,leffingwell"
CC/C=C/CC/C=C/C(OCC)OCC,CCC=CCCC=CC(OCC)OCC,cucumber;fresh;green;melon;oily;violet,6,"goodscents,leffingwell"
CCC/C=C/CCOC(=O)C(C)C,CCCC=CCCOC(=O)C(C)C,apple;fruity;green,3,leffingwell
CC(C)=CCC/C(C)=C/COC(=O)c1ccccc1N,CC(C)=CCCC(C)=CCOC(=O)c1ccccc1N,floral;fruity;geranium;rose,4,"goodscents,leffingwell"
CC1=CCC(/C=C\C(C)C(C)O)C1(C)C,CC1=CCC(C=CC(C)C(C)O)C1(C)C,musk;sandalwood;woody,3,"goodscents,leffingwell"
C/C=C(\C)C(=O)OC1CC(C)CCC1C(C)C,CC=C(C)C(=O)OC1CC(C)CCC1C(C)C,floral;fruity;herbal;sweet,4,leffingwell
CCC(C)COC(=O)/C=C/c1ccccc1,CCC(C)COC(=O)C=Cc1ccccc1,balsamic;berry;cocoa;floral;fruity;sweet,6,leffingwell
CCCCCCOC(=O)/C=C/c1ccccc1,CCCCCCOC(=O)C=Cc1ccccc1,balsamic;fruity;herbal;warm,4,"goodscents,leffingwell"
CCCCCC[C@@H](O)C/C=C\CCCCCCCC(=O)OCC,CCCCCCC(O)CC=CCCCCCCCC(=O)OCC,fatty;oily,2,leffingwell
CC(C)=CCC/C(C)=C/CC1CCCC1=O,CC(C)=CCCC(C)=CCC1CCCC1=O,apricot;floral;fresh;fruity;jammy;peach;plum;ripe;sweet;tropical;warm,11,"goodscents,leffingwell"
CC(C)=CCC/C(C)=C/C1OC(C)CC(C)(C)O1,CC(C)=CCCC(C)=CC1OC(C)CC(C)(C)O1,citrus;herbal;lemon;oily,4,leffingwell
CC(=O)OC(C)/C(C)=C/C1C(C)=CCCC1(C)C,CC(=O)OC(C)C(C)=CC1C(C)=CCCC1(C)C,aromatic;berry;floral;fruity;powdery;vetiver;violet;woody,8,"goodscents,leffingwell"
CCC/C=C/COC(=O)c1ccccc1O,CCCC=CCOC(=O)c1ccccc1O,aromatic;balsamic;floral;fresh;green;woody,6,"goodscents,leffingwell"
CC(C)=CCC/C(C)=C/C1OCC(CO)O1,CC(C)=CCCC(C)=CC1OCC(CO)O1,lemon,1,leffingwell
C/C=C/C=C1\C(C)=CC(=O)CC1(C)C,CC=CC=C1C(C)=CC(=O)CC1(C)C,dry;fruity;hay;nut;skin;spicy;sweet;tobacco;woody,9,"goodscents,leffingwell"
CCC(C)C(=O)OC/C=C(\C)CCC=C(C)C,CCC(C)C(=O)OCC=C(C)CCC=C(C)C,apple;fruity;peach;rose;sweet,5,"goodscents,leffingwell"
C/C=C/c1ccc(OCCCCC)c(OC)c1,CC=Cc1ccc(OCCCCC)c(OC)c1,balsamic;floral;spicy;sweet;tea,5,"goodscents,leffingwell"
CCCC/C=C/CCCCC(=O)OCCC(C)C,CCCCC=CCCCCC(=O)OCCC(C)C,brandy;floral;herbal;rose;waxy;winey,6,"goodscents,leffingwell"
C/C=C/C(=O)C1CCC(C)(C)C=C1C,CC=CC(=O)C1CCC(C)(C)C=C1C,apple;floral;fruity;plum;rose;tobacco,6,"goodscents,leffingwell"
CC/C=C/CC1CCCC(=O)O1,CCC=CCC1CCCC(=O)O1,apricot;coconut;creamy;fatty;floral;fruity;jasmin;jasmine;lactonic;milky;oily;peach;tropical;waxy,14,"aromadb,goodscents,leffingwell"
CCCCC/C=C\C=C\C(=O)OCCCC,CCCCCC=CC=CC(=O)OCCCC,fatty;fruity;green;pear,4,leffingwell
C/C=C/CCC1CCCC(=O)O1,CC=CCCC1CCCC(=O)O1,apricot;coconut;floral;fruity;jasmin;oily;peach,7,"goodscents,leffingwell"
CCCCCCCCC/C=C/COC(C)=O,CCCCCCCCCC=CCOC(C)=O,citrus;fatty;fresh;fruity,4,"goodscents,leffingwell"
CC/C=C\C/C=C/C=C/C=O,CCC=CCC=CC=CC=O,citrus;fatty;fishy;green,4,"aromadb,goodscents,leffingwell"
CC/C=C(/C=O)c1ccccc1,CCC=C(C=O)c1ccccc1,cocoa;floral;green;honey;hyacinth;radish;sweet,7,"goodscents,leffingwell"
CC/C=C/COC(=O)CCCCC,CCC=CCOC(=O)CCCCC,banana;fruity;green;tropical;waxy,5,leffingwell
C=C1C=CCC(C)(C)C12CCC(C)O2,C=C1C=CCC(C)(C)C12CCC(C)O2,earthy;floral;fruity;green;winey;woody,6,"goodscents,leffingwell"
CCC(C)(CCC=C(C)C)OC(C)=O,CCC(C)(CCC=C(C)C)OC(C)=O,citrus;floral;fruity;sweet,4,leffingwell
CCCCCCC1COC(=O)CO1,CCCCCCC1COC(=O)CO1,buttery;creamy;fatty;nutty;sweet,5,"goodscents,leffingwell"
CCOC(C)OCc1ccccc1,CCOC(C)OCc1ccccc1,fruity;green;sweet,3,leffingwell
CC(=O)/C=C(\C)CCC=C(C)C,CC(=O)C=C(C)CCC=C(C)C,citrus;floral;fresh;fruity;grapefruit;lemon;rose,7,"goodscents,leffingwell"
C/C=C/C=C/COC(=O)CCC,CC=CC=CCOC(=O)CCC,buttery;cheesy;fruity;green;milky;winey,6,"goodscents,leffingwell"
CC(C)=CCC/C(C)=C/CCC(C)C=O,CC(C)=CCCC(C)=CCCC(C)C=O,aldehydic;floral;fresh;green;hyacinth;muguet;waxy,7,"goodscents,leffingwell"
C/C=C(\C=O)CCCC,CC=C(C=O)CCCC,cooked;fatty;hazelnut;roasted;sweet,5,"aromadb,goodscents,leffingwell"
CC/C=C\CCCC(=O)OC,CCC=CCCCC(=O)OC,coconut;creamy;fruity;green;milky;sweet;tropical;vegetable;woody,9,"goodscents,leffingwell"
CC(C)C(=O)OC[C@@H](C)c1ccccc1,CC(C)C(=O)OCC(C)c1ccccc1,balsamic;floral;fruity;pineapple;sweet;tropical,6,"goodscents,leffingwell"
CCCC[C@@H](C)CCC(=O)O,CCCCC(C)CCC(=O)O,cheesy;creamy;fatty;fresh;lactonic;meaty;milky;musty;plastic;waxy,10,"goodscents,leffingwell"
CCCCC[C@@H](C)CCC(=O)O,CCCCCC(C)CCC(=O)O,chicken;fatty;meaty;milky,4,"goodscents,leffingwell"
CCCC[C@@H](CC)CCC(=O)O,CCCCC(CC)CCC(=O)O,cheesy;fatty;fresh;milky,4,"goodscents,leffingwell"
CC1=N[C@@H](C)O[C@H]1C,CC1=NC(C)OC1C,cocoa;green;musty;nutty;vegetable;woody,6,leffingwell
CCCC[C@@H](C)C(=O)O,CCCCC(C)C(=O)O,acidic;cheesy;chicken;fatty;fruity;oily;roasted;savory;sour,9,"goodscents,leffingwell"
CCCC(=O)OC[C@@H](C)c1ccccc1,CCCC(=O)OCC(C)c1ccccc1,apricot;floral;fruity;rummy;spicy;sweet;woody,7,"goodscents,leffingwell"
C=CC[C@H](C)C(=O)O,C=CCC(C)C(=O)O,cheesy;fruity;strawberry,3,"goodscents,leffingwell"
C[C@@H]1CC(C)(C)CC(=O)C1=O,CC1CC(C)(C)CC(=O)C1=O,caramel;musty;sweet;tea,4,leffingwell
C[C@@H]1CCC2=C1N=CCN2,CC1CCC2=C1N=CCN2,earthy;hazelnut;nutty;potato;roasted,5,leffingwell
CC[C@@H](C)SS[C@@H](C)CC,CCC(C)SSC(C)CC,garlic;green;meaty;savory;sulfur;vegetable,6,"aromadb,goodscents,leffingwell"
CCCCCCC(=O)OC(C)CCC,CCCCCCC(=O)OC(C)CCC,apple;banana;fruity;green;oily;pear;winey,7,leffingwell
C=CCSSSSSSCC=C,C=CCSSSSSSCC=C,garlic;onion;roasted;savory;sulfur,5,leffingwell
C=CCSSSSSCC=C,C=CCSSSSSCC=C,garlic;onion;roasted;savory;sulfur,5,leffingwell
CC1CCC(C(C)C)C(OC(=O)CCC(=O)O)C1,CC1CCC(C(C)C)C(OC(=O)CCC(=O)O)C1,odorless,1,"goodscents,leffingwell"
CCCCCCC(O)S,CCCCCCC(O)S,fruity;tropical;vegetable,3,leffingwell
CCCC(=S)OCC,CCCC(=S)OCC,cheesy;cocoa;fruity,3,leffingwell
CCCCC1(CCCC)CCC(=O)O1,CCCCC1(CCCC)CCC(=O)O1,buttery;coconut;oily,3,"goodscents,leffingwell"
O=CCC1CCOC1=O,O=CCC1CCOC1=O,burnt;caramel,2,leffingwell
CCCCNc1ccccc1C(=O)OC,CCCCNc1ccccc1C(=O)OC,grape,1,leffingwell
CCOC(CS)OCC,CCOC(CS)OCC,meaty,1,leffingwell
CCCCCCC1=CCC(=O)O1,CCCCCCC1=CCC(=O)O1,fatty;fruity;milky,3,leffingwell
CCC(=O)N1C=CCC1,CCC(=O)N1C=CCC1,bread;nutty;popcorn;roasted,4,leffingwell
C=C1CC[C@@]23C[C@@H]1C(C)(C)[C@@H]2CC[C@H]3C,C=C1CCC23CC1C(C)(C)C2CCC3C,fatty;sweet;woody,3,leffingwell
CC(C)CCCCCCCCCCCCCC=O,CC(C)CCCCCCCCCCCCCC=O,fatty,1,leffingwell
CCCCC(OC(C)=O)C(=O)OC,CCCCC(OC(C)=O)C(=O)OC,apple;fruity;pineapple,3,leffingwell
CCC(C)(S)CC(C)=O,CCC(C)(S)CC(C)=O,black;currant;floral;fruity;meaty;sulfur,6,"goodscents,leffingwell"
CCCCC/C=C\CCCC(=O)O,CCCCCC=CCCCC(=O)O,fatty;green;milky;waxy,4,leffingwell
CCC(=O)CC(C)(C)S,CCC(=O)CC(C)(C)S,apricot;black;citrus;currant;fruity;grape;peach;plum;sulfur;tropical,10,"goodscents,leffingwell"
C=CCOC(=O)C(C)(C)C,C=CCOC(=O)C(C)(C)C,fruity;green;herbal;tropical,4,leffingwell
C=CC1=C(C=O)CCCC1,C=CC1=C(C=O)CCCC1,fruity;green,2,leffingwell
CCCCCCCC(=S)OC,CCCCCCCC(=S)OC,cabbage;cheesy,2,leffingwell
CC(=O)OCCCCCCCS,CC(=O)OCCCCCCCS,citrus;fruity;peach;tea,4,leffingwell
CCCCCCCCCC(=S)OC,CCCCCCCCCC(=S)OC,cabbage,1,leffingwell
CCCCCCCCCCCCC(C)C=O,CCCCCCCCCCCCC(C)C=O,beefy;fatty;meaty,3,leffingwell
CC(C)C(=O)OC(C)(C)c1ccccc1,CC(C)C(=O)OC(C)(C)c1ccccc1,apricot;dry;fruity;green;peach;plum;sweet,7,"aromadb,goodscents,leffingwell"
C/C(=C\C=O)CCC1CC1(C)C,CC(=CC=O)CCC1CC1(C)C,citrus;lemon,2,"goodscents,leffingwell"
CC1[C@H](O)C[C@@]2(C(C)C)C[C@H]12,CC1C(O)CC2(C(C)C)CC12,camphoreous;minty;spicy,3,"goodscents,leffingwell"
CC/C=C/CCC1CCCC(=O)O1,CCC=CCCC1CCCC(=O)O1,buttery;coconut;creamy;floral;fruity;jasmine;milky;peach;plum;sweet,10,"goodscents,leffingwell"
CC(C)=CCCC(C)CC1OCCO1,CC(C)=CCCC(C)CC1OCCO1,floral;green;herbal;sweet,4,leffingwell
CC1COC(C)(C(C)O)O1,CC1COC(C)(C(C)O)O1,buttery;fatty;fruity,3,"goodscents,leffingwell"
CCCC[C@H](S)CCOC,CCCCC(S)CCOC,black;currant;fatty;fruity;green;herbal;sulfur;tropical,8,"goodscents,leffingwell"
CCCCCC(C=O)SC,CCCCCC(C=O)SC,citrus;green;roasted;savory;sulfur;tropical,6,leffingwell
CC(C)C(C=O)c1ccccc1,CC(C)C(C=O)c1ccccc1,fruity;green,2,"goodscents,leffingwell"
CCCCCC(=O)OC(C)CC,CCCCCC(=O)OC(C)CC,fruity,1,leffingwell
CCCCSSSCCCC,CCCCSSSCCCC,garlic;onion,2,leffingwell
CCCCCOC(C)OC,CCCCCOC(C)OC,alcoholic;cognac;ethereal;green;vegetable,5,leffingwell
CCCCOC(C)OC,CCCCOC(C)OC,alcoholic;cognac;ethereal;green;vegetable,5,leffingwell
CC1=CC(=O)CO1,CC1=CC(=O)CO1,bread;buttery;caramel;herbaceous;nutty;roasted;sweet,7,"goodscents,leffingwell"
CCCOC(CC(C)C)OCCC,CCCOC(CC(C)C)OCCC,cocoa;ethereal;fermented;fruity;green;malty,6,leffingwell
CCCCCCCCCC(=O)OC1CC(C)CCC1C(C)C,CCCCCCCCCC(=O)OC1CC(C)CCC1C(C)C,floral;herbal;minty,3,leffingwell
CCCCCCCCCCc1ccco1,CCCCCCCCCCc1ccco1,aldehydic;fatty;spicy,3,"aromadb,goodscents,leffingwell"
CCCCCCCCCCC(C(C)=O)C(=O)OCC,CCCCCCCCCCC(C(C)=O)C(=O)OCC,floral;fruity;waxy,3,leffingwell
CSCc1cccs1,CSCc1cccs1,garlic;mushroom;onion;savory;sulfur,5,leffingwell
CCOC(OC)c1ccccc1,CCOC(OC)c1ccccc1,almond;green,2,leffingwell
Cc1ccoc1CS,Cc1ccoc1CS,coffee;roasted;sulfur,3,leffingwell
CC(=O)C(C)Sc1ccoc1C,CC(=O)C(C)Sc1ccoc1C,floral;spicy;sweet,3,"goodscents,leffingwell"
CCNc1ccccc1C(=O)OC,CCNc1ccccc1C(=O)OC,citrus;grape,2,leffingwell
CCOC(=O)C(CC)COC(C)=O,CCOC(=O)C(CC)COC(C)=O,apple;fruity;pineapple;tropical,4,leffingwell
CCCCCCCCC(O)C(=O)OCC,CCCCCCCCC(O)C(=O)OCC,fruity,1,leffingwell
CCOC(=O)C(S)CC,CCOC(=O)C(S)CC,black;currant;fruity;grape;green;sweet;tropical,7,leffingwell
CCC(=O)C(O)c1ccccc1,CCC(=O)C(O)c1ccccc1,caramel;creamy;floral;sweet,4,leffingwell
CCCCCC1OC(=O)C(C)=C1C,CCCCCC1OC(=O)C(C)=C1C,green;tea,2,leffingwell
CCOC(=O)CC(C)(OCC)OCC,CCOC(=O)CC(C)(OCC)OCC,apple;fresh;fruity,3,leffingwell
CCC/C=C/CC(C)=O,CCCC=CCC(C)=O,earthy;fatty;fruity;green;herbal;milky;spicy,7,leffingwell
CCOC(=O)c1ccccc1CO,CCOC(=O)c1ccccc1CO,animal;floral,2,leffingwell
COC(=O)C1OC1c1ccc(C)cc1,COC(=O)C1OC1c1ccc(C)cc1,berry;fruity;sweet,3,leffingwell
CC(O)C(C)CS,CC(O)C(C)CS,fruity;meaty;onion;savory;sulfur,5,"goodscents,leffingwell"
CCCCOC(CC(C)C)OCCCC,CCCCOC(CC(C)C)OCCCC,cocoa;fermented;fruity;green;herbal;malty,6,leffingwell
CC(=O)C1=CNCCS1,CC(=O)C1=CNCCS1,nutty;popcorn;roasted,3,leffingwell
CCC(OC(C)=O)C(=O)OC,CCC(OC(C)=O)C(=O)OC,apple;fruity;pineapple;tropical,4,leffingwell
CCCCCCC(=O)C(=O)CC,CCCCCCC(=O)C(=O)CC,caramel;fruity;green;hay;tea,5,leffingwell
CCCCC(=O)CCO,CCCCC(=O)CCO,cheesy;green;pungent;roasted,4,leffingwell
CCCCCC1OC1C=O,CCCCCC1OC1C=O,aldehydic;citrus;fatty;fruity;soap,5,"goodscents,leffingwell"
COC(=S)C(C)C,COC(=S)C(C)C,fruity;sulfur,2,leffingwell
CCCC/C=C\CC=O,CCCCC=CCC=O,fresh;fruity;green,3,leffingwell
CCCC/C=C\CCCC=O,CCCCC=CCCCC=O,citrus;fatty;fresh;fruity;green;melon,6,leffingwell
CC[C@@H](C)CCCCCCCCC=O,CCC(C)CCCCCCCCC=O,citrus;fatty;waxy,3,leffingwell
CCC(C)C(=S)OC,CCC(C)C(=S)OC,cheesy;fruity;ripe;sulfur;tropical;vegetable,6,leffingwell
CCCCOC(=O)C(C)S,CCCCOC(=O)C(C)S,brothy;fruity;meaty;sulfur;tropical;vegetable,6,leffingwell
CCC(S)C(=O)OC,CCC(S)C(=O)OC,black;currant;fruity;green;sweet;tropical,6,leffingwell
CCOC(=O)C(C)(O)C(=O)CC,CCOC(=O)C(C)(O)C(=O)CC,buttery;milky;sour;sweet,4,leffingwell
CCCC(=O)C(C)(O)C(=O)OCC,CCCC(=O)C(C)(O)C(=O)OCC,buttery;fruity;sour;sweet,4,leffingwell
CCC(C)CCCCC=O,CCC(C)CCCCC=O,citrus;fatty;green;juicy;orange;sweet,6,"goodscents,leffingwell"
C=CC(=C)CC/C=C(\C)C=O,C=CC(=C)CCC=C(C)C=O,fresh;fruity;green,3,leffingwell
CC(C)=CCCC(C)CC(C)(C)O,CC(C)=CCCC(C)CC(C)(C)O,citrus;floral;grapefruit,3,"goodscents,leffingwell"
CC(C)CC1N=CCS1,CC(C)CC1N=CCS1,green,1,leffingwell
CCCCCCOC(=O)CCC(C)=O,CCCCCCOC(=O)CCC(C)=O,caramel;fruity;warm;winey,4,leffingwell
C=CCOC(=O)C(C)=O,C=CCOC(=O)C(C)=O,burnt;caramel;ethereal;fruity;rum;sweet,6,leffingwell
CCCCCCCCCCC(OC(C)=O)C(=O)OC,CCCCCCCCCCC(OC(C)=O)C(=O)OC,buttery;fatty;peach,3,leffingwell
CC(C)(OC=O)c1ccccc1,CC(C)(OC=O)c1ccccc1,floral;fruity,2,leffingwell
CC(=O)OCCCCS,CC(=O)OCCCCS,cheesy;fruity;garlic;hazelnut;pungent,5,leffingwell
COC(=O)CCSCc1ccco1,COC(=O)CCSCc1ccco1,coffee;earthy;fruity;meaty;nutty;roasted;sulfur;sweet,8,"goodscents,leffingwell"
CCOC(=O)C(C)CS,CCOC(=O)C(C)CS,fruity;sulfur;tropical,3,leffingwell
CCOC(=O)SCc1ccco1,CCOC(=O)SCc1ccco1,floral;spicy;sulfur,3,"goodscents,leffingwell"
O=C(CCc1ccccc1)c1ccc[nH]1,O=C(CCc1ccccc1)c1ccc[nH]1,caramel;vanilla,2,leffingwell
CC(C)CCSSSCCC(C)C,CC(C)CCSSSCCC(C)C,garlic;onion;sulfur,3,"aromadb,goodscents,leffingwell"
CCCSSCc1ccco1,CCCSSCc1ccco1,garlic;meaty;roasted;savory;sulfur,5,"goodscents,leffingwell"
CSC/C(C=O)=C/c1ccccc1,CSCC(C=O)=Cc1ccccc1,cabbage;green;onion;vegetable;weedy,5,"goodscents,leffingwell"
C=C(C)CCCC(C)CCOC(=O)CC(C)C,C=C(C)CCCC(C)CCOC(=O)CC(C)C,floral;fruity;rose,3,"goodscents,leffingwell"
c1cnc(CC2CCCCC2)cn1,c1cnc(CC2CCCCC2)cn1,cocoa;earthy;green;musty;nutty,5,"aromadb,goodscents,leffingwell"
C/C=C/C(=O)OC(C)(C)Cc1ccccc1,CC=CC(=O)OC(C)(C)Cc1ccccc1,fruity;herbal;spicy;warm,4,"goodscents,leffingwell"
CCCC(=O)Oc1c(CC)occc1=O,CCCC(=O)Oc1c(CC)occc1=O,berry;caramel;fruity,3,leffingwell
CCCCCCCCCCCCCCCCCC(=O)OC1CC(C)CCC1C(C)C,CCCCCCCCCCCCCCCCCC(=O)OC1CC(C)CCC1C(C)C,odorless;waxy,2,leffingwell
C=C(C)C1CC=C(C)C(OC(=O)CCC)C1,C=C(C)C1CC=C(C)C(OC(=O)CCC)C1,fruity;herbal;minty,3,leffingwell
CC1(C)CSSSS1,CC1(C)CSSSS1,garlic;onion;sulfur,3,leffingwell
CCCC(=O)CSC,CCCC(=O)CSC,fruity;sulfur;sweet;vegetable,4,leffingwell
Cc1cccc2c1C(C)C(=O)O2,Cc1cccc2c1C(C)C(=O)O2,coconut;coumarinic;hay;sweet,4,leffingwell
CCCOS(C)=S,CCCOS(C)=S,fresh;garlic,2,leffingwell
CC(=O)OC(O)c1ccccc1,CC(=O)OC(O)c1ccccc1,floral;green;phenolic,3,leffingwell
CC1OCCC(C)(C)S1,CC1OCCC(C)(C)S1,green;herbal;sulfur;terpenic;tropical;woody,6,"goodscents,leffingwell"
CC1(C)CCOCS1,CC1(C)CCOCS1,fruity;herbal;meaty;spicy;sulfur;tropical,6,leffingwell
C=CCOC(=O)CCC(C)C,C=CCOC(=O)CCC(C)C,apple;fatty;fruity;pineapple,4,leffingwell
CCC(C)COC(=O)CC(O)C(=O)OCC(C)CC,CCC(C)COC(=O)CC(O)C(=O)OCC(C)CC,fatty;fermented;fruity;oily;winey,5,leffingwell
CCC(C)C(=O)OCCCCO,CCC(C)C(=O)OCCCCO,fruity,1,leffingwell
CC(C)CCCCOC(=O)C(C)C,CC(C)CCCCOC(=O)C(C)C,fruity;herbal;oily;winey,4,leffingwell
CCCC(=O)OCCCCO,CCCC(=O)OCCCCO,fruity,1,leffingwell
CCCC(=O)Oc1ccco1,CCCC(=O)Oc1ccco1,buttery;caramel;strawberry,3,leffingwell
CCOC(=O)C(CC)CS,CCOC(=O)C(CC)CS,fruity;ripe;sweet;tropical,4,leffingwell
CCC(C)C(=O)S,CCC(C)C(=O)S,cheesy;fruity;sulfur,3,leffingwell
CCCC(=O)OC(C)Cc1ccccc1,CCCC(=O)OC(C)Cc1ccccc1,floral;spicy,2,leffingwell
CCCCC1OC1C=O,CCCCC1OC1C=O,citrus;fatty;grassy;green,4,"goodscents,leffingwell"
CCC(OCC(C)C)OCC(C)C,CCC(OCC(C)C)OCC(C)C,alcoholic;ethereal;fermented;green,4,leffingwell
CCOC(CC)OCC(C)C,CCOC(CC)OCC(C)C,cognac;ethereal;green,3,leffingwell
CCOC(CC)OC,CCOC(CC)OC,brandy;cognac;ethereal,3,leffingwell
CCCCC(O)S,CCCCC(O)S,brothy;citrus;grapefruit;green,4,leffingwell
CCC(C)CCCCCCC=O,CCC(C)CCCCCCC=O,aldehydic;citrus;cucumber;fresh;green;rose;sweet,7,"goodscents,leffingwell"
CSC(C)CC(=O)C1=C(C)CCCC1(C)C,CSC(C)CC(=O)C1=C(C)CCCC1(C)C,cocoa;fruity;sweet;tea;tobacco,5,"goodscents,leffingwell"
CC1CC(S)C(C)O1,CC1CC(S)C(C)O1,meaty;onion;roasted;sulfur,4,"goodscents,leffingwell"
CCC(C)C(=O)OCc1ccco1,CCC(C)C(=O)OCc1ccco1,fruity,1,leffingwell
C=CC=CCCCCCC,C=CC=CCCCCCC,gasoline;green;herbal;oily,4,leffingwell
CCc1cnc(C(C)=O)cn1,CCc1cnc(C(C)=O)cn1,nutty;popcorn,2,leffingwell
CCCCCCCCCCCC(=O)OCCC(C)CCC=C(C)C,CCCCCCCCCCCC(=O)OCCC(C)CCC=C(C)C,floral;odorless;waxy,3,leffingwell
Cc1nc(CC(C)C)cs1,Cc1nc(CC(C)C)cs1,fruity;green;nutty;tropical,4,leffingwell
CCCCSSS,CCCCSSS,horseradish;onion;radish,3,leffingwell
CSC(C)c1ccco1,CSC(C)c1ccco1,coffee;onion,2,leffingwell
CCOC(=S)C(C)CC,CCOC(=S)C(C)CC,cheesy;earthy;fruity;ripe;sulfur;tropical;vegetable,7,leffingwell
CC(C)CC1SSC(CC(C)C)S1,CC(C)CC1SSC(CC(C)C)S1,nutty;roasted,2,"goodscents,leffingwell"
CC(C)=C(C)C1CCCCO1,CC(C)=C(C)C1CCCCO1,camphoreous;fresh;herbal,3,leffingwell
C=CCCCC1CCCC(=O)O1,C=CCCCC1CCCC(=O)O1,buttery;creamy;nutty;sweet,4,"aromadb,goodscents,leffingwell"
CCCCC1(OC(C)=O)CCCCC1,CCCCC1(OC(C)=O)CCCCC1,floral;fruity;woody,3,leffingwell
CSSc1ccccc1C,CSSc1ccccc1C,meaty;roasted;sulfur,3,"goodscents,leffingwell"
CC(C)=CCC/C(C)=C/C(C)(C)O,CC(C)=CCCC(C)=CC(C)(C)O,earthy;herbal;melon;pine,4,"goodscents,leffingwell"
CSC/C(C=O)=C/CC(C)C,CSCC(C=O)=CCC(C)C,herbal;meaty;onion;spicy,4,"goodscents,leffingwell"
CCCCOC(CCCC)OCCCC,CCCCOC(CCCC)OCCCC,alcoholic;fermented;green;nutty;sweet,5,"goodscents,leffingwell"
CCCCCOC(CCCCC)OCCCCC,CCCCCOC(CCCCC)OCCCCC,apple;cognac;green;oily,4,leffingwell
C=CCOC(=O)CC1CCCCC1,C=CCOC(=O)CC1CCCCC1,apricot;fruity;green;peach;pineapple;ripe;sweet;waxy,8,"goodscents,leffingwell"
C/C=C/C=C/C(=O)OCCCCCC,CC=CC=CC(=O)OCCCCCC,fruity;green;tropical;waxy,4,leffingwell
CCCCCc1nccs1,CCCCCc1nccs1,cocoa;earthy;fatty;green;nutty;vegetable,6,leffingwell
CCCC(=O)OCCCCC(C)C,CCCC(=O)OCCCCC(C)C,fruity;herbal;oily;winey,4,leffingwell
CCC(O)C(=O)OC1CC(C)CCC1C(C)C,CCC(O)C(=O)OC1CC(C)CCC1C(C)C,fresh,1,leffingwell
CC(=O)OCCCCC(C)C,CC(=O)OCCCCC(C)C,fruity;green;minty;sweet,4,"goodscents,leffingwell"
CCCOC(=O)C(C)S,CCCOC(=O)C(C)S,cooked;fruity;meaty;potato;roasted;strawberry;tropical,7,"goodscents,leffingwell"
CCCCCCOC(=O)C(S)CC,CCCCCCOC(=O)C(S)CC,fruity;grapefruit;green;herbal;tropical,5,leffingwell
CCCOS(=O)(=S)CCC,CCCOS(=O)(=S)CCC,fresh;onion,2,leffingwell
CC(=O)Cc1ccc[nH]1,CC(=O)Cc1ccc[nH]1,burnt;earthy;fruity;meaty;roasted,5,leffingwell
CCCCCC(CC)OC=O,CCCCCC(CC)OC=O,apple;citrus;floral;fruity;green;juicy;pear;pine;tropical;vegetable;waxy,11,"goodscents,leffingwell"
CCC1(C)COC(=O)O1,CCC1(C)COC(=O)O1,ethereal;milky,2,leffingwell
CSSCC(C)=O,CSSCC(C)=O,green;onion;sulfur;sweet,4,"goodscents,leffingwell"
CC(C)CCOC(=O)C(C)c1ccccc1,CC(C)CCOC(=O)C(C)c1ccccc1,balsamic;fruity;sweet,3,leffingwell
CC(C)C=NCc1ccco1,CC(C)C=NCc1ccco1,aldehydic;chocolate;floral;green,4,leffingwell
CC(C)C1CCC(C)(S)CC1=O,CC(C)C1CCC(C)(S)CC1=O,citrus,1,"goodscents,leffingwell"
CCCCc1sc(C)nc1C,CCCCc1sc(C)nc1C,green;nutty;roasted;vegetable,4,leffingwell
CC1CC(C)c2nccnc21,CC1CC(C)c2nccnc21,burnt;earthy;nutty;roasted,4,leffingwell
CCCC(=O)CCCC(=O)OCC,CCCC(=O)CCCC(=O)OCC,fruity,1,leffingwell
Cc1occc1SSSSc1ccoc1C,Cc1occc1SSSSc1ccoc1C,beefy;meaty;sulfur,3,"goodscents,leffingwell"
CC(=O)OCCCCCCSC(C)=O,CC(=O)OCCCCCCSC(C)=O,fruity;sulfur;tropical,3,leffingwell
C/C=C/C=C/C(=O)OCCC(C)C,CC=CC=CC(=O)OCCC(C)C,fruity;green;tropical;waxy;winey,5,leffingwell
CSSCc1ccc(C)o1,CSSCc1ccc(C)o1,coffee;garlic;pungent;roasted;sulfur,5,leffingwell
CC(=O)CCc1nccs1,CC(=O)CCc1nccs1,burnt;nutty;roasted,3,leffingwell
CCCC1OCCC(C)S1,CCCC1OCCC(C)S1,fruity;garlic;onion;pear;sulfur;sweet,6,"goodscents,leffingwell"
CCCCCC(=O)OCCCSC,CCCCCC(=O)OCCCSC,fruity;onion;pineapple;savory;sulfur;tropical,6,"goodscents,leffingwell"
CSCCCOC(=O)CS,CSCCCOC(=O)CS,brothy;creamy;fatty;garlic;meaty;nutty;onion;radish;savory;sweet,10,"goodscents,leffingwell"
CC(C)CC1NC(CC(C)C)SC(CC(C)C)S1,CC(C)CC1NC(CC(C)C)SC(CC(C)C)S1,chocolate;fatty;meaty;potato;roasted;savory;smoky,7,"goodscents,leffingwell"
CNc1ccccc1C(=O)OCCc1ccccc1,CNc1ccccc1C(=O)OCCc1ccccc1,citrus;grapefruit;orange,3,leffingwell
CCCCCCCCCC=CC(=O)OCC,CCCCCCCCCC=CC(=O)OCC,fatty;green;melon;pear,4,leffingwell
CCCCC(OCC(C)C)OCC(C)C,CCCCC(OCC(C)C)OCC(C)C,alcoholic;fermented;green,3,leffingwell
CCOC(CC)OCCC(C)C,CCOC(CC)OCCC(C)C,alcoholic;ethereal;fermented;green,4,leffingwell
CCCCCOC(CCC)OCC,CCCCCOC(CCC)OCC,alcoholic;cognac;ethereal;fermented;green,5,leffingwell
CCCOC(OCC)C(C)C,CCCOC(OCC)C(C)C,alcoholic;cocoa;ethereal;fermented;green;malty,6,leffingwell
CCCCCCOC(C)OCCC(C)C,CCCCCCOC(C)OCCC(C)C,alcoholic;apple;ethereal;fruity;green;sweet,6,"aromadb,goodscents,leffingwell"
CC(=O)c1cnc(C)c(C)n1,CC(=O)c1cnc(C)c(C)n1,aromatic;green;nutty;roasted,4,"goodscents,leffingwell"
CCc1cncc(C(C)=O)n1,CCc1cncc(C(C)=O)n1,hazelnut;nutty;popcorn,3,leffingwell
CCCCCCCC=C(C=O)CCCCCC,CCCCCCCC=C(C=O)CCCCCC,metallic;orange,2,leffingwell
CC=CC(=O)OCc1ccco1,CC=CC(=O)OCc1ccco1,earthy;mushroom,2,leffingwell
CCCSSSCC,CCCSSSCC,garlic;green;onion;pungent;roasted;sulfur,6,"goodscents,leffingwell"
CC(C)CC(=O)OCCC(C)(C)S,CC(C)CC(=O)OCCC(C)(C)S,fruity;grape;sulfur;tropical,4,"goodscents,leffingwell"
CCOC(C)OCC(C)CC,CCOC(C)OCC(C)CC,alcoholic;cognac;ethereal;green;nutty;pungent,6,leffingwell
CCC(C)COC(C)OCCC(C)C,CCC(C)COC(C)OCCC(C)C,alcoholic;cognac;ethereal;green;nutty,5,leffingwell
CCCCOC(C)OCCC(C)C,CCCCOC(C)OCCC(C)C,alcoholic;cognac;ethereal;green;vegetable,5,leffingwell
CCOC(OCCC(C)C)C(C)C,CCOC(OCCC(C)C)C(C)C,alcoholic;cocoa;ethereal;fermented;green;malty,6,leffingwell
CCCCCOC(C)OCCC(C)C,CCCCCOC(C)OCCC(C)C,alcoholic;cognac;ethereal;green;vegetable,5,leffingwell
CCCOC(C)OCCC(C)C,CCCOC(C)OCCC(C)C,alcoholic;cognac;ethereal;green,4,leffingwell
CCC(C)CCCCCCCCCCCCC=O,CCC(C)CCCCCCCCCCCCC=O,fatty,1,leffingwell
CCCCCC=CC(=O)OCCCCCC,CCCCCC=CC(=O)OCCCCCC,fatty,1,leffingwell
C=C(C)C=CSC,C=C(C)C=CSC,garlic,1,leffingwell
CCCC=CO,CCCC=CO,green,1,leffingwell
CCCCCC=C(C)O,CCCCCC=C(C)O,earthy;floral;fruity;green;herbal,5,leffingwell
CSCSC(=O)C(C)C,CSCSC(=O)C(C)C,cheesy;fruity;green;roasted;sulfur;tropical;vegetable,7,leffingwell
CCCCC=COC(=O)c1ccccc1,CCCCC=COC(=O)c1ccccc1,balsamic;green;herbal;woody,4,leffingwell
CCCC=CC(=O)OC=CCCCC,CCCC=CC(=O)OC=CCCCC,apple;fruity;green;melon;pear;pineapple;tropical,7,leffingwell
O=C1C=CCCCCCCO1,O=C1C=CCCCCCCO1,coconut;coumarinic;fruity;tobacco,4,leffingwell
CCCC=CC=CC=CC=O,CCCC=CC=CC=CC=O,citrus;fatty;fishy;oily,4,leffingwell
O=C(CCO)c1cccs1,O=C(CCO)c1cccs1,burnt;caramel;meaty;roasted,4,leffingwell
CCCCCC(=S)OC,CCCCCC(=S)OC,cheesy;fruity;green;pineapple;sulfur;tropical,6,leffingwell
C=CC=CC=CC=CCCC,C=CC=CC=CC=CCCC,earthy;fruity;green;leafy;woody,5,"goodscents,leffingwell"
O=CC(=Cc1ccccc1)c1ccco1,O=CC(=Cc1ccccc1)c1ccco1,floral;honey;spicy;sweet;warm,5,leffingwell
CCCCCCCCCCC(=O)OCCC(C)C,CCCCCCCCCCC(=O)OCCC(C)C,brandy;oily;rose,3,leffingwell
CCCCCCC=COC(=O)CC,CCCCCCC=COC(=O)CC,apple;banana;fruity;green;pineapple;waxy,6,leffingwell
CCCCCCCCC=CC=CC=CC=O,CCCCCCCCC=CC=CC=CC=O,fatty,1,leffingwell
CCCCC=COC(=O)CCC,CCCCC=COC(=O)CCC,fruity;green;pineapple;tropical,4,leffingwell
CCC=CC(=O)OC(C)C,CCC=CC(=O)OC(C)C,ethereal;fruity;green,3,leffingwell
CCCCCCCC=CC=CC=CC=O,CCCCCCCC=CC=CC=CC=O,fatty,1,leffingwell
CCC=C(C)OC=O,CCC=C(C)OC=O,ethereal;fruity;green;winey,4,leffingwell
CCCCCCCCCC=CC=CC=CC=O,CCCCCCCCCC=CC=CC=CC=O,fatty;oily,2,leffingwell
CC1=CC(S)C(C(C)C)CC1,CC1=CC(S)C(C(C)C)CC1,fresh;fruity;grapefruit;tropical,4,leffingwell
CCC1(CC)CSSS1,CCC1(CC)CSSS1,garlic;sulfur,2,leffingwell
CCCCC=COC(=O)C(C)C,CCCCC=COC(=O)C(C)C,apple;fresh;fruity;green;pineapple,5,leffingwell
CCCCCCCC=CC=CC=CC=CC=O,CCCCCCCC=CC=CC=CC=CC=O,fatty;oily,2,leffingwell
CCCCCCCCCC=CC(=O)OC,CCCCCCCCCC=CC(=O)OC,fatty;fruity;green;melon;pear,5,leffingwell
O=C1O[C@H]([C@H](O)CO)C(O)=C1O,O=C1OC(C(O)CO)C(O)=C1O,grassy;mild;odorless,3,"goodscents,leffingwell"
CCCCCCCC1OC1C=O,CCCCCCCC1OC1C=O,citrus,1,leffingwell
CCCCCc1nc(C)cs1,CCCCCc1nc(C)cs1,fermented;vegetable,2,leffingwell
COc1ccccc1CC1CC1,COc1ccccc1CC1CC1,anise,1,leffingwell
CCC1SC(CC(C)C)N=C1C,CCC1SC(CC(C)C)N=C1C,chocolate;nutty;roasted;vegetable,4,leffingwell
CCc1nc(C)sc1CC,CCc1nc(C)sc1CC,earthy;green;nutty;roasted;vegetable,5,leffingwell
CC(C)CCOC(OCCC(C)C)C(C)C,CC(C)CCOC(OCCC(C)C)C(C)C,alcoholic;cocoa;ethereal;fermented;green;malty,6,leffingwell
CC(C)CCOC(CC(C)C)OCCC(C)C,CC(C)CCOC(CC(C)C)OCCC(C)C,alcoholic;cocoa;fermented;green;malty,5,leffingwell
CC(C)=CC(=O)C=C1COC1=O,CC(C)=CC(=O)C=C1COC1=O,camphoreous;minty;sweet;tea;tobacco,5,leffingwell
CCCCCCCCCC(=O)OCCC(C)CCC=C(C)C,CCCCCCCCCC(=O)OCCC(C)CCC=C(C)C,floral;odorless;rose;waxy,4,leffingwell
CCCCCCOC(CCCCC)OCCC(C)C,CCCCCCOC(CCCCC)OCCC(C)C,apple;cognac;green;oily;sweet,5,"goodscents,leffingwell"
CCCCC=CC1OC(=O)CC1C,CCCCC=CC1OC(=O)CC1C,green;milky;nutty,3,leffingwell
C=CCOC(=S)CCCCC,C=CCOC(=S)CCCCC,fruity;pineapple;tropical,3,leffingwell
CCCCCC(C)OC(=O)CC(C)C,CCCCCC(C)OC(=O)CC(C)C,fruity;green;herbal;oily;winey,5,leffingwell
CCCCCCCOC(=O)CCC(C)C,CCCCCCCOC(=O)CCC(C)C,fruity;herbal;oily;winey,4,leffingwell
CCOC(=O)CCCCSC,CCOC(=O)CCCCSC,fruity;green;sulfur;tropical,4,"goodscents,leffingwell"
CCCCCCCCCCOC(=O)CCC(C)C,CCCCCCCCCCOC(=O)CCC(C)C,fruity;oily,2,leffingwell
CCC1N=C(C)CS1,CCC1N=C(C)CS1,creamy;meaty;milky;nutty;peach;roasted;tomato;tropical;vegetable,9,"goodscents,leffingwell"
CCOC(=O)C(C)CSC,CCOC(=O)C(C)CSC,fruity;garlic;green;tropical,4,leffingwell
CCCCCCCCOC(=O)CCC(C)C,CCCCCCCCOC(=O)CCC(C)C,cognac;fruity;green;oily,4,leffingwell
CCCCCCC(=O)CSC,CCCCCCC(=O)CSC,cheesy;citrus;meaty;tomato;vegetable,5,leffingwell
CCCCCC(=O)CSCCC,CCCCCC(=O)CSCCC,black;currant;floral;grapefruit;jasmine;sweet,6,leffingwell
CCCCCCCC1(C(=O)O)CC1,CCCCCCCC1(C(=O)O)CC1,balsamic;green;herbal;waxy;woody,5,leffingwell
C=C(C)C(=O)C(C)(C)c1ccccc1,C=C(C)C(=O)C(C)(C)c1ccccc1,floral;fruity,2,leffingwell
CC1C(O)C=C2C(C)(C)CC=CC21C,CC1C(O)C=C2C(C)(C)CC=CC21C,fruity,1,leffingwell
CCCCCCCCCCCCCCCC(=O)OC1CC(C)CCC1C(C)C,CCCCCCCCCCCCCCCC(=O)OC1CC(C)CCC1C(C)C,odorless;waxy,2,leffingwell
CCCCCCCCCCCCCC(=O)OCC=Cc1ccccc1,CCCCCCCCCCCCCC(=O)OCC=Cc1ccccc1,balsamic;odorless;waxy,3,leffingwell
CCCCCCCC(=O)OC1CC(C)CCC1C(C)C,CCCCCCCC(=O)OC1CC(C)CCC1C(C)C,floral;herbal;minty,3,leffingwell
COC(C=Cc1ccccc1)OC(C)=O,COC(C=Cc1ccccc1)OC(C)=O,balsamic;floral;fruity;spicy,4,leffingwell
CC(=O)OC1(C(C)C)CCCCC1,CC(=O)OC1(C(C)C)CCCCC1,camphoreous;fruity;minty;sweet;woody,5,leffingwell
Cc1nc(C)c(CC(C)C)o1,Cc1nc(C)c(CC(C)C)o1,burnt;earthy;green;roasted;vegetable,5,leffingwell
O=C1C=CCCCCCCCCCO1,O=C1C=CCCCCCCCCCO1,fruity;minty;sweet,3,leffingwell
CC(C)CCOC(=O)CCCc1ccco1,CC(C)CCOC(=O)CCCc1ccco1,buttery;caramel;fruity;sweet,4,"goodscents,leffingwell"
COC(C)OC(C)OCc1ccccc1,COC(C)OC(C)OCc1ccccc1,almond;fruity;green;sweet,4,leffingwell
CCCCCC(OCC(C)C)OCC(C)C,CCCCCC(OCC(C)C)OCC(C)C,apple;cognac;green;oily,4,leffingwell
CCCCCC=CO,CCCCCC=CO,fatty;fruity,2,leffingwell
CCCCC=CC(=O)C(C)C,CCCCC=CC(=O)C(C)C,fresh;fruity;herbal;ketonic,4,leffingwell
CCCC(CC=O)SC(C)=O,CCCC(CC=O)SC(C)=O,citrus;grapefruit;sweet,3,leffingwell
CCCCCCCCCCCC(=O)OC(C)CCC,CCCCCCCCCCCC(=O)OC(C)CCC,fatty;oily;waxy;winey,4,leffingwell
CCCCC=CC=CO,CCCCC=CC=CO,green;leafy;mushroom,3,leffingwell
CCCCCCCC=CC=CO,CCCCCCCC=CC=CO,green;herbal;mushroom,3,leffingwell
CCOC(C)c1cnccn1,CCOC(C)c1cnccn1,earthy;nutty;potato;roasted;woody,5,leffingwell
CCCCCCC=CCC(=O)OCC,CCCCCCC=CCC(=O)OCC,fruity;green;pear;waxy,4,leffingwell
CCCCCC(CCCC(=O)OCC)OC=O,CCCCCC(CCCC(=O)OCC)OC=O,milky,1,leffingwell
CCCCC/C=C\CCOC(C)=O,CCCCCC=CCCOC(C)=O,citrus;fatty;fresh;fruity;green;herbal;melon;pear;tropical;waxy,10,"goodscents,leffingwell"
CCCCCCCCCC(=O)OCc1ccco1,CCCCCCCCCC(=O)OCc1ccco1,caramel;creamy;fatty;waxy,4,"goodscents,leffingwell"
CSC/C(C=O)=C/C(C)C,CSCC(C=O)=CC(C)C,herbal;pungent;spicy;sulfur,4,"goodscents,leffingwell"
CC(S)C(=O)OCC1CCCO1,CC(S)C(=O)OCC1CCCO1,savory;sulfur;tropical,3,leffingwell
CCC(C)/C=C(\C=O)CSC,CCC(C)C=C(C=O)CSC,herbal;meaty;onion;spicy,4,"goodscents,leffingwell"
C[C@H]1S[C@@H](C)N2CCC[C@H]2S1,CC1SC(C)N2CCCC2S1,cooked;meaty;roasted,3,"goodscents,leffingwell"
CCCCCC(O)CCCC(=O)OCC1COC(C)(C)O1,CCCCCC(O)CCCC(=O)OCC1COC(C)(C)O1,fatty;fruity;oily;peach;sweet,5,"goodscents,leffingwell"
Cc1occc1SSC1CCOC1C,Cc1occc1SSC1CCOC1C,meaty;savory;sulfur,3,"goodscents,leffingwell"
CSCSSc1ccoc1C,CSCSSc1ccoc1C,beefy;brown;meaty;roasted;sulfur,5,"goodscents,leffingwell"
CC(C)CCCOC(=O)CC(C)C,CC(C)CCCOC(=O)CC(C)C,fruity;green;pungent,3,leffingwell
CCC1SC(C(C)CC)N=C1C,CCC1SC(C(C)CC)N=C1C,chocolate;nutty;roasted;vegetable,4,leffingwell
CCCCC=COC(=O)C=Cc1ccccc1,CCCCC=COC(=O)C=Cc1ccccc1,balsamic;green;herbal,3,leffingwell
CCC=C(C)SC,CCC=C(C)SC,creamy;meaty;savory;sulfur,4,leffingwell
CC=Cc1ccc(OCCCC)c(OC)c1,CC=Cc1ccc(OCCCC)c(OC)c1,balsamic;floral;spicy;sweet,4,leffingwell
CC(C)=CCCC(C)=CCCC(C)(O)C1CO1,CC(C)=CCCC(C)=CCCC(C)(O)C1CO1,floral;fruity,2,leffingwell
CCC1CCc2nccnc21,CCC1CCc2nccnc21,coffee;earthy;musty;nutty;roasted,5,leffingwell
CCOC(=O)C(CC)OC(C)=O,CCOC(=O)C(CC)OC(C)=O,fruity;minty,2,leffingwell
CCC=CCCCC1CCCC(=O)O1,CCC=CCCCC1CCCC(=O)O1,fatty;fruity;milky;waxy,4,"goodscents,leffingwell"
CCCC(CO)C(=O)OCC,CCCC(CO)C(=O)OCC,berry;fruity,2,leffingwell
C=C(C)C=COC(=O)c1ccccc1,C=C(C)C=COC(=O)c1ccccc1,balsamic;floral;sweet;tea,4,leffingwell
CC=CC(=S)OCC,CC=CC(=S)OCC,fruity;grape;plum;sulfur;sweet,5,leffingwell
CCCCC=COC(=O)c1ccc(OC)cc1,CCCCC=COC(=O)c1ccc(OC)cc1,anise;floral;fruity;green,4,leffingwell
CCCC=C(C=O)Cc1ccccc1,CCCC=C(C=O)Cc1ccccc1,floral,1,leffingwell
CCCCCCCC=CO,CCCCCCCC=CO,fresh;green;melon;waxy,4,leffingwell
CC1C(=O)C=C2C(C)(C)CC=CC21C,CC1C(=O)C=C2C(C)(C)CC=CC21C,fruity,1,"goodscents,leffingwell"
CCCCCCC(S)C=O,CCCCCCC(S)C=O,citrus;fresh;fruity;grapefruit;green,5,leffingwell
CCCCCC=CC(=O)OCCC,CCCCCC=CC(=O)OCCC,fatty,1,leffingwell
CCCCCCC(OC(C)=O)C(=O)OCC,CCCCCCC(OC(C)=O)C(=O)OCC,fruity;oily;tropical;winey,4,leffingwell
CCCC(C)OC(=O)C(C)O,CCCC(C)OC(=O)C(C)O,caramel;fruity;oily;winey,4,leffingwell
CCCCC(=S)OCC,CCCCC(=S)OCC,cheesy;fruity,2,leffingwell
CC(C)CCOC(CC(C)C)OCC(C)C,CC(C)CCOC(CC(C)C)OCC(C)C,alcoholic;cocoa;cognac;fermented;green;malty,6,leffingwell
CC(=O)c1cccnc1C(C)C,CC(=O)c1cccnc1C(C)C,grassy;green;herbal;leafy;violet,5,leffingwell
CC/C=C/CC(=O)OCCCC,CCC=CCC(=O)OCCCC,apple;fruity;green;tropical,4,leffingwell
C=C(C)C(=S)OCC,C=C(C)C(=S)OCC,fruity;grape;onion;plum;sour;sulfur;sweet,7,leffingwell
CS1=CNCC1,CS1=CNCC1,garlic,1,leffingwell
C=C(C)C(=S)OCCCC,C=C(C)C(=S)OCCCC,fruity,1,leffingwell
CC1=CC(C=O)C(C(C)C)CC1,CC1=CC(C=O)C(C(C)C)CC1,citrus;green;lemon;rose,4,leffingwell
C/C=C(\OCC)C(=O)OCC,CC=C(OCC)C(=O)OCC,apple;caramel;chamomile;fruity,4,leffingwell
CC(C)CCCOC(=O)CCC(C)C,CC(C)CCCOC(=O)CCC(C)C,fruity;herbal;soap;sweet;waxy,5,"goodscents,leffingwell"
CCCC(O)SCC,CCCC(O)SCC,meaty;nutty;savory;sulfur,4,leffingwell
CCCC(=O)OC(CC)COC(C)=O,CCCC(=O)OC(CC)COC(C)=O,fruity;sweet,2,leffingwell
CCOC(=S)C(CC)C(C)=O,CCOC(=S)C(CC)C(C)=O,fruity;meaty;sulfur;tropical,4,leffingwell
CCCCCc1csc(C)n1,CCCCCc1csc(C)n1,green;meaty;vegetable,3,leffingwell
c1coc(Cc2ccoc2Cc2ccco2)c1,c1coc(Cc2ccoc2Cc2ccco2)c1,floral;fruity,2,leffingwell
CCCCOC(C)OCC(C)CC,CCCCOC(C)OCC(C)CC,alcoholic;cognac;ethereal;green;vegetable,5,leffingwell
CCCCCC=COC(=O)CC(C)C,CCCCCC=COC(=O)CC(C)C,apple;fruity;green;tropical,4,leffingwell
CCCC(CS)OC(C)=O,CCCC(CS)OC(C)=O,fruity;green;tropical,3,leffingwell
CC(=O)OCCCC(C)c1ccccc1,CC(=O)OCCCC(C)c1ccccc1,floral;fresh;fruity;green,4,leffingwell
CCCCC(=O)OCCC1CCCCC1,CCCCC(=O)OCCC1CCCCC1,apple;fruity;sweet,3,leffingwell
CCCCCOC(C)OCCCC,CCCCCOC(C)OCCCC,alcoholic;cognac;ethereal;green;vegetable,5,leffingwell
CCCCCC(OCC)OCCC(C)C,CCCCCC(OCC)OCCC(C)C,apple;cognac;green,3,leffingwell
CCC(C)CC(=O)OCCC(C)C,CCC(C)CC(=O)OCCC(C)C,apple;fruity;herbal;oily;tobacco,5,leffingwell
CC(C)CC(=O)OCCC1CCCCC1,CC(C)CC(=O)OCCC1CCCCC1,apple;fruity;sweet,3,leffingwell
CCCCCCCCC(OC(C)=O)C(=O)OCC,CCCCCCCCC(OC(C)=O)C(=O)OCC,fruity,1,leffingwell
CCCCCCOC(CCCCC)OCC,CCCCCCOC(CCCCC)OCC,apple;cognac;green;oily,4,leffingwell
CCCCCCOC(C)OCc1ccccc1,CCCCCCOC(C)OCc1ccccc1,fruity;green;sweet,3,leffingwell
CCCCCCOC(CCCC)OCCCCCC,CCCCCCOC(CCCC)OCCCCCC,alcoholic;fermented;green,3,leffingwell
CCCCOC(CC(C)CCCC(C)(C)O)OCCCC,CCCCOC(CC(C)CCCC(C)(C)O)OCCCC,floral;green,2,leffingwell
CCCCCCCCCC(=O)OCCCc1ccccc1,CCCCCCCCCC(=O)OCCCc1ccccc1,banana;fruity;green;oily,4,leffingwell
COc1cnc(C)c(C)n1,COc1cnc(C)c(C)n1,earthy;musty,2,leffingwell
CC1(C)CSSC1=O,CC1(C)CSSC1=O,burnt;fatty;potato;roasted;savory,5,leffingwell
CC(C)=CCOC(=S)C(C)C,CC(C)=CCOC(=S)C(C)C,fruity;sulfur;tropical,3,leffingwell
CCCCCCCC(CC=O)SC,CCCCCCCC(CC=O)SC,fatty;gasoline;meaty;savory,4,leffingwell
CCCCCC(=O)CCS,CCCCCC(=O)CCS,berry;fruity;grape;hazelnut,4,leffingwell
CCC(C)(C=O)Sc1ccco1,CCC(C)(C=O)Sc1ccco1,fruity;meaty,2,leffingwell
CCCCCCCC=CC(=O)OCC(C)C,CCCCCCCC=CC(=O)OCC(C)C,fruity;green;pear;pineapple,4,leffingwell
CSOC(=O)C(C)OC(C)=O,CSOC(=O)C(C)OC(C)=O,fruity;sulfur;tropical,3,leffingwell
COC(=S)CCc1ccco1,COC(=S)CCc1ccco1,coffee;sulfur,2,leffingwell
CC=Cc1ccc(O)c(OC)c1OC,CC=Cc1ccc(O)c(OC)c1OC,phenolic;smoky;spicy,3,leffingwell
COC(=O)C1(c2ccccc2)OC1C,COC(=O)C1(c2ccccc2)OC1C,fruity;pungent;sweet,3,leffingwell
CCCCCC=CC=CC=CO,CCCCCC=CC=CC=CO,fishy;green,2,leffingwell
CC(=O)OC1=C(C(C)C)CCC(C)=C1,CC(=O)OC1=C(C(C)C)CCC(C)=C1,fruity;herbal;minty,3,leffingwell
C=C(C)C=COC(=O)CCCCC,C=C(C)C=COC(=O)CCCCC,fruity;green;pineapple;tropical,4,leffingwell
CC1=CC(C=O)=C(C(C)C)CC1,CC1=CC(C=O)=C(C(C)C)CC1,fatty;herbal;spicy,3,leffingwell
CC(=O)OC(O)CC(C)CCC=C(C)C,CC(=O)OC(O)CC(C)CCC=C(C)C,floral;green,2,leffingwell
CC(=O)SC1CCOC1C,CC(=O)SC1CCOC1C,meaty;roasted;sulfur,3,leffingwell
c1ccc(CCCc2ccn[nH]2)cc1,c1ccc(CCCc2ccn[nH]2)cc1,aromatic;burnt;roasted,3,leffingwell
C=CCOC(=S)C(C)C,C=CCOC(=S)C(C)C,fruity;pineapple;tropical,3,leffingwell
CCCC=CC(OCCCCCC)OCCCCCC,CCCC=CC(OCCCCCC)OCCCCCC,fruity;green;vegetable,3,leffingwell
CCCCCCOC(C)OCCCCC,CCCCCCOC(C)OCCCCC,alcoholic;cognac;ethereal;green;vegetable,5,leffingwell
CCCCCCOC(C)OCCCC,CCCCCCOC(C)OCCCC,alcoholic;cognac;ethereal;green;vegetable,5,leffingwell
CCCCOC(=O)C1(c2ccccc2)OC1C,CCCCOC(=O)C1(c2ccccc2)OC1C,fruity,1,leffingwell
CCCCCCCOC(=O)C(C)(O)C(=O)CCC,CCCCCCCOC(=O)C(C)(O)C(=O)CCC,buttery;fruity;milky;waxy,4,leffingwell
CCCCCC(=O)OC(CCCC)C(=O)OCC,CCCCCC(=O)OC(CCCC)C(=O)OCC,fruity;sweet;waxy,3,leffingwell
CCCCCCOC(CC(C)C)OCCCCCC,CCCCCCOC(CC(C)C)OCCCCCC,alcoholic;cocoa;fermented;green;malty,5,leffingwell
CCCCCC(OCCCC)OCCC(C)C,CCCCCC(OCCCC)OCCC(C)C,apple;cognac;green;oily,4,leffingwell
CCCCCCCCCCCC(OCCCCCC)OCCCCCC,CCCCCCCCCCCC(OCCCCCC)OCCCCCC,fatty;green;waxy,3,leffingwell
CC(C)=CCOC(=S)CC(C)C,CC(C)=CCOC(=S)CC(C)C,fruity;sulfur;tropical,3,leffingwell
CC(=S)Oc1ccccc1C,CC(=S)Oc1ccccc1C,meaty;sulfur,2,leffingwell
SCC1CC=CO1,SCC1CC=CO1,meaty;roasted;savory;sulfur,4,leffingwell
CCC(COC(C)=O)C(=O)OC,CCC(COC(C)=O)C(=O)OC,burnt;fruity;pineapple;tropical,4,leffingwell
CC(C)CCOC(OCC(C)C)C(C)C,CC(C)CCOC(OCC(C)C)C(C)C,alcoholic;cocoa;ethereal;fermented;green;malty,6,leffingwell
CCOC(OCC(C)C)C(C)C,CCOC(OCC(C)C)C(C)C,alcoholic;cocoa;ethereal;fermented;green;malty,6,leffingwell
CCOC(CC(C)C)OCCC(C)C,CCOC(CC(C)C)OCCC(C)C,alcoholic;cocoa;cognac;fermented;green;malty,6,leffingwell
CCCCC1OCCOC1=O,CCCCC1OCCOC1=O,caramel;fruity;peach;winey,4,leffingwell
C=C(C)C=COC(=O)CCC,C=C(C)C=COC(=O)CCC,apple;fruity;green,3,leffingwell
CCCCC=COC(=O)CCCCCCCCC,CCCCC=COC(=O)CCCCCCCCC,fruity;green;waxy,3,leffingwell
CCCCCC1OCCOC1=O,CCCCCC1OCCOC1=O,buttery;caramel;fruity;peach;winey,5,leffingwell
CCCc1nc(CC)c(CC)s1,CCCc1nc(CC)c(CC)s1,fruity;green,2,leffingwell
CCCC(C)C(=S)OC,CCCC(C)C(=S)OC,cheesy;creamy;fermented;milky;sulfur;tropical;vegetable,7,leffingwell
CC(OCc1ccco1)SCc1ccco1,CC(OCc1ccco1)SCc1ccco1,coffee;sulfur,2,leffingwell
CCCCCCOC(CCCCC)OCCCC,CCCCCCOC(CCCCC)OCCCC,apple;cognac;green;oily,4,leffingwell
CCOC(=O)C1(c2ccccc2)OC1(C)CC,CCOC(=O)C1(c2ccccc2)OC1(C)CC,berry;fruity,2,leffingwell
CCCCOC(=S)C(C)C,CCCCOC(=S)C(C)C,fruity;mushroom;radish;sulfur,4,leffingwell
CCC1CSSSC1(CC)CC,CCC1CSSSC1(CC)CC,garlic;green;onion;savory,4,leffingwell
CC(S)SS,CC(S)SS,garlic;roasted;savory;sulfur,4,leffingwell
CCC(C)C(=S)OCC(C)C,CCC(C)C(=S)OCC(C)C,cheesy;creamy;fruity;ripe;strawberry;sulfur;tropical,7,leffingwell
CCCCCCCC=COC(=O)CCC,CCCCCCCC=COC(=O)CCC,fruity;green;melon;tropical;waxy,5,leffingwell
SC(S)CCSCCC(S)S,SC(S)CCSCCC(S)S,fruity;garlic;green;onion,4,leffingwell
OCC1O[C@@H]2O[C@@H]3C(CO)O[C@H](O[C@@H]4C(CO)O[C@H](O[C@@H]5C(CO)O[C@H](O[C@@H]6C(CO)O[C@H](O[C@@H]7C(CO)O[C@H](O[C@H]1C(O)C2O)C(O)C7O)C(O)C6O)C(O)C5O)C(O)C4O)C(O)C3O,OCC1OC2OC3C(CO)OC(OC4C(CO)OC(OC5C(CO)OC(OC6C(CO)OC(OC7C(CO)OC(OC1C(O)C2O)C(O)C7O)C(O)C6O)C(O)C5O)C(O)C4O)C(O)C3O,odorless,1,goodscents
[N-]=[N+]=O,[N-]=[N+]=O,odorless,1,goodscents
CC1CCCCC1NC(=O)c1c(F)c(F)c(F)c(F)c1F,CC1CCCCC1NC(=O)c1c(F)c(F)c(F)c(F)c1F,cooling,1,goodscents
O=S(=O)([O-])[O-],O=S(=O)([O-])[O-],odorless,1,goodscents
COC1CCc2ccccc21,COC1CCc2ccccc21,animal;anise;earthy;floral;hawthorn;minty,6,goodscents
CCOCCOC(C)C(=O)[O-],CCOCCOC(C)C(=O)[O-],odorless,1,goodscents
CCCCC(=O)c1ccccc1,CCCCC(=O)c1ccccc1,balsamic,1,goodscents
O=S([O-])[O-],O=S([O-])[O-],odorless,1,goodscents
CCCCCCCCCC(=O)OCCc1scnc1C,CCCCCCCCCC(=O)OCCc1scnc1C,nutty;roasted,2,goodscents
CCCC(SCc1ccccc1)SCc1ccccc1,CCCC(SCc1ccccc1)SCc1ccccc1,fruity;pungent,2,goodscents
Cc1c(C)c2c(c(C)c1O)CC[C@@](C)(CCC[C@H](C)CCC[C@H](C)CCCC(C)C)O2,Cc1c(C)c2c(c(C)c1O)CCC(C)(CCCC(C)CCCC(C)CCCC(C)C)O2,bland,1,goodscents
CC1=C[C@@H]2[C@H](CC1)C(C)=CC[C@H]2C(C)C,CC1=CC2C(CC1)C(C)=CCC2C(C)C,dry;oily;woody,3,"aromadb,flavornet,goodscents"
CC(C)(C)c1cccc(CCC=O)c1,CC(C)(C)c1cccc(CCC=O)c1,aldehydic;floral,2,goodscents
BrC=Cc1ccccc1,BrC=Cc1ccccc1,green;hyacinth;leafy,3,goodscents
CC(C=O)Cc1ccc(C(C)C)cc1,CC(C=O)Cc1ccc(C(C)C)cc1,floral;fresh;green;musty,4,"aromadb,goodscents"
O=C1[N-]S(=O)(=O)c2ccccc21,O=C1[N-]S(=O)(=O)c2ccccc21,odorless,1,goodscents
C=CC(C)(O)CC/C=C(\C)CC,C=CC(C)(O)CCC=C(C)CC,bergamot;floral;fresh;green;herbal;lavender;rose,7,goodscents
Cc1cccc(CC(C)(C)CO)c1,Cc1cccc(CC(C)(C)CO)c1,floral;green;lily;tropical,4,goodscents
CC(C)=CCC/C(C)=C/COC(=O)C(C)=C(C)C,CC(C)=CCCC(C)=CCOC(=O)C(C)=C(C)C,fruity;herbal;rose;rummy;sweet;tropical,6,goodscents
CC(=O)OCC(C)c1ccccc1,CC(=O)OCC(C)c1ccccc1,earthy;floral;green;hyacinth;sweet,5,goodscents
CC1CCC(=O)OC1C,CC1CCC(=O)OC1C,fruity;minty,2,goodscents
COc1ccc(C(=O)OCC(=O)O)cc1,COc1ccc(C(=O)OCC(=O)O)cc1,brown;cooked;roasted,3,goodscents
CCOC(=O)CCCSC(C)=O,CCOC(=O)CCCSC(C)=O,meaty;sulfur,2,goodscents
C=C(C)CCOC(=O)C(C)(C)C,C=C(C)CCOC(=O)C(C)(C)C,chamomile;floral;fresh;fruity;herbal;rose,6,goodscents
N#CC(=C1CCCCC1)c1ccccc1,N#CC(=C1CCCCC1)c1ccccc1,floral;fresh;geranium;grapefruit,4,goodscents
CC1NC(C(C)C)SC(C)S1,CC1NC(C(C)C)SC(C)S1,cocoa;meaty;nutty;onion,4,goodscents
CC(C)=CCCC(C)CCOC(=O)c1ccccc1,CC(C)=CCCC(C)CCOC(=O)c1ccccc1,floral;rose,2,goodscents
CC(C)=CCCC(C)CCOC(=O)/C=C/c1ccccc1,CC(C)=CCCC(C)CCOC(=O)C=Cc1ccccc1,floral;rose;sweet,3,goodscents
C=CCOC(=O)c1ccccc1O,C=CCOC(=O)c1ccccc1O,banana;fruity;pineapple,3,goodscents
C=C(C)CCCC(C)CCOC(=O)c1ccccc1,C=C(C)CCCC(C)CCOC(=O)c1ccccc1,floral;rose;sweet,3,goodscents
CC1=CC(OC=O)CC(C)C2CC(=C(C)C)CC12,CC1=CC(OC=O)CC(C)C2CC(=C(C)C)CC12,fresh;sandalwood;woody,3,goodscents
CCC(=O)OC1C=C(C)C2CC(=C(C)C)CC2C(C)C1,CCC(=O)OC1C=C(C)C2CC(=C(C)C)CC2C(C)C1,cedar;woody,2,goodscents
C=C(CC(C)CO)C1CC=C(C)C1(C)C,C=C(CC(C)CO)C1CC=C(C)C1(C)C,sandalwood;woody,2,goodscents
O=C1CCC=C1O,O=C1CCC=C1O,caramel,1,goodscents
CCOC(=O)CCCCCOC(C)=O,CCOC(=O)CCCCCOC(C)=O,anise;floral;fresh;fruity;jasmin;raspberry,6,goodscents
CCCCOc1ccc(C)cc1,CCCCOc1ccc(C)cc1,floral,1,goodscents
CC(=O)OC1CCC2CCCCC2C1,CC(=O)OC1CCC2CCCCC2C1,floral;fruity;herbal;woody,4,goodscents
O=COC1CCC2CCCCC2C1,O=COC1CCC2CCCCC2C1,dry;floral;oily;sandalwood;woody,5,goodscents
CCCCCCCCC#CC(=O)OCC,CCCCCCCCC#CC(=O)OCC,green;waxy,2,goodscents
CCCCCC#CC(=O)OCC,CCCCCC#CC(=O)OCC,leaf;oily;violet;waxy,4,goodscents
CC(=O)O/C=C\c1ccccc1,CC(=O)OC=Cc1ccccc1,fruity;rummy;sweet,3,goodscents
CCCCCCCCCC(C)CO,CCCCCCCCCC(C)CO,balsamic,1,goodscents
CCC/C=C\CCCOC(C)=O,CCCC=CCCCOC(C)=O,estery;fishy;fruity;pear,4,goodscents
C=CCC1(O)C(C)(C)CCCCC1(C)C,C=CCC1(O)C(C)(C)CCCCC1(C)C,camphoreous;earthy;herbal;woody,4,goodscents
CC(=O)OCc1ccc(C=O)o1,CC(=O)OCc1ccc(C=O)o1,bread,1,goodscents
C=C(C)C1CCC(C)CC1OC=O,C=C(C)C1CCC(C)CC1OC=O,green;leafy;minty,3,goodscents
CCCCCCCCCCCCCCCCCC(=O)OCCOCCO,CCCCCCCCCCCCCCCCCC(=O)OCCOCCO,bland,1,goodscents
O=C([O-])O,O=C([O-])O,mild;odorless,2,goodscents
CCCCC(CC)C(=O)OCC(C)CC,CCCCC(CC)C(=O)OCC(C)CC,fatty,1,goodscents
C#CCO,C#CCO,floral;geranium,2,goodscents
NCCS(=O)(=O)O,NCCS(=O)(=O)O,bland,1,goodscents
CC(O)CC(C)(C)O,CC(O)CC(C)(C)O,odorless,1,goodscents
CC(O)CCO,CC(O)CCO,odorless,1,goodscents
NCCC(=O)O,NCCC(=O)O,odorless,1,goodscents
CCCCC(CC)C(=O)OC(C)COCc1ccccc1,CCCCC(CC)C(=O)OC(C)COCc1ccccc1,bland,1,goodscents
C=CC(CCCCC)OC(=O)CC,C=CC(CCCCC)OC(=O)CC,mushroom,1,goodscents
CC12CCC(C3(CCCC3)C1=O)C2(C)C,CC12CCC(C3(CCCC3)C1=O)C2(C)C,herbal;vetiver;woody,3,goodscents
CC1=CCC(/C=C/C(C)(C)C(C)O)C1(C)C,CC1=CCC(C=CC(C)(C)C(C)O)C1(C)C,herbal;sandalwood;tropical;woody,4,goodscents
CC1COC(=O)O1,CC1COC(=O)O1,minty;spicy,2,goodscents
Cc1cccc(C)c1,Cc1cccc(C)c1,plastic,1,"flavornet,goodscents"
Cc1ccccc1,Cc1ccccc1,sweet,1,"flavornet,goodscents"
CC(O)CC(=O)OC1CC(C)CCC1C(C)C,CC(O)CC(=O)OC1CC(C)CCC1C(C)C,minty,1,goodscents
CC1=C(O)C(=O)C(C)C1C,CC1=C(O)C(=O)C(C)C1C,bready;burnt;caramel;coffee;licorice;milky;spicy;sweet,8,goodscents
CCCCCCCC/C=C/CCCCCCCC(=O)N(C)CC(=O)O,CCCCCCCCC=CCCCCCCCC(=O)N(C)CC(=O)O,bland,1,goodscents
NCCCCN,NCCCCN,animal;fishy,2,goodscents
O=C(O)CCCC(=O)O,O=C(O)CCCC(=O)O,odorless,1,goodscents
CC(O)CNCC(C)O,CC(O)CNCC(C)O,fishy,1,goodscents
CC(O)COCC(C)O,CC(O)COCC(C)O,alcoholic;mild,2,goodscents
C=C1CC[C@@H]2C13CC[C@@H](C)[C@H](C3)C2(C)C,C=C1CCC2C13CCC(C)C(C3)C2(C)C,woody,1,goodscents
c1ccc(-c2ccc3ccccc3[o+]2)cc1,c1ccc(-c2ccc3ccccc3[o+]2)cc1,odorless,1,goodscents
C/C=C/C=C/C=C/C=C/CCCCCCO,CC=CC=CC=CC=CCCCCCCO,sandalwood;sweet;woody,3,goodscents
C=C(C)C12CC(CC1CO)C(C)=C2C,C=C(C)C12CC(CC1CO)C(C)=C2C,clean;fresh;ozone;woody,4,goodscents
CCC1OC=C(CO)C1=O,CCC1OC=C(CO)C1=O,caramel,1,"flavornet,goodscents"
CC(C)=CCC/C(C)=C/CC/C(C)=C/CC/C=C(\C)CC/C=C(\C)CCC=C(C)C,CC(C)=CCCC(C)=CCCC(C)=CCCC=C(C)CCC=C(C)CCC=C(C)C,floral,1,goodscents
NCCNCCO,NCCNCCO,mild,1,goodscents
OCCNCCO,OCCNCCO,fishy;mild,2,goodscents
OCCOCCO,OCCOCCO,odorless,1,goodscents
CCCCCCCCCCCCCCCCCC(=O)OCCO,CCCCCCCCCCCCCCCCCC(=O)OCCO,fatty;mild;waxy,3,goodscents
COCCOCCO,COCCOCCO,mild;musty,2,goodscents
CCCCCCCCCCCC(=O)OC,CCCCCCCCCCCC(=O)OC,coconut;creamy;fatty;floral;mushroom;soap;waxy,7,"aromadb,flavornet,goodscents"
CCOCCOCCO,CCOCCOCCO,ethereal,1,goodscents
CCCSS(=O)(=O)CCC,CCCSS(=O)(=O)CCC,garlic;roasted,2,goodscents
C[S+](C)CC[C@H](N)C(=O)O,C[S+](C)CCC(N)C(=O)O,green;malty;potato;sulfur;tomato,5,goodscents
COC(=O)c1ccccc1N=CC(C)Cc1ccc2c(c1)OCO2,COC(=O)c1ccccc1N=CC(C)Cc1ccc2c(c1)OCO2,bark;floral;fresh;green;leafy;orangeflower;ozone,7,goodscents
COC(=O)c1ccccc1N=CC(C)Cc1ccc(OC)cc1,COC(=O)c1ccccc1N=CC(C)Cc1ccc(OC)cc1,anise;bark;floral;green;hawthorn;powdery;spicy;sweet,8,goodscents
O=C1CCCCCCCCC/C=C\CCCO1,O=C1CCCCCCCCCC=CCCCO1,animal;dry;metallic;musk;powdery;sweet;tropical;waxy,8,goodscents
O=C1CCCCCCCCCC/C=C\CCO1,O=C1CCCCCCCCCCC=CCCO1,musk,1,goodscents
Cc1noc(C)c1Cn1cc(N2C(=O)CN(Cc3cccc(O)c3)C2=O)cn1,Cc1noc(C)c1Cn1cc(N2C(=O)CN(Cc3cccc(O)c3)C2=O)cn1,bland,1,goodscents
CCCCCCCCCCCCCCCC[N+](C)(C)C,CCCCCCCCCCCCCCCC[N+](C)(C)C,bland,1,goodscents
CCCCCCCC/C=C\CCCCCCCC(=O)OC,CCCCCCCCC=CCCCCCCCC(=O)OC,fatty;mild,2,goodscents
CCC1OC(C)(CC)CCC1C(C)C,CCC1OC(C)(CC)CCC1C(C)C,cooling;fresh,2,"aromadb,goodscents"
CC1C(=O)CC2(C(C)C)CC12,CC1C(=O)CC2(C(C)C)CC12,cedar;herbal;spicy;warm;woody,5,goodscents
CCCCOc1ccccc1,CCCCOc1ccccc1,anise;licorice,2,goodscents
O=COCCCC1CCCCC1,O=COCCCC1CCCCC1,green;metallic,2,goodscents
O=[Si]=O,O=[Si]=O,odorless,1,goodscents
CCCCCC(=O)C(C)C(C)=O,CCCCCC(=O)C(C)C(C)=O,burnt;caramel;fruity;hay,4,"flavornet,goodscents"
CCCC(=O)OC1C=CC2C3CCC(C3)C12,CCCC(=O)OC1C=CC2C3CCC(C3)C12,balsamic;fruity;green;peach;woody,5,goodscents
O=C([O-])C(=O)Cc1ccccc1,O=C([O-])C(=O)Cc1ccccc1,honey,1,goodscents
CCCC(=O)OC1=C(C)OC(C)C1=O,CCCC(=O)OC1=C(C)OC(C)C1=O,earthy;ethereal;fruity;green;sweet;tropical;weedy,7,goodscents
CC1=CC2C(=CC1O)C(C)CCC2C(C)C,CC1=CC2C(=CC1O)C(C)CCC2C(C)C,spicy;woody,2,"flavornet,goodscents"
COC,COC,ethereal,1,goodscents
C[C@]12CC[C@@H](O)C[C@@H]1CC[C@@H]1[C@@H]2CC[C@]2(C)C=CC[C@@H]12,CC12C=CCC1C1CCC3CC(O)CCC3(C)C1CC2,animal;musk,2,goodscents
CCCC(=O)OCC(O)c1ccccc1,CCCC(=O)OCC(O)c1ccccc1,fruity;hyacinth,2,goodscents
CC(=O)OC1CCC(C)CC1C(C)(C)C,CC(=O)OC1CCC(C)CC1C(C)(C)C,floral;fruity;rose;tropical,4,goodscents
Cc1c([N+](=O)[O-])cc2c(c1[N+](=O)[O-])C(C)(C)CC2(C)C,Cc1c([N+](=O)[O-])cc2c(c1[N+](=O)[O-])C(C)(C)CC2(C)C,dry;musk;powdery;sweet,4,goodscents
CCCCCCCCCCCCOC(=O)c1cc(O)c(O)c(O)c1,CCCCCCCCCCCCOC(=O)c1cc(O)c(O)c(O)c1,odorless,1,goodscents
CCSC(C)CCO,CCSC(C)CCO,cooked;nutty;roasted,3,goodscents
CCC(C)C1(C)COC(C2CCC(C)=CC2C)OC1,CCC(C)C1(C)COC(C2CCC(C)=CC2C)OC1,amber;dry;earthy;floral;woody,5,goodscents
O=C([O-])CC(O)(CC(=O)[O-])C(=O)[O-],O=C([O-])CC(O)(CC(=O)[O-])C(=O)[O-],odorless,1,goodscents
CC(CO)C1CCCCCCCCCCC1,CC(CO)C1CCCCCCCCCCC1,amber;musk;woody,3,goodscents
O=C(CCc1ccncc1)c1ccccc1O,O=C(CCc1ccncc1)c1ccccc1O,mild;sweet,2,goodscents
COc1ccc(C(=O)CCc2ccccn2)c(O)c1,COc1ccc(C(=O)CCc2ccccn2)c(O)c1,savory;sweet,2,goodscents
CC(C)COc1ccc(C(=O)CCc2ccccn2)c(O)c1,CC(C)COc1ccc(C(=O)CCc2ccccn2)c(O)c1,savory;sweet,2,goodscents
CC(C)C1=CC=C(C=O)CC1,CC(C)C1=CC=C(C=O)CC1,fatty;spicy,2,"aromadb,flavornet,goodscents"
C/C(C#N)=C/c1ccccc1,CC(C#N)=Cc1ccccc1,spicy,1,goodscents
c1coc(Cc2ccco2)c1,c1coc(Cc2ccco2)c1,roasted,1,goodscents
CCOC(=O)c1ccc(O)cc1,CCOC(=O)c1ccc(O)cc1,mild;phenolic,2,goodscents
CC=Cc1ccc2c(c1)OCO2,CC=Cc1ccc2c(c1)OCO2,spicy;sweet,2,goodscents
O=C(O)C1CC2C=CC1C2,O=C(O)C1CC2C=CC1C2,fruity;green,2,goodscents
C=C1CC[C@H](C(C)C)C2C=C(C)CCC12,C=C1CCC(C(C)C)C2C=C(C)CCC12,herbal;oily;spicy;woody,4,"flavornet,goodscents"
CC(C)CCCCCCCCCCCCCCC(=O)OCC(O)COCC(COC(=O)CCCCCCCCCCCCCCC(C)C)OC(=O)CCCCCCCCCCCCCCC(C)C,CC(C)CCCCCCCCCCCCCCC(=O)OCC(O)COCC(COC(=O)CCCCCCCCCCCCCCC(C)C)OC(=O)CCCCCCCCCCCCCCC(C)C,mild;waxy,2,goodscents
COCC(C)Cc1ccccc1,COCC(C)Cc1ccccc1,floral;fruity;green;rose,4,goodscents
CC1CCC2OC2(C)CCC2C1CC2(C)C,CC1CCC2OC2(C)CCC2C1CC2(C)C,amber;tobacco;woody,3,goodscents
CC1=C2C[C@H](C(C)(C)O)CC[C@@]2(C)CCC1,CC1=C2CC(C(C)(C)O)CCC2(C)CCC1,floral;sweet;waxy;woody,4,"aromadb,flavornet,goodscents"
CCC(=O)c1ccc(OC)cc1,CCC(=O)c1ccc(OC)cc1,anise;musty,2,goodscents
C=C(C)C1CC=C(C2OCC(C)O2)CC1,C=C(C)C1CC=C(C2OCC(C)O2)CC1,fatty;herbal;spicy,3,goodscents
C[C@@H]1CC[C@H]2[C@H](C2(C)C)C12COC(C)(C)OC2,CC1CCC2C(C2(C)C)C12COC(C)(C)OC2,aldehydic;amber;green;spicy;woody,5,goodscents
Cc1noc(C)c1Cn1cc(N2C(=O)N(Cc3cccc(O)c3)C(C)(C)C2=O)cn1,Cc1noc(C)c1Cn1cc(N2C(=O)N(Cc3cccc(O)c3)C(C)(C)C2=O)cn1,odorless,1,goodscents
CCCCCCCCCCCCCCCCCC[N+](C)(C)Cc1ccccc1,CCCCCCCCCCCCCCCCCC[N+](C)(C)Cc1ccccc1,bland,1,goodscents
c1ccc(Nc2ccccc2)cc1,c1ccc(Nc2ccccc2)cc1,floral;sweet,2,goodscents
O=C(Cc1ccccc1)OCCCc1ccccc1,O=C(Cc1ccccc1)OCCCc1ccccc1,balsamic;floral;green;hyacinth;rose;spicy,6,goodscents
CC(=O)Oc1cccc(C)c1,CC(=O)Oc1cccc(C)c1,floral;phenolic;pungent,3,goodscents
CC(C)CCOCc1ccccc1,CC(C)CCOCc1ccccc1,floral;fruity;green;jasmin;weedy,5,goodscents
CC1COCc2cc3c(cc21)C(C)(C)C(C)C3(C)C,CC1COCc2cc3c(cc21)C(C)(C)C(C)C3(C)C,floral;musk;sweet,3,goodscents
CCCCCCCC1CC1C(=O)O,CCCCCCCC1CC1C(=O)O,citrus;floral;herbal;spicy,4,goodscents
CCCCCCCCCCCCCC1CCCC(=O)O1,CCCCCCCCCCCCCC1CCCC(=O)O1,fatty;savory;waxy,3,goodscents
C=C1C2CC3CC1C(O)C(C2)C3C,C=C1C2CC3CC1C(O)C(C2)C3C,spicy;woody,2,goodscents
C=C1C2CC3CC1C(OC(C)=O)C(C2)C3C,C=C1C2CC3CC1C(OC(C)=O)C(C2)C3C,amber;vetiver;woody,3,goodscents
CCC1CC2CC1CC2OC,CCC1CC2CC1CC2OC,citrus;green;herbal;leafy,4,goodscents
CCCCCCCCCCCCOC(=O)CCSCCC(=O)OCCCCCCCCCCCC,CCCCCCCCCCCCOC(=O)CCSCCC(=O)OCCCCCCCCCCCC,ethereal;sweet,2,goodscents
C=CC(=C)CCC=C(C)C,C=CC(=C)CCC=C(C)C,balsamic;celery;herbal;peppery;plastic;rose;spicy;terpenic;woody,9,"aromadb,flavornet,goodscents"
C1CCNC1,C1CCNC1,animal;fishy,2,"flavornet,goodscents"
NC(=O)/N=N/C(N)=O,NC(=O)N=NC(N)=O,odorless,1,goodscents
CCCCCCCCCCCCCCCCCC(=O)OCC(O)CO,CCCCCCCCCCCCCCCCCC(=O)OCC(O)CO,fatty;waxy,2,goodscents
CC1=CCC[C@]2(C)CC[C@H](C(C)(C)O)CC12,CC1=CCCC2(C)CCC(C(C)(C)O)CC12,sweet;woody,2,"aromadb,flavornet,goodscents"
CCCCCCCC#N,CCCCCCCC#N,aldehydic;fatty;green,3,goodscents
O=C=O,O=C=O,odorless,1,goodscents
CC(C)(N)CO,CC(C)(N)CO,mild,1,goodscents
C=CCCCCCCC/C=C/CC#N,C=CCCCCCCCC=CCC#N,aldehydic;citrus;fresh;sweet,4,goodscents
CCCC(CCOC)SC(=O)OCC,CCCC(CCOC)SC(=O)OCC,black;chocolate;currant;herbal;mushroom;sulfur,6,goodscents
CC(C)CCC(C)C(C)O,CC(C)CCC(C)C(C)O,floral;green;rose,3,goodscents
C=C(C)c1cccc(C(C)CC=O)c1,C=C(C)c1cccc(C(C)CC=O)c1,bark;floral;fresh;green;melon;ozone,6,goodscents
CC(C)c1cccc(C(C)CC=O)c1,CC(C)c1cccc(C(C)CC=O)c1,floral;fresh;green;lily;muguet,5,goodscents
COc1ccc(/C=C/C(=O)NCCc2ccc3c(c2)OCO3)cc1OC,COc1ccc(C=CC(=O)NCCc2ccc3c(c2)OCO3)cc1OC,savory,1,goodscents
CC1=CC2OCC(C)=C2CC1,CC1=CC2OCC(C)=C2CC1,floral;minty,2,"flavornet,goodscents"
CC(=O)OCC1OC(OC2(COC(C)=O)OC(COC(C)=O)C(OC(C)=O)C2OC(C)=O)C(OC(C)=O)C(OC(C)=O)C1OC(C)=O,CC(=O)OCC1OC(OC2(COC(C)=O)OC(COC(C)=O)C(OC(C)=O)C2OC(C)=O)C(OC(C)=O)C(OC(C)=O)C1OC(C)=O,odorless,1,goodscents
CC(=O)[O-],CC(=O)[O-],mild;odorless,2,goodscents
O=S(=O)([O-])c1ccc(O)cc1,O=S(=O)([O-])c1ccc(O)cc1,odorless,1,goodscents
CCCCC[C@@H]1C(=O)CC[C@H]1C(=O)OC,CCCCCC1C(=O)CCC1C(=O)OC,floral;green;jasmin;muguet;rose,5,goodscents
CSC(C)CC(=O)OCC(C)C,CSC(C)CC(=O)OCC(C)C,dry;fruity;pungent;strawberry;sweet,5,goodscents
Cc1cc(C(C)(C)C)c(O)c(C(C)(C)C)c1,Cc1cc(C(C)(C)C)c(O)c(C(C)(C)C)c1,camphoreous;phenolic,2,goodscents
CC(CO)COC1CC2CCC1(C)C2(C)C,CC(CO)COC1CC2CCC1(C)C2(C)C,amber;dry;powdery;warm;woody,5,goodscents
CCCCCCCC(=O)CC(=O)[O-],CCCCCCCC(=O)CC(=O)[O-],fatty;mild,2,goodscents
CCCCCC(=O)CC(=O)[O-],CCCCCC(=O)CC(=O)[O-],fatty;mild,2,goodscents
CCCCCCCCCCCC(=O)CC(=O)[O-],CCCCCCCCCCCC(=O)CC(=O)[O-],odorless,1,goodscents
CCC(OC(C)=O)c1ccc(OC(C)=O)cc1,CCC(OC(C)=O)c1ccc(OC(C)=O)cc1,pungent;spicy,2,goodscents
C=C[C@H]1CN2CC[C@H]1C[C@H]2[C@H](O)c1ccnc2ccc(OC)cc12,C=CC1CN2CCC1CC2C(O)c1ccnc2ccc(OC)cc12,odorless,1,goodscents
O=P([O-])([O-])OC(CCO)CCO,O=P([O-])([O-])OC(CCO)CCO,odorless,1,goodscents
OB1O[B-]2(O)OB(O)O[B-](O)(O1)O2,OB1O[B-]2(O)OB(O)O[B-](O)(O1)O2,odorless,1,goodscents
CCc1ccc(C/C=C/OC)cc1,CCc1ccc(CC=COC)cc1,fatty;green;muguet,3,goodscents
COC=CCc1ccc(CC(C)C)cc1,COC=CCc1ccc(CC(C)C)cc1,fatty;green;muguet,3,goodscents
[O]=[Ca],[O]=[Ca],odorless,1,goodscents
CCCCCC1C(=O)CCC1C,CCCCCC1C(=O)CCC1C,coconut;fruity;jasmin;spicy;sweet,5,goodscents
CCC/C=C(/C#N)c1ccccc1,CCCC=C(C#N)c1ccccc1,floral;green;herbal;marine;metallic;waxy,6,goodscents
[O]=[Cr][O][Cr]=[O],[O]=[Cr][O][Cr]=[O],odorless,1,goodscents
[O]=[Mg],[O]=[Mg],odorless,1,goodscents
O=P([O-])([O-])[O-],O=P([O-])([O-])[O-],odorless,1,goodscents
COc1ccc(/C=C/C(=O)NCCc2ccc(OC)c(OC)c2)cc1OC,COc1ccc(C=CC(=O)NCCc2ccc(OC)c(OC)c2)cc1OC,cooling;meaty;savory,3,goodscents
COC(=O)c1ccccc1C(=O)OC,COC(=O)c1ccccc1C(=O)OC,odorless,1,goodscents
O=c1[nH]cnc2c1ncn2[C@@H]1O[C@H](COP(=O)(O)O)[C@@H](O)[C@H]1O,O=c1[nH]cnc2c1ncn2C1OC(COP(=O)(O)O)C(O)C1O,odorless,1,goodscents
CC1O[C@@H](C)C(=O)C1=O,CC1OC(C)C(=O)C1=O,caramel,1,goodscents
C/C=C\CCCCCCCC#N,CC=CCCCCCCCC#N,floral;fresh;fruity,3,goodscents
[O]=[Zn],[O]=[Zn],odorless,1,goodscents
[O]=[V](=[O])[O][V](=[O])=[O],[O]=[V](=[O])[O][V](=[O])=[O],odorless,1,goodscents
CC(=O)C1=CCCN1,CC(=O)C1=CCCN1,nutty;roasted;sweet,3,goodscents
C[C@H]1C(C)(C)C2=C(c3ncncc3CC2)C1(C)C,CC1C(C)(C)C2=C(c3ncncc3CC2)C1(C)C,amber;floral;musk;powdery,4,goodscents
C=CCC(CC)C(=O)CC,C=CCC(CC)C(=O)CC,fishy,1,"flavornet,goodscents"
[O]=[Cu],[O]=[Cu],odorless,1,goodscents
CC(=O)c1cc(C(C)(C)C)cc2c1CCC2(C)C,CC(=O)c1cc(C(C)(C)C)cc2c1CCC2(C)C,animal;cedar;musk;woody,4,goodscents
CCCC1CC(C)(OC(C)=O)CCO1,CCCC1CC(C)(OC(C)=O)CCO1,floral;fruity;herbal;tea,4,goodscents
CCCCCCCCC(CCC)OC(=O)C(CC(=O)[O-])S(=O)(=O)[O-],CCCCCCCCC(CCC)OC(=O)C(CC(=O)[O-])S(=O)(=O)[O-],bland,1,goodscents
CCC(O)OC,CCC(O)OC,odorless,1,goodscents
CCOC(=O)C/C(=C/C(=O)[O-])C(=O)[O-],CCOC(=O)CC(=CC(=O)[O-])C(=O)[O-],fruity;sweet;winey,3,goodscents
CC1(C)CCCCC1(C)O,CC1(C)CCCCC1(C)O,hay;leafy,2,goodscents
CC(C)CCCCCCC=O,CC(C)CCCCCCC=O,citrus;floral;green;lemon;milky;rose;sweet;waxy,8,goodscents
CC1(C)C(=O)C2CCC1C2,CC1(C)C(=O)C2CCC1C2,camphor,1,goodscents
CC(=O)/C=C/CC(C)CCCC(C)C,CC(=O)C=CCC(C)CCCC(C)C,balsamic;dry;floral;rose;sweet;woody,6,goodscents
C=C1[C@@H]2CC[C@@H](C2)[C@@]1(C)CC/C=C(/C)COC(C)=O,C=C1C2CCC(C2)C1(C)CCC=C(C)COC(C)=O,acidic;berry;floral;green;nutty;orris;powdery;violet;woody,9,goodscents
C=C1C2CCC(C2)C1(C)CCC=C(C)COC(=O)Cc1ccccc1,C=C1C2CCC(C2)C1(C)CCC=C(C)COC(=O)Cc1ccccc1,floral;honey;sandalwood;woody,4,goodscents
CCCCCCC#CC(OC)OC,CCCCCCC#CC(OC)OC,fresh;green;sweet;violet,4,goodscents
[O-][Si]([O-])([O-])[O-],[O-][Si]([O-])([O-])[O-],odorless,1,goodscents
Nc1ccccc1C(=O)OCCc1ccccc1,Nc1ccccc1C(=O)OCCc1ccccc1,floral;grape;honey;orange;orris;rose;sweet,7,goodscents
Cc1ccccc1C(O)O,Cc1ccccc1C(O)O,almond;bitter;fruity,3,goodscents
CC(C)c1ccnc2ccccc12,CC(C)c1ccnc2ccccc12,earthy;green;leafy;metallic,4,goodscents
CC(C)Cc1ccnc2ccccc12,CC(C)Cc1ccnc2ccccc12,animal;green;herbal;leathery,4,goodscents
COC(=O)c1ccoc1,COC(=O)c1ccoc1,berry;fruity;winey,3,goodscents
CCC(=O)C1=NCCC1,CCC(=O)C1=NCCC1,fishy;roasted,2,"aromadb,flavornet,goodscents"
CC(C)c1cccc(CC=O)c1,CC(C)c1cccc(CC=O)c1,bark;green;woody,3,goodscents
CC1=CC(C)C(C=O)C(C)C1,CC1=CC(C)C(C=O)C(C)C1,aldehydic;earthy;green;herbal;leafy;woody,6,goodscents
CC1=CCCCC1,CC1=CCCCC1,citrus,1,goodscents
CC(C)(CO)Cc1ccccc1,CC(C)(CO)Cc1ccccc1,floral;lily;woody,3,goodscents
CCCCCCCC/C=C\CCCCCCCC(=O)OCC(O)[C@H]1OC[C@@H](O)[C@@H]1O,CCCCCCCCC=CCCCCCCCC(=O)OCC(O)C1OCC(O)C1O,fatty;oily;waxy,3,goodscents
CC(=O)c1sc(C)cc1O,CC(=O)c1sc(C)cc1O,brown;cooked;meaty;roasted,4,goodscents
O=CCC1CC2CC1C1CCCC21,O=CCC1CC2CC1C1CCCC21,floral;fruity;green;lily;marine;muguet,6,goodscents
O=C1O[C@H]([C@@H](O)CO)C([O-])=C1O,O=C1OC(C(O)CO)C([O-])=C1O,odorless,1,goodscents
CC1CCC(C(C)C)C(OC(=O)c2ccccc2N)C1,CC1CCC(C(C)C)C(OC(=O)c2ccccc2N)C1,fruity;grape,2,goodscents
CCc1ccc(CC(C)(C)C#N)cc1,CCc1ccc(CC(C)(C)C#N)cc1,anise;herbal;marine;ozone,4,goodscents
C/C1=C2/[N-]C([C@H](CC(N)=O)[C@@]2(C)CCC(=O)NC[C@H](C)OP(=O)([O-])O[C@H]2[C@@H](O)[C@@H](n3cnc4cc(C)c(C)cc43)O[C@@H]2CO)[C@]2(C)N=C(/C(C)=C3N=C(/C=C4N=C1[C@@H](CCC(N)=O)C\4(C)C)[C@@H](CCC(N)=O)[C@]\3(C)CC(N)=O)[C@@H](CCC(N)=O)[C@]2(C)CC(N)=O,CC1=C2N=C(C=C3N=C(C(C)=C4[N-]C(C(CC(N)=O)C4(C)CCC(=O)NCC(C)OP(=O)([O-])OC4C(CO)OC(n5cnc6cc(C)c(C)cc65)C4O)C4(C)N=C1C(CCC(N)=O)C4(C)CC(N)=O)C(CCC(N)=O)C3(C)C)C(CCC(N)=O)C2(C)CC(N)=O,odorless,1,goodscents
O=[Si]([O-])[O-],O=[Si]([O-])[O-],odorless,1,goodscents
CC(C)=CCCC1(C)CCC(=O)O1,CC(C)=CCCC1(C)CCC(=O)O1,apple;fruity;sweet,3,goodscents
[O]=[Ti]=[O],[O]=[Ti]=[O],odorless,1,goodscents
CC(C)=CCC[C@]1(C)[C@H]2CC=C(C)[C@@H]1C2,CC(C)=CCCC1(C)C2CC=C(C)C1C2,tea;warm;woody,3,"flavornet,goodscents"
CC(C)CC1CC(C)CCO1,CC(C)CC1CC(C)CCO1,floral;geranium;green;herbal;metallic;rose,6,goodscents
CCC1CCC(=O)C1=O,CCC1CCC(=O)C1=O,caramel;sweet,2,goodscents
CC(C)c1ccc2ncccc2c1,CC(C)c1ccc2ncccc2c1,bark;earthy;green;leafy;metallic;nutty;phenolic;weedy,8,goodscents
CC1CCC2C(C)(C)C3CC12CC1OC13C,CC1CCC2C(C)(C)C3CC12CC1OC13C,amber;fresh;herbal;sandalwood;tobacco;woody,6,goodscents
Cc1nc2cccc(OCC(C)(C)C(=O)NC(C)C)c2c(N)c1C(=O)O,Cc1nc2cccc(OCC(C)(C)C(=O)NC(C)C)c2c(N)c1C(=O)O,milky,1,goodscents
CCOC(=O)/C=C/SC,CCOC(=O)C=CSC,onion;sweet,2,goodscents
CCC(C)Cn1cccc1,CCC(C)Cn1cccc1,green,1,goodscents
CCC(=O)C(=O)C(C)CC,CCC(=O)C(=O)C(C)CC,chemical;fruity,2,goodscents
CC(=O)C(=O)c1cccs1,CC(=O)C(=O)c1cccs1,woody,1,goodscents
CCC(=O)c1cccs1,CCC(=O)c1cccs1,caramel;creamy,2,goodscents
CCC(=O)c1nc(C)cs1,CCC(=O)c1nc(C)cs1,fruity;green,2,goodscents
CCCC(CCOC(C)=O)SC(C)=O,CCCC(CCOC(C)=O)SC(C)=O,apricot;burnt;fruity;garlic;green;metallic;onion;peach;sulfur;sweet;tropical;vegetable,12,goodscents
CCCCCCCC1CCCC1=O,CCCCCCCC1CCCC1=O,fresh;fruity;jasmin;oily;peach;tropical,6,goodscents
CC(C)(CO)C(O)C(=O)NCCC(=O)[O-],CC(C)(CO)C(O)C(=O)NCCC(=O)[O-],odorless,1,goodscents
CCCCCCCCCCCC(=O)N(C)CC(=O)[O-],CCCCCCCCCCCC(=O)N(C)CC(=O)[O-],bland,1,goodscents
CCC(=O)[O-],CCC(=O)[O-],bland,1,goodscents
CCCCCCCCCCCCCCCC(=O)OC[C@H](O)[C@H]1OC(=O)C(O)=C1O,CCCCCCCCCCCCCCCC(=O)OCC(O)C1OC(=O)C(O)=C1O,citrus,1,goodscents
C/C=C/C(=O)OC(CC)C(C)C,CC=CC(=O)OC(CC)C(C)C,fresh;fruity;sweet;woody,4,goodscents
CC[C@@H](/C=C/C1=C(C)CCCC1(C)C)OC(C)=O,CCC(C=CC1=C(C)CCCC1(C)C)OC(C)=O,berry;raspberry,2,goodscents
C=C1CCCC(C)(C)C1CCC(C)=O,C=C1CCCC(C)(C)C1CCC(C)=O,amber;animal;earthy;fatty;floral;orris;tobacco;violet;warm;woody,10,goodscents
C/C1=C\CCC2(C)OC2CC/C(C)=C/CC1,CC1=CCCC2(C)OC2CCC(C)=CCC1,amber;woody,2,goodscents
C=C(C)C1CCC(C=O)CC1,C=C(C)C1CCC(C=O)CC1,fruity;herbal;spicy,3,goodscents
CC(C)C1CC=C(CCC=O)CC1,CC(C)C1CC=C(CCC=O)CC1,aldehydic;floral;green;lily,4,goodscents
CC1C(=O)CC23CC1C(C)(C)C2CCC3C,CC1C(=O)CC23CC1C(C)(C)C2CCC3C,cedar;woody,2,goodscents
CC(C)c1ccc(C#N)cc1,CC(C)c1ccc(C#N)cc1,dry;green;spicy,3,goodscents
CC(C)C1CCC(CO)CC1,CC(C)C1CCC(CO)CC1,clean;floral;fresh;grass;grassy;muguet,6,"aromadb,goodscents"
O=C([O-])CN(CCN(CC(=O)[O-])CC(=O)O)CC(=O)O,O=C([O-])CN(CCN(CC(=O)[O-])CC(=O)O)CC(=O)O,odorless,1,goodscents
CCC(O)COC1CCCCC1C(C)(C)C,CCC(O)COC1CCCCC1C(C)(C)C,amber;woody,2,goodscents
COC(=O)C(C)C(C)OC(C)=O,COC(=O)C(C)C(C)OC(C)=O,fruity;sweet,2,goodscents
CCOC(=O)C(C)C(C)OC(C)=O,CCOC(=O)C(C)C(C)OC(C)=O,fruity,1,goodscents
C=C[C@]1(C)OC(C)(C)CC[C@@H]1O,C=CC1(C)OC(C)(C)CCC1O,citrus;green;woody,3,"aromadb,goodscents"
CC1(C)[C@@H](O[C@H]2O[C@H](C(=O)O)[C@@H](O)[C@H](O)[C@H]2O[C@@H]2O[C@H](C(=O)O)[C@@H](O)[C@H](O)[C@H]2O)CC[C@]2(C)[C@H]3C(=O)C=C4[C@@H]5C[C@@](C)(C(=O)O)CC[C@]5(C)CC[C@@]4(C)[C@]3(C)CC[C@@H]12,CC1(C(=O)O)CCC2(C)CCC3(C)C(=CC(=O)C4C5(C)CCC(OC6OC(C(=O)O)C(O)C(O)C6OC6OC(C(=O)O)C(O)C(O)C6O)C(C)(C)C5CCC43C)C2C1,bland;mild;spicy,3,goodscents
CC(=O)OCC1=CC[C@@]23C[C@@H]1C(C)(C)[C@@H]2CC[C@H]3C,CC(=O)OCC1=CCC23CC1C(C)(C)C2CCC3C,cedar;dry;vetiver;waxy;woody,5,goodscents
CSCC(C)=O,CSCC(C)=O,melon,1,goodscents
CCC(C)C(=O)CC(C)S,CCC(C)C(=O)CC(C)S,grape;grapefruit;tropical,3,goodscents
CCC(=O)OCC(C)(C)OC(C)C1CCCC(C)(C)C1,CCC(=O)OCC(C)(C)OC(C)C1CCCC(C)(C)C1,floral;fruity;musk;pear;woody,5,goodscents
NC(CCC(=O)O)C(=O)[O-],NC(CCC(=O)O)C(=O)[O-],bland,1,goodscents
C1CCOCC1,C1CCOCC1,ethereal;pungent;sweet,3,goodscents
CCCCCCC,CCCCCCC,ethereal;sweet,2,"flavornet,goodscents"
CCCCCC1=C(C)COC1=O,CCCCCC1=C(C)COC1=O,floral;fruity,2,goodscents
C=CC1(C)CCC(C(C)(O)CCC=C(C)C)O1,C=CC1(C)CCC(C(C)(O)CCC=C(C)C)O1,floral;mild,2,goodscents
CC1OC(OCC2OC(Oc3cc(O)c4c(c3)OC(c3ccc(O)cc3)CC4=O)C(O)C(O)C2O)C(O)C(O)C1O,CC1OC(OCC2OC(Oc3cc(O)c4c(c3)OC(c3ccc(O)cc3)CC4=O)C(O)C(O)C2O)C(O)C(O)C1O,bland,1,goodscents
CC/C=C\CCOCCC#N,CCC=CCCOCCC#N,cucumber;fatty;floral;fruity;green;oily;tropical;violet,8,goodscents
C=CCOCCc1ccccc1,C=CCOCCc1ccccc1,fruity;green;honey;mushroom,4,goodscents
C=C(C)c1ccnc(CC)c1,C=C(C)c1ccnc(CC)c1,bitter;herbal;nutty,3,goodscents
CC(=O)c1cc(C(C)C)ccn1,CC(=O)c1cc(C(C)C)ccn1,grassy;green;herbal;leafy;violet,5,"aromadb,goodscents"
CCC=C(C)C(O)CCCC,CCC=C(C)C(O)CCCC,fatty;green,2,goodscents
CCCCCCCCCCCC1=NCC[N+]1(CCOCC(=O)[O-])CC(=O)[O-],CCCCCCCCCCCC1=NCC[N+]1(CCOCC(=O)[O-])CC(=O)[O-],bland,1,goodscents
COC(=O)CC1CCCCC1,COC(=O)CC1CCCCC1,banana;fruity;honey;pineapple;tropical,5,goodscents
CC=Cc1cc(C(C)C)ccc1C,CC=Cc1cc(C(C)C)ccc1C,dry;earthy;green;sweet,4,goodscents
CSC(C)CC(C)=O,CSC(C)CC(C)=O,pungent,1,goodscents
O=C(O)C(=O)O,O=C(O)C(=O)O,bland,1,goodscents
CCCCCCCC(=O)CCC,CCCCCCCC(=O)CCC,fruity,1,goodscents
CCCCC(=O)OC(C)(C)C1CC=C(C)CC1,CCCCC(=O)OC(C)(C)C1CC=C(C)CC1,floral;fruity,2,goodscents
CSCC[C@H](N)C(=O)NCC(=O)O,CSCCC(N)C(=O)NCC(=O)O,cheesy;meaty;savory,3,goodscents
Cc1c(C)c([N+](=O)[O-])c(C(C)(C)C)c([N+](=O)[O-])c1C,Cc1c(C)c([N+](=O)[O-])c(C(C)(C)C)c([N+](=O)[O-])c1C,fatty;musk;powdery;sweet,4,goodscents
S=c1nccc[nH]1,S=c1nccc[nH]1,green;onion,2,goodscents
COc1nccs1,COc1nccs1,bready;caramel,2,goodscents
C=CCCCC=CCOC,C=CCCCC=CCOC,fatty;fruity;green;violet,4,goodscents
O=C1CC/C=C\CCCCCCCCCC1,O=C1CCC=CCCCCCCCCCC1,animal;fruity;musk;powdery,4,goodscents
O=C([O-])c1ccccn1,O=C([O-])c1ccccn1,odorless,1,goodscents
CCCCCC/C=C\CCCCC(C)=O,CCCCCCC=CCCCCC(C)=O,fruity;jasmin;orris,3,goodscents
O=C(O)[C@@H]1CCCN1,O=C(O)C1CCCN1,odorless,1,goodscents
CC/C=C\CCCCCCC=O,CCC=CCCCCCCC=O,aldehydic;citrus;clean;floral;waxy,5,goodscents
COC(=O)c1ccccc1N=Cc1ccc(OC)cc1,COC(=O)c1ccccc1N=Cc1ccc(OC)cc1,floral;hawthorn;powdery;sweet,4,goodscents
CC(C)=CCC/C(C)=C/Cc1cc2ccc(=O)oc2cc1O,CC(C)=CCCC(C)=CCc1cc2ccc(=O)oc2cc1O,fruity;orris,2,goodscents
O=[Si]([O-])O,O=[Si]([O-])O,odorless,1,goodscents
OC[C@@H](O)[C@@H](O)CO,OCC(O)C(O)CO,odorless,1,goodscents
CCCC/C=C\CCCCCCOC(C)=O,CCCCC=CCCCCCCOC(C)=O,fruity,1,goodscents
CCC/C=C/COC(=O)CC1CCCC1,CCCC=CCOC(=O)CC1CCCC1,fruity;jasmin;lactonic;pear,4,goodscents
O=C([O-])CCC(=O)[O-],O=C([O-])CCC(=O)[O-],odorless,1,goodscents
C/C(=C\c1ccccc1)CO,CC(=Cc1ccccc1)CO,balsamic;floral;sweet,3,goodscents
COc1ccc(OC(C)C(=O)[O-])cc1,COc1ccc(OC(C)C(=O)[O-])cc1,bland,1,goodscents
CCCCCCCCCCCCOS(=O)(=O)[O-],CCCCCCCCCCCCOS(=O)(=O)[O-],odorless,1,goodscents
CCOC(=O)C1CC=CCC1,CCOC(=O)C1CC=CCC1,floral;fruity;sweet,3,goodscents
O[B-]1(O)OO[B-](O)(O)OO1,O[B-]1(O)OO[B-](O)(O)OO1,odorless,1,goodscents
Cc1ccc(OCCO)cc1,Cc1ccc(OCCO)cc1,animal;floral;jasmin,3,goodscents
CN1c2c(nc(N)[nH]c2=O)NC[C@@H]1CNc1ccc(C(=O)N[C@@H](CCC(=O)[O-])C(=O)[O-])cc1,CN1c2c(nc(N)[nH]c2=O)NCC1CNc1ccc(C(=O)NC(CCC(=O)[O-])C(=O)[O-])cc1,odorless,1,goodscents
CC/C=C\C/C=C\CC1CCC(=O)O1,CCC=CCC=CCC1CCC(=O)O1,herbal;spicy,2,goodscents
CC(=O)c1cc2c(cc1C)C(C)(C)C(C)C2(C)C,CC(=O)c1cc2c(cc1C)C(C)(C)C(C)C2(C)C,amber;dry;fruity;musk;powdery;sweet,6,goodscents
CC(C)=CCCC(C)C1(O)CC=C(C)CC1,CC(C)=CCCC(C)C1(O)CC=C(C)CC1,citrus;floral;fresh;herbal;lemon;sweet,6,"aromadb,flavornet,goodscents"
CC1=CCC(CC#N)C1(C)C,CC1=CCC(CC#N)C1(C)C,hay;pine,2,goodscents
CCOC(=O)C(O)Cc1ccccc1,CCOC(=O)C(O)Cc1ccccc1,black;peppery;spicy,3,goodscents
CCCCC(O)C(C)CCC,CCCCC(O)C(C)CCC,herbal;spicy,2,goodscents
CC(C)=C1C/C=C(\C)CC/C=C(\C)CC1,CC1=CCC(=C(C)C)CCC(C)=CCC1,earthy;rose;spicy;woody,4,"aromadb,flavornet,goodscents"
CCCC/C=C\CCCC1CCCC(=O)O1,CCCCC=CCCCC1CCCC(=O)O1,fatty;fruity,2,goodscents
CCC(C)C(=O)OCC(C)OC(=O)C(C)CC,CCC(C)C(=O)OCC(C)OC(=O)C(C)CC,buttery;fruity,2,goodscents
CCOC(=O)[C@@H]1[C@@H](C=C(C)C)C1(C)C,CCOC(=O)C1C(C=C(C)C)C1(C)C,floral;fruity;herbal;sweet;winey,5,goodscents
CCCCCC1OC(C)C(C)O1,CCCCCC1OC(C)C(C)O1,fatty;green;sweet,3,goodscents
CCCCCCCCCCCCCCCCCCCCC(C)C,CCCCCCCCCCCCCCCCCCCCC(C)C,waxy,1,goodscents
C=CCSC(=O)CCC,C=CCSC(=O)CCC,fruity;sulfur;tropical,3,goodscents
CCOC(=O)CC(C)S,CCOC(=O)CC(C)S,roasted;sour;sulfur;sweet,4,goodscents
CC=CC(C)O,CC=CC(C)O,green,1,"flavornet,goodscents"
CCCCCC/C=C/CCCCCCCC(=O)OC/C=C(\C)CC/C=C(\C)CCC=C(C)C,CCCCCCC=CCCCCCCCC(=O)OCC=C(C)CCC=C(C)CCC=C(C)C,citrus;floral;green;rose;sweet;waxy;woody,7,goodscents
CC1=CCC(C(C)CCO)CC1,CC1=CCC(C(C)CCO)CC1,citrus;clean;floral;fresh;herbal;rose;sweet;warm,8,goodscents
C=Cc1ncc(C)nc1C,C=Cc1ncc(C)nc1C,earthy;musty,2,"flavornet,goodscents"
C=C(C)C1CCC(C)CC1C(=O)NCC,C=C(C)C1CCC(C)CC1C(=O)NCC,minty,1,goodscents
CCOC(=O)CC1C=CCC1,CCOC(=O)CC1C=CCC1,fruity;pear;pineapple;plum,4,goodscents
COC(=O)CC(O)(CC(=O)OC)C(=O)OC,COC(=O)CC(O)(CC(=O)OC)C(=O)OC,ethereal;fruity,2,goodscents
OC[C@H]1O[C@@H]2OC[C@H]3O[C@H](O[C@@H]4[C@@H](O)[C@@H](OC[C@H]5O[C@H](O[C@H]([C@H]2O)[C@@H]1O)[C@H](O)[C@@H](O)[C@@H]5O)O[C@H](CO)[C@H]4O)[C@H](O)[C@@H](O)[C@@H]3O,OCC1OC2OCC3OC(OC4C(O)C(CO)OC(OCC5OC(OC(C1O)C2O)C(O)C(O)C5O)C4O)C(O)C(O)C3O,odorless,1,goodscents
Cc1nccnc1C(C)C,Cc1nccnc1C(C)C,coffee;woody,2,goodscents
CCCCc1nccnc1C,CCCCc1nccnc1C,anise;licorice,2,goodscents
CC(=O)O[C@H](C)c1ccccc1,CC(=O)OC(C)c1ccccc1,apple;apricot;floral;fresh;fruity;green;herbal;jammy;jasmin;leafy;musty;strawberry;sweet,13,goodscents
CC(CC=O)c1ccccc1,CC(CC=O)c1ccccc1,green;herbal;hyacinth,3,goodscents
CC(=O)C(O)CC(C)C,CC(=O)C(O)CC(C)C,chocolate;sweet,2,goodscents
CCCCCCCC(=O)OCCc1scnc1C,CCCCCCCC(=O)OCCc1scnc1C,nutty;roasted,2,goodscents
Cc1cc(CC(C)C)ccc1CCC=O,Cc1cc(CC(C)C)ccc1CCC=O,aldehydic;floral;green,3,goodscents
CCCC/C=C/CCCC(=O)O,CCCCC=CCCCC(=O)O,buttery;fatty;green;milky,4,goodscents
CC(=O)C1=CSCCN1,CC(=O)C1=CSCCN1,cooked;nutty;popcorn;roasted,4,"aromadb,goodscents"
CC(=O)c1cc2ccccc2o1,CC(=O)c1cc2ccccc2o1,coumarinic;floral;honey;lactonic;orangeflower;sweet;tropical,7,goodscents
COc1ccc(CC2CC2)cc1,COc1ccc(CC2CC2)cc1,anise;black;herbal;licorice;spicy;sweet,6,goodscents
CCCCCCCC1(C)OCC(C)O1,CCCCCCCC1(C)OCC(C)O1,fatty;floral;fruity;herbal,4,goodscents
CC(=O)OCCC1(C)CCC(C(C)C)S1,CC(=O)OCCC1(C)CCC(C(C)C)S1,strawberry;tropical,2,goodscents
C=C/C=C\C#CCCCCC,C=CC=CC#CCCCCC,chicken;floral;fruity;green;leaf;tropical;violet,7,goodscents
CCCCCCCCCCCCCCCCCCCCCC[N+](C)(C)Cc1ccccc1,CCCCCCCCCCCCCCCCCCCCCC[N+](C)(C)Cc1ccccc1,bland,1,goodscents
CC1=CCC2(O)CC1C2(C)C,CC1=CCC2(O)CC1C2(C)C,musty,1,goodscents
CCCCC/C=C\C/C=C\CCCCCCCC[N+](CCCOCCO)(CCOCCO)CC(O)CO,CCCCCC=CCC=CCCCCCCCC[N+](CCCOCCO)(CCOCCO)CC(O)CO,bland,1,goodscents
CCCCCCCCOC(=O)CC(=O)OCCCCCCCC,CCCCCCCCOC(=O)CC(=O)OCCCCCCCC,fatty,1,goodscents
C=C(C)[C@H]1CC[C@]2(C)CCCC(=C)[C@H]2C1,C=C(C)C1CCC2(C)CCCC(=C)C2C1,herbal,1,"flavornet,goodscents"
CCCCCC(=O)OC(C)CO,CCCCCC(=O)OC(C)CO,ethereal;fruity;green,3,goodscents
CCCCCCC1OCCO1,CCCCCCC1OCCO1,bark;fatty;fresh;fruity;green;oily;plastic,7,goodscents
CCCCCCC1OCC(CO)O1,CCCCCCC1OCC(CO)O1,earthy;green;sweet,3,goodscents
COc1ccc(C(=O)OCC(=O)[O-])cc1,COc1ccc(C(=O)OCC(=O)[O-])cc1,brown;cooked;roasted,3,goodscents
O=C1CCCCCCCCOCCCCCCO1,O=C1CCCCCCCCOCCCCCCO1,animal;floral;fruity;musk;oily;sweet,6,goodscents
CC(=O)OCCC1CC=C(C)C1(C)C,CC(=O)OCCC1CC=C(C)C1(C)C,berry;camphor;floral;herbal;lavender;sweet;violet;woody,8,"aromadb,goodscents"
CC(C)(C)[C@@H]1CCCCC1=O,CC(C)(C)C1CCCCC1=O,camphoreous;minty;orris;woody,4,goodscents
CC[C@H](C)CC=O,CCC(C)CC=O,fresh;fruity;green;odorless;pungent,5,goodscents
CCCCCCCCCCCCCCCCCCCCCC[N+](C)(C)C,CCCCCCCCCCCCCCCCCCCCCC[N+](C)(C)C,bland,1,goodscents
CCC1(C)C(C)C(=O)C=C(C)C1C,CCC1(C)C(C)C(=O)C=C(C)C1C,caramel;fruity;spicy;warm,4,goodscents
OCC1OC2OC3C(CO)OC(OC4C(CO)OC(OC5C(CO)OC(OC6C(CO)OC(OC7C(CO)OC(OC8C(CO)OC(OC9C(CO)OC(OC1C(O)C2O)C(O)C9O)C(O)C8O)C(O)C7O)C(O)C6O)C(O)C5O)C(O)C4O)C(O)C3O,OCC1OC2OC3C(CO)OC(OC4C(CO)OC(OC5C(CO)OC(OC6C(CO)OC(OC7C(CO)OC(OC8C(CO)OC(OC9C(CO)OC(OC1C(O)C2O)C(O)C9O)C(O)C8O)C(O)C7O)C(O)C6O)C(O)C5O)C(O)C4O)C(O)C3O,odorless,1,goodscents
C=Cc1scnc1C,C=Cc1scnc1C,cocoa;musty;nutty;vegetable,4,goodscents
CCCCCCOCC(OC)OC,CCCCCCOCC(OC)OC,floral;fresh;fruity;green;leafy;sweet,6,goodscents
CC[C@H](C)CCCO,CCC(C)CCCO,fatty;green;nut;nutty;sour;spicy,6,"flavornet,goodscents"
CC1=CCC23C(C)CCC(C(C)C)C2C13,CC1=CCC23C(C)CCC(C(C)C)C2C13,citrus;herbal;waxy,3,"aromadb,flavornet,goodscents"
CCCCCCCCCCC(CCCCCC)COCC(C)OCC(C)OCCOC(C)=O,CCCCCCCCCCC(CCCCCC)COCC(C)OCC(C)OCCOC(C)=O,bland,1,goodscents
C=C/C(C)=C\C[C@@H]1[C@@]2(C)CCCC(C)(C)[C@@H]2CC[C@@]1(C)O,C=CC(C)=CCC1C(C)(O)CCC2C(C)(C)CCCC21C,amber;balsamic;woody,3,goodscents
c1ccc2c(c1)CC1COCOC21,c1ccc2c(c1)CC1COCOC21,animal;earthy;jasmin,3,goodscents
COc1cc(C2OCC(COC3CC(C)CCC3C(C)C)O2)ccc1O,COc1cc(C2OCC(COC3CC(C)CCC3C(C)C)O2)ccc1O,minty;vanilla,2,goodscents
CC(=O)C1(C)CC2(O)OC(C)(C(C)=O)OC2(C)O1,CC(=O)C1(C)CC2(O)OC(C)(C(C)=O)OC2(C)O1,buttery;roasted,2,goodscents
CCCCCCCCCCCCCCCC[N+](C)(C)CCCCCCCCCCCCCCCC,CCCCCCCCCCCCCCCC[N+](C)(C)CCCCCCCCCCCCCCCC,bland,1,goodscents
CCOC1CCC(C(C)(C)CC)CC1,CCOC1CCC(C(C)(C)CC)CC1,fresh;green;marine;ozone,4,goodscents
CC(C)(C)c1ccc(CCC=O)cc1,CC(C)(C)c1ccc(CCC=O)cc1,floral;fresh;sweet,3,goodscents
C=Cc1ncc(C)nc1CC,C=Cc1ncc(C)nc1CC,earthy,1,"flavornet,goodscents"
CC(C)OC(=O)c1ccccc1N,CC(C)OC(=O)c1ccccc1N,floral;hawthorn;honey,3,goodscents
CCCCCCCCCCOC(=O)c1ccccc1N,CCCCCCCCCCOC(=O)c1ccccc1N,floral;grape,2,goodscents
CC1=C[C@H]2OC(=O)[C@H](C)[C@H]2CC1,CC1=CC2OC(=O)C(C)C2CC1,coconut;spicy;sweet;woody,4,"flavornet,goodscents"
C=C(C)C1=CC=C(C)CC1,C=C(C)C1=CC=C(C)CC1,camphoreous;chemical;cooling;herbal;oily;pine;terpenic;tropical;woody,9,"flavornet,goodscents"
C=C(C)[C@@H]1CC[C@H](C)C2=C(C1)[C@@H](C)CC2=O,C=C(C)C1CCC(C)C2=C(C1)C(C)CC2=O,peppery;woody,2,goodscents
CC/C=C(\C)COC(C)=O,CCC=C(C)COC(C)=O,banana;fruity;melon;pear,4,goodscents
CCCc1nc(C)cnc1C,CCCc1nc(C)cnc1C,hazelnut;nutty,2,goodscents
Cc1cnc(C)c(CCC(C)C)n1,Cc1cnc(C)c(CCC(C)C)n1,fruity,1,"flavornet,goodscents"
CCCCCCC1CCOC1=O,CCCCCCC1CCOC1=O,coconut;floral;fruity;grassy;green;sweet,6,goodscents
CC(C)=CCC/C(C)=C/CCC=O,CC(C)=CCCC(C)=CCCC=O,aldehydic;citrus;floral;marine;ozone,5,goodscents
C=CC(C)(O)CCCC(C)C,C=CC(C)(O)CCCC(C)C,camphor;camphoreous;citrus;woody,4,"flavornet,goodscents"
CCC(C)(O)C=CC=C(C)C,CCC(C)(O)C=CC=C(C)C,citrus;floral;fresh;lily;sweet,5,goodscents
CC(=O)C1(C)CCC2=C(C1C)C(C)(C)CCC2,CC(=O)C1(C)CCC2=C(C1C)C(C)(C)CCC2,amber;floral;woody,3,goodscents
N[C@@H](CCC(=O)[O-])C(=O)[O-],NC(CCC(=O)[O-])C(=O)[O-],odorless,1,goodscents
C=CCc1cc2c(cc1OC)OCO2,C=CCc1cc2c(cc1OC)OCO2,peppery;spicy,2,"flavornet,goodscents"
Cc1cccc(CCO)c1,Cc1cccc(CCO)c1,floral;jasmin;muguet;rose;woody,5,goodscents
CCCCCCCCCCCCCCC(C)=O,CCCCCCCCCCCCCCC(C)=O,fruity,1,"flavornet,goodscents"
N#C/C=C/c1ccccc1,N#CC=Cc1ccccc1,cinnamon;spicy,2,goodscents
CC/C=C\CCOC(=O)C1CC1,CCC=CCCOC(=O)C1CC1,floral;fresh;fruity;green;tropical,5,goodscents
CCCCC[C@H]1O[C@H]1/C=C/C=O,CCCCCC1OC1C=CC=O,aldehydic;citrus;green;metallic,4,"flavornet,goodscents"
CCOC1CC2CCC1(C)C2(C)C,CCOC1CC2CCC1(C)C2(C)C,camphoreous;woody,2,goodscents
C=CC/C=C/CCC(=O)OC,C=CCC=CCCC(=O)OC,fruity;green;pear,3,goodscents
O=C(O)CC(O)(CC(=O)O)C(=O)[O-],O=C(O)CC(O)(CC(=O)O)C(=O)[O-],odorless,1,goodscents
CCCCCCOC(=O)/C=C/C(=O)OCCCCCC,CCCCCCOC(=O)C=CC(=O)OCCCCCC,bark;floral;fresh;green;herbal;plastic,6,goodscents
CC1COCc2cc3c(cc21)C(C)(C)CCC3(C)C,CC1COCc2cc3c(cc21)C(C)(C)CCC3(C)C,musk,1,goodscents
CC(COC(=O)c1ccccc1)OC(=O)c1ccccc1,CC(COC(=O)c1ccccc1)OC(=O)c1ccccc1,ethereal;metallic,2,goodscents
CC(C)c1ccc2c(c1)CCC1C(C)(C)CCCC21C,CC(C)c1ccc2c(c1)CCC1C(C)(C)CCCC21C,herbal;spicy;woody,3,goodscents
CC1=C[C@@]2(O)O[C@@]3(CC2=C(C)C)[C@@H](C)CC[C@@H]13,CC1=CC2(O)OC3(CC2=C(C)C)C(C)CCC13,fatty;fresh,2,goodscents
CC1=C[C@H]2[C@H](C(C)C)CC[C@@](C)(O)[C@H]2CC1,CC1=CC2C(C(C)C)CCC(C)(O)C2CC1,balsamic;earthy;herbal;honey;oily;spicy;woody,7,"aromadb,flavornet,goodscents"
CCOC(=O)C1(CC)OC1(C)c1ccccc1,CCOC(=O)C1(CC)OC1(C)c1ccccc1,berry;fruity;jammy;raspberry;strawberry,5,goodscents
CC(C)=CCC/C(C)=C/CC[C@H](C)CC=O,CC(C)=CCCC(C)=CCCC(C)CC=O,creamy;floral;green;muguet;waxy,5,goodscents
CC(C)[C@@H]1CC[C@H](C)C[C@H]1OCC(C)(O)CO,CC1CCC(C(C)C)C(OCC(C)(O)CO)C1,cooling;minty,2,goodscents
CC/C=C/CCCCOC(=O)CC,CCC=CCCCCOC(=O)CC,apple;banana;cucumber;green;leaf;leafy;melon;tropical;violet;woody,10,goodscents
C=C/C(C)=C\C/C=C(\C)COC(C)=O,C=CC(C)=CCC=C(C)COC(C)=O,fruity,1,goodscents
CCCCCCCCCC#N,CCCCCCCCCC#N,cognac;fatty;fresh;musty;oily;waxy,6,goodscents
Cc1ccccc1CCO,Cc1ccccc1CCO,earthy;floral;green;rose;waxy,5,goodscents
CC=CCC(=O)OCCCC,CC=CCC(=O)OCCCC,chamomile;herbal,2,goodscents
CC1(C)[C@H](C[C@H]2C[C@@]2(C)CO)C[C@H]2C[C@]21C,CC1(CO)CC1CC1CC2CC2(C)C1(C)C,fatty;floral;herbal;sandalwood;tropical;woody,6,goodscents
COc1nc(C)cnc1C,COc1nc(C)cnc1C,earthy,1,"flavornet,goodscents"
CO[C@@]1(C)CC[C@@]23C[C@@H]1C(C)(C)[C@@H]2CC[C@H]3C,COC1(C)CCC23CC1C(C)(C)C2CCC3C,cedar;dry;earthy;vetiver;woody,5,goodscents
C/C1=C\CCC2(C)O[C@@H]2CC(C)(C)/C=C/C1,CC1=CCCC2(C)OC2CC(C)(C)C=CC1,herbal,1,"flavornet,goodscents"
C=C/C=C(\C)CC(C)(O)C=C,C=CC=C(C)CC(C)(O)C=C,floral;spicy;sweet;tropical,4,goodscents
CCCCCCCC(C=O)=Cc1ccccc1,CCCCCCCC(C=O)=Cc1ccccc1,fruity;green;leafy,3,goodscents
CCC#CCCCCC,CCC#CCCCCC,cucumber;green;marine,3,goodscents
CCCCCC1CCOC(C)O1,CCCCCC1CCOC(C)O1,ethereal;green;musty,3,goodscents
CCCCCC1CCOC(CCCCC)O1,CCCCCC1CCOC(CCCCC)O1,fatty;green,2,goodscents
CC(=O)O[C@H]1CCC[C@H](C(C)(C)C)C1,CC(=O)OC1CCCC(C(C)(C)C)C1,camphoreous;floral;fresh;orris;woody,5,goodscents
C=C1C=CC([C@@H](C)CCC=C(C)C)CC1,C=C1C=CC(C(C)CCC=C(C)C)CC1,fruity;herbal;sweet;woody,4,"aromadb,flavornet,goodscents"
CC(O)CC(C)(C)c1ccccc1,CC(O)CC(C)(C)c1ccccc1,floral;green;hyacinth;muguet,4,goodscents
CC(=O)c1c(C)cc(C(C)(C)C)cc1C,CC(=O)c1c(C)cc(C(C)(C)C)cc1C,dry;musk;orangeflower;rose;woody,5,goodscents
C=C(C)[C@@H]1CC[C@H]2CC(=O)C[C@@H](C)[C@]2(C)C1,C=C(C)C1CCC2CC(=O)CC(C)C2(C)C1,citrus;grapefruit;green;peel,4,"aromadb,goodscents"
CCCCOC(=O)c1ccccc1O,CCCCOC(=O)c1ccccc1O,fruity,1,"aromadb,goodscents"
COc1cc(C=O)ccc1OC(=O)C(C)C,COc1cc(C=O)ccc1OC(=O)C(C)C,caramel;chocolate;creamy;fruity;sweet;vanilla,6,goodscents
C/C=C/c1cc(OC)c(O)c(OC)c1,CC=Cc1cc(OC)c(O)c(OC)c1,spicy;sweet,2,"aromadb,goodscents"
CC(C)(C)C1CCC(C=O)CC1,CC(C)(C)C1CCC(C=O)CC1,floral;woody,2,goodscents
COc1ccc(CCC(=O)c2c(O)cc(O[C@@H]3O[C@H](CO)[C@@H](O)[C@H](O)[C@H]3O[C@@H]3O[C@@H](C)[C@H](O)[C@@H](O)[C@H]3O)cc2O)cc1O,COc1ccc(CCC(=O)c2c(O)cc(OC3OC(CO)C(O)C(O)C3OC3OC(C)C(O)C(O)C3O)cc2O)cc1O,bland;odorless,2,goodscents
CC(C)=CCCC(C)CCOC(=O)C=C(C)C,CC(C)=CCCC(C)CCOC(=O)C=C(C)C,floral;geranium;rose,3,goodscents
CC(C)c1cccc(C(C)C)c1O,CC(C)c1cccc(C(C)C)c1O,mild;phenolic,2,goodscents
CCC(C)(CCCC(C)C)OC(C)=O,CCC(C)(CCCC(C)C)OC(C)=O,bergamot;citrus;floral;fresh;woody,5,goodscents
COC(=O)CC(C)SC,COC(=O)CC(C)SC,cooked;sweet,2,goodscents
CCCCCCCc1ccccn1,CCCCCCCc1ccccn1,earthy;floral;geranium;green,4,goodscents
Cc1ccc(CC(C)(C)O)cc1,Cc1ccc(CC(C)(C)O)cc1,floral;green;muguet,3,goodscents
CC(C)Cn1cccc1,CC(C)Cn1cccc1,chemical;woody,2,goodscents
C=CCc1ccc(OCCC(C)C)c(OC)c1,C=CCc1ccc(OCCC(C)C)c(OC)c1,honey;vanilla,2,goodscents
CCOC(=O)CCc1ccccc1O,CCOC(=O)CCc1ccccc1O,spicy,1,goodscents
CC(C)(C)C(=O)OCc1ccccc1,CC(C)(C)C(=O)OCc1ccccc1,chamomile;floral;herbal,3,goodscents
CC(C=O)C1CCCCC1,CC(C=O)C1CCCCC1,fresh;fruity;green,3,goodscents
COc1ccc(OC)c(C(C)(C)C)c1,COc1ccc(OC)c(C(C)(C)C)c1,vetiver;woody,2,goodscents
CC(C)=CCCC(C)CCOC(=O)[C@@H](C)O,CC(C)=CCCC(C)CCOC(=O)C(C)O,floral;lily;warm,3,goodscents
CC(C)C1CCC(C)(O)CC1,CC(C)C1CCC(C)(O)CC1,herbal;pine;sweet;terpenic;woody,5,goodscents
C[C@@H]1CC[C@H]2C(C)(C)[C@H]3C[C@@]12CC1OC(C)(C)OC13C,CC1CCC2C(C)(C)C3CC12CC1OC(C)(C)OC13C,amber;woody,2,goodscents
CC(=O)c1cc2c(cc1C)C(C)(C)C(C)CC2(C)C,CC(=O)c1cc2c(cc1C)C(C)(C)C(C)CC2(C)C,amber;fruity;musk;powdery;sweet,5,goodscents
CCCC(O)CC(=O)OC,CCCC(O)CC(=O)OC,estery;fruity;juicy;oily;pineapple;ripe;sweet;tropical;woody,9,goodscents
C=C(C)C1C=CC(C)=CC1,C=C(C)C1C=CC(C)=CC1,roasted,1,goodscents
CC12CCC3(CCCC(C)(C)C3C1)OC2=O,CC12CCC3(CCCC(C)(C)C3C1)OC2=O,amber;animal;dry;musk,4,goodscents
CC1=C[C@H]2[C@H](C(C)C)CC[C@@H](C)[C@]2(O)CC1,CC1=CC2C(C(C)C)CCC(C)C2(O)CC1,earthy;green;herbal;spicy;tea,5,"aromadb,flavornet,goodscents"
CC1=CCC(C(C)C)c2cc(C)ccc21,CC1=CCC(C(C)C)c2cc(C)ccc21,woody,1,"flavornet,goodscents"
CC(C)CC1CCCC(C)(O)C1,CC(C)CC1CCCC(C)(O)C1,citrus;floral;muguet,3,goodscents
O=C(O)c1ccccc1O,O=C(O)c1ccccc1O,nutty;phenolic;sweet,3,"aromadb,goodscents"
CC1=C(O)C(=O)CC1C,CC1=C(O)C(=O)CC1C,caramel,1,"flavornet,goodscents"
CC/C=C\C/C=C\CC=O,CCC=CCC=CCC=O,cucumber;fatty;soap,3,"flavornet,goodscents"
CCCCCCCCCCCCCCCCOP(=O)(O)OCCCCCCCCCCCCCCCC,CCCCCCCCCCCCCCCCOP(=O)(O)OCCCCCCCCCCCCCCCC,bland,1,goodscents
CC(=O)c1cncc(C)n1,CC(=O)c1cncc(C)n1,cocoa;coffee;popcorn;roasted,4,goodscents
C=C(OC(C)=O)c1ccccc1,C=C(OC(C)=O)c1ccccc1,animal;floral;phenolic,3,goodscents
CC1CCC(C(C)C)C(OC(=O)CCCC(=O)O)C1,CC1CCC(C(C)C)C(OC(=O)CCCC(=O)O)C1,minty,1,goodscents
Cc1cccc(C(C)(C)C)c1O,Cc1cccc(C(C)(C)C)c1O,leathery;medicinal;phenolic,3,goodscents
CC1(C)C(=CCO)C2CCC1C2,CC1(C)C(=CCO)C2CCC1C2,camphoreous;dry;minty;woody,4,goodscents
CC(=O)CCCc1ccccc1,CC(=O)CCCc1ccccc1,floral;sweet,2,goodscents
C=CCCC(=O)C1=CC2(CCCC2)CCC1,C=CCCC(=O)C1=CC2(CCCC2)CCC1,fruity;green;pineapple,3,goodscents
C=C(C=O)C(C)CC(C)(C)C,C=C(C=O)C(C)CC(C)(C)C,camphoreous;minty,2,goodscents
C=C(C=O)C(C)CCC=C(C)C,C=C(C=O)C(C)CCC=C(C)C,bergamot;citrus;fresh;green;woody,5,goodscents
C=C(C)[C@H]1CC=C(C)C(=O)C1,C=C(C)C1CC=C(C)C(=O)C1,bready;herbal;licorice;minty;spicy;sweet,6,"aromadb,flavornet,goodscents"
CC1=C2CCC(C)C2CC(C(C)(C)O)CC1,CC1=C2CCC(C)C2CC(C(C)(C)O)CC1,spicy,1,"aromadb,flavornet,goodscents"
CCC(CC(C)CC)=NO,CCC(CC(C)CC)=NO,bark;green;leafy;weedy,4,goodscents
CC(C)=CCCC(C)CC=NO,CC(C)=CCCC(C)CC=NO,bergamot;citrus,2,goodscents
C=C(C)C(O)CCC(C)CCO,C=C(C)C(O)CCC(C)CCO,rose,1,goodscents
CCOC(=O)[C@@H]1[C@@H](C)CCCC1(C)C,CCOC(=O)C1C(C)CCCC1(C)C,amber;floral;fruity;rose,4,goodscents
C=C(C)[C@H]1C=C2C(CC[C@H]2C)[C@H](C)CC1,C=C(C)C1C=C2C(C)CCC2C(C)CC1,musty,1,goodscents
CCCCCCCCCCC=CC#N,CCCCCCCCCCC=CC#N,aldehydic;citrus;fresh;waxy,4,goodscents
CC1=[NH+][C@H](C)O[C@H]1C,CC1=[NH+]C(C)OC1C,bread;bready;brown;caramel;cocoa;musty;nut;nutty;phenolic;skin;vegetable;woody,12,goodscents
COC(=O)c1cc(C)ccc1O,COC(=O)c1cc(C)ccc1O,cherry;fruity;leathery;minty,4,goodscents
CCC(S)C(C)CO,CCC(S)C(C)CO,onion;sulfur,2,goodscents
CCC(S)C(C)C=O,CCC(S)C(C)C=O,beefy;chicken;cooked;fruity;garlic;milky;onion;roasted;savory;sulfur;tropical,11,goodscents
CCOCCC(C)CCCC(C)C,CCOCCC(C)CCCC(C)C,citrus;clean;floral;fresh;green;herbal;rose,7,goodscents
CCC1=CCC(=O)O1,CCC1=CCC(=O)O1,spicy,1,"flavornet,goodscents"
CC1OC(C)(O)C(C)OC1(C)O,CC1OC(C)(O)C(C)OC1(C)O,buttery;creamy;milky,3,goodscents
CSCC=O,CSCC=O,garlic;nutty;onion;potato;sulfur;vegetable,6,goodscents
CCOC(=O)CC(C)SC,CCOC(=O)CC(C)SC,earthy;fatty;fruity;pineapple;sulfur;tropical;waxy,7,goodscents
CC(C)[C@@H]1CC[C@@H](C)[C@@]23CC[C@](C)(O)[C@@H]2[C@@H]13,CC(C)C1CCC(C)C23CCC(C)(O)C2C13,minty;spicy,2,"aromadb,goodscents"
CCC(=O)OCC(=O)OC(C)C1CCCC(C)(C)C1,CCC(=O)OCC(=O)OC(C)C1CCCC(C)(C)C1,berry;fruity;musk,3,goodscents
CCCCC(C)(C)CO,CCCCC(C)(C)CO,herbal;pungent,2,goodscents
CC1(O)CC2CCC1(C)C2(C)C,CC1(O)CC2CCC1(C)C2(C)C,earthy;musty,2,"flavornet,goodscents"
C[C@H]1CCc2nccnc21,CC1CCc2nccnc21,coffee;earthy;meaty;nut;nutty;potato;roasted;savory;sweet,9,"flavornet,goodscents"
CC1(C)C2CCC3(C2)C1C(=O)CCC3(C)C,CC1(C)C2CCC3(C2)C1C(=O)CCC3(C)C,cedar;dry;earthy;tobacco;woody,5,goodscents
CC1=CCC[C@H](C)C12CC[C@@H](C(C)(C)O)C2,CC1=CCCC(C)C12CCC(C(C)(C)O)C2,peppery;spicy;woody,3,goodscents
CC(=O)c1oc(C)c2ccccc12,CC(=O)c1oc(C)c2ccccc12,floral;orangeflower,2,goodscents
CC(C)=CCCC(C)=CCCC(C)CO,CC(C)=CCCC(C)=CCCC(C)CO,aldehydic;waxy,2,goodscents
Cc1ccc(O)c(C(C)(C)C)c1,Cc1ccc(O)c(C(C)(C)C)c1,leathery;medicinal,2,goodscents
C=CC(=C)CCCC(C)(C)OC,C=CC(=C)CCCC(C)(C)OC,herbal;pine,2,goodscents
CCCCC1C=C(C)CC(C)O1,CCCCC1C=C(C)CC(C)O1,earthy;floral;geranium;green;spicy;vegetable,6,goodscents
COc1cc(/C=C/C(=O)[O-])ccc1O,COc1cc(C=CC(=O)[O-])ccc1O,phenolic;spicy;sweet,3,goodscents
CCCCCC(=O)SC,CCCCCC(=O)SC,cabbage;cheesy;ethereal;floral;fruity;green;tropical,7,goodscents
CCOC(=O)C(O)C(C)CC,CCOC(=O)C(O)C(C)CC,berry;fruity,2,goodscents
CCCCCCCC1CCCO1,CCCCCCCC1CCCO1,floral;green;rose;waxy,4,goodscents
C/C=C/SSC(C)CC,CC=CSSC(C)CC,garlic,1,goodscents
C=CC(C)CCC=C(C)C,C=CC(C)CCC=C(C)C,citrus;floral;herbal;rose;terpenic,5,goodscents
CCCCCCCCCCCC#N,CCCCCCCCCCCC#N,citrus;dry;metallic;orange;peel;spicy,6,goodscents
CCOC(=O)C(O)C(C)C,CCOC(=O)C(O)C(C)C,fruity;honey;pineapple;strawberry;tea,5,goodscents
Cc1ccc2ccc(=O)oc2c1,Cc1ccc2ccc(=O)oc2c1,coconut;coumarinic;powdery;sweet,4,goodscents
CC1=CC(=O)C2(C(C)C)CC12,CC1=CC(=O)C2(C(C)C)CC12,minty;pungent,2,goodscents
CC(C)CC(=O)C(C)O,CC(C)CC(=O)C(C)O,chocolate;sweet,2,goodscents
CCO[C@@H]1C[C@H](C)CC(C)(C)C1,CCOC1CC(C)CC(C)(C)C1,citrus;fresh;fruity;green;herbal;woody,6,goodscents
C/C1=C\C2C(CC/C(C)=C/CC1)C2(C)C,CC1=CC2C(CCC(C)=CCC1)C2(C)C,green;weedy;woody,3,goodscents
COc1ccc(O)cc1C(C)(C)C,COc1ccc(O)cc1C(C)(C)C,mild,1,goodscents
CCOC(=O)C(C)C1CCCCC1,CCOC(=O)C(C)C1CCCCC1,fruity;green;pear,3,goodscents
C/C=C/CCC=O,CC=CCCC=O,green;vegetable,2,goodscents
CCCCCCCCCCCCCCCCCC(=O)O[C@@]1([C@@]2(CO)O[C@H](CO)[C@@H](O)[C@@H]2O)O[C@H](CO)[C@@H](O)[C@H](O)[C@H]1O,CCCCCCCCCCCCCCCCCC(=O)OC1(C2(CO)OC(CO)C(O)C2O)OC(CO)C(O)C(O)C1O,bland,1,goodscents
CC(C)=CCC1CCCC1=O,CC(C)=CCC1CCCC1=O,floral;jasmin,2,goodscents
CC(OC=O)C1CCCC(C)(C)C1,CC(OC=O)C1CCCC(C)(C)C1,apple;fresh;fruity;herbal;woody,5,goodscents
CC(O)C1CCCC(C)(C)C1,CC(O)C1CCCC(C)(C)C1,camphoreous;minty,2,goodscents
CC(=O)OC(C)C1CCCC(C)(C)C1,CC(=O)OC(C)C1CCCC(C)(C)C1,floral;fruity;geranium;musk;rose,5,goodscents
CCCCCCCCCCCCCCCCCCOCC(C)O,CCCCCCCCCCCCCCCCCCOCC(C)O,bland,1,goodscents
C=C1CC[C@@H]2[C@H](C3C1CC[C@@H]3C)C2(C)C,C=C1CCC2C(C3C(C)CCC13)C2(C)C,fruity;woody,2,"aromadb,flavornet,goodscents"
OCCCOCCCO,OCCCOCCCO,alcoholic,1,goodscents
CC(=O)SC1CC(C)OC1C,CC(=O)SC1CC(C)OC1C,meaty;onion;roasted;sulfur,4,goodscents
CC(=S)OC1CCOC1C,CC(=S)OC1CCOC1C,meaty;roasted;sulfur,3,goodscents
CCCCCCCCCCCCCCCCCC(=O)OCCCCCCCCCCCCCC(C)C,CCCCCCCCCCCCCCCCCC(=O)OCCCCCCCCCCCCCC(C)C,bland,1,goodscents
CCCC/C=C/COC(=O)CC(C)C,CCCCC=CCOC(=O)CC(C)C,green;sweet,2,goodscents
C/C=C/C=C\CC/C=C/C(=O)NCC(C)C,CC=CC=CCCC=CC(=O)NCC(C)C,fruity;sweet,2,"aromadb,goodscents"
CC(=O)OCC(CO)OC(C)=O,CC(=O)OCC(CO)OC(C)=O,alcoholic;mild,2,goodscents
CCCCCC1=CC(=O)CCC1,CCCCCC1=CC(=O)CCC1,coconut;floral;jasmin;lactonic;muguet;orange,6,goodscents
O=C1CCCCCCCCCCCCCCC1,O=C1CCCCCCCCCCCCCCC1,animal;musk;powdery,3,goodscents
O=C1CCCCC/C=C\CCCCCCCC1,O=C1CCCCCC=CCCCCCCCC1,musk,1,goodscents
CCOC(=O)COc1ccccc1,CCOC(=O)COc1ccccc1,floral;green;rose,3,goodscents
CCOc1cc(C)ccc1O,CCOc1cc(C)ccc1O,spicy;vanilla;woody,3,goodscents
Cc1cccc(CCCCCO)c1,Cc1cccc(CCCCCO)c1,floral;geranium;rose;waxy,4,goodscents
COC/C=C(\C)CCC=C(C)C,COCC=C(C)CCC=C(C)C,floral;rose;sweet,3,goodscents
CC1CC(C)(C)OC(c2ccccc2)O1,CC1CC(C)(C)OC(c2ccccc2)O1,green;herbal;rose,3,goodscents
CCCC(C)(S)CO,CCCC(C)(S)CO,sulfur,1,goodscents
CC1CC=CCCCCCCCCC(=O)C1,CC1CC=CCCCCCCCCC(=O)C1,animal;anise;fatty;musk;powdery;woody,6,goodscents
Cc1nc(CC(C)C)oc1C,Cc1nc(CC(C)C)oc1C,burnt;roasted,2,goodscents
C=C(C)C(=O)OCC[N+](C)(C)C,C=C(C)C(=O)OCC[N+](C)(C)C,bland,1,goodscents
CC(C)C1C=C2CCC3C(C)(CO)CCCC3(C)C2CC1,CC(C)C1C=C2CCC3C(C)(CO)CCCC3(C)C2CC1,mild;woody,2,goodscents
CCC(=CCC(C)CCO)CC,CCC(=CCC(C)CCO)CC,aldehydic;floral;lily;muguet,4,goodscents
CC1=C(S)CCO1,CC1=C(S)CCO1,floral;meaty;roasted;savory;sulfur,5,"aromadb,flavornet,goodscents"
CCOC(=O)C(=O)C(C)CC,CCOC(=O)C(=O)C(C)CC,herbal;nutty;woody,3,goodscents
Cc1occ2c1SCC2,Cc1occ2c1SCC2,roasted;smoky;sulfur,3,goodscents
CCOC(=O)CC(C)CCC=C(C)C,CCOC(=O)CC(C)CCC=C(C)C,citrus;dry;fruity;licorice;rose;spicy,6,goodscents
CCCCCCCCCCCCOC(=O)CC(C(=O)O)S(=O)(=O)[O-],CCCCCCCCCCCCOC(=O)CC(C(=O)O)S(=O)(=O)[O-],bland,1,goodscents
OCC1CC2CC1C1CCC(CO)C21,OCC1CC2CC1C1CCC(CO)C21,amber;floral;musk;sandalwood;sweet,5,goodscents
C=CCOC1CC2CC1C1C=CCC21,C=CCOC1CC2CC1C1C=CCC21,anise;floral;fruity;herbal;woody,5,goodscents
CC1(C)C2CCC1(C)C(OC(=O)c1ccccc1)C2,CC1(C)C2CCC1(C)C(OC(=O)c1ccccc1)C2,balsamic;herbal;pine,3,"flavornet,goodscents"
CC(C)CCCCCCCCCCCCCCC(=O)OCC(COC(=O)CCCCCCCCCCCCCCC(C)C)OC(=O)CCCCCCCCCCCCCCC(C)C,CC(C)CCCCCCCCCCCCCCC(=O)OCC(COC(=O)CCCCCCCCCCCCCCC(C)C)OC(=O)CCCCCCCCCCCCCCC(C)C,bland,1,goodscents
COC1(C)CCC(C(C)(C)OC)CC1,COC1(C)CCC(C(C)(C)OC)CC1,fruity;green;minty;musty,4,goodscents
CC(C)CCCCCCCOC(=O)CCCCC(=O)OCCCCCCCC(C)C,CC(C)CCCCCCCOC(=O)CCCCC(=O)OCCCCCCCC(C)C,clean;dry;plastic,3,goodscents
CCCCCCCCCCCCCCCCCC(=O)O[C@@H]1[C@@H](O)[C@H](O)[C@@H](CO)O[C@@]1(OC(=O)CCCCCCCCCCCCCCCCC)[C@@]1(CO)O[C@H](CO)[C@@H](O)[C@@H]1O,CCCCCCCCCCCCCCCCCC(=O)OC1C(O)C(O)C(CO)OC1(OC(=O)CCCCCCCCCCCCCCCCC)C1(CO)OC(CO)C(O)C1O,bland,1,goodscents
CCCCCCCCCCCCCC(=O)OCC(O)CO,CCCCCCCCCCCCCC(=O)OCC(O)CO,bland,1,goodscents
CC=CCCCCCC,CC=CCCCCCC,citrus,1,goodscents
CCCCCCCC/C=C\CCCCCCCCCCCCC,CCCCCCCCC=CCCCCCCCCCCCCC,fatty;waxy,2,goodscents
CCC1OC(C)=C(O)C1=O,CCC1OC(C)=C(O)C1=O,caramel;sweet,2,"flavornet,goodscents"
CCC(=O)OC1CC2(C)CCC1C2(C)C,CCC(=O)OC1CC2(C)CCC1C2(C)C,balsamic;camphoreous;earthy;fruity;herbal;lavender;pine;pungent;woody,9,goodscents
CC1OC(C)C2Cc3ccccc3C2O1,CC1OC(C)C2Cc3ccccc3C2O1,floral;geranium;grapefruit;green,4,goodscents
CCCCCCCCCCCCCCC=O,CCCCCCCCCCCCCCC=O,fresh;waxy,2,"flavornet,goodscents"
COC(=O)C1C(C)=CCCC1(C)C,COC(=O)C1C(C)=CCCC1(C)C,camphoreous;floral;fruity;herbal;woody,5,goodscents
CCCCCCCCC=CCCCCCCCC(=O)OCC(COC(C)=O)OC(C)=O,CCCCCCCCC=CCCCCCCCC(=O)OCC(COC(C)=O)OC(C)=O,mild,1,goodscents
CC1=CCC(C/C=C(\C)CO)C1(C)C,CC(=CCC1CC=C(C)C1(C)C)CO,creamy;milky;musk;sandalwood;waxy;woody,6,goodscents
CC/C(=C/CC1CC=C(C)C1(C)C)CO,CCC(=CCC1CC=C(C)C1(C)C)CO,oily;sandalwood;waxy;woody,4,goodscents
CC1=CC[C@@]2(CC1)[C@H](C)CC[C@H]2C(C)(C)O,CC1=CCC2(CC1)C(C)CCC2C(C)(C)O,floral;fruity;powdery;ripe;sweet,5,goodscents
CC(=O)C1CC/C(C)=C\CC/C(C)=C\C/C=C\1C,CC(=O)C1CCC(C)=CCCC(C)=CCC=C1C,musk;tobacco;vetiver;woody,4,goodscents
CC1(C)[C@@H]2CC[C@](C)(C2)[C@@]1(C)O,CC12CCC(C1)C(C)(C)C2(C)O,green;vegetable,2,goodscents
Cc1ccc2c(c1)CC(C)(CO)C2,Cc1ccc2c(c1)CC(C)(CO)C2,floral;lily;muguet,3,goodscents
CC1=CCC2(C(C)C)CC12,CC1=CCC2(C(C)C)CC12,green;herbal;woody,3,"flavornet,goodscents"
CCCCCCCCC(CC)C(=O)O,CCCCCCCCC(CC)C(=O)O,citrus;soap;waxy;woody,4,goodscents
CC(=O)Oc1c(C)occc1=O,CC(=O)Oc1c(C)occc1=O,berry;fruity;jammy;tropical,4,goodscents
CC(=O)OCC(C)C1CC=C(C)CC1,CC(=O)OCC(C)C1CC=C(C)CC1,fruity;herbal;spicy;warm,4,"aromadb,flavornet,goodscents"
CCC/C=C(\C)C(=O)O,CCCC=C(C)C(=O)O,cheesy;fruity,2,goodscents
CC(C)C(=O)OCC1=CCC2CC1C2(C)C,CC(C)C(=O)OCC1=CCC2CC1C2(C)C,fruity;pine;woody,3,goodscents
CCCCCC/C=C\C#N,CCCCCCC=CC#N,fatty;green;orris,3,goodscents
C#CC(C)(O)CCC=C(C)C,C#CC(C)(O)CCC=C(C)C,dry;musk;sweet;waxy;woody,5,"aromadb,goodscents"
C=CC(=O)CCCC,C=CC(=O)CCCC,metallic,1,"flavornet,goodscents"
C=C(C)COCC/C=C\CC,C=C(C)COCCC=CCC,floral;fresh;green;pear;radish;tropical,6,goodscents
CC(C)Cc1cnccn1,CC(C)Cc1cnccn1,fruity;green;vegetable,3,goodscents
CC1=CCC(C(C)C=O)CC1,CC1=CCC(C(C)C=O)CC1,herbaceous;herbal;spicy,3,"aromadb,goodscents"
CCCCCCC(O)CCCCCCCCCCC(=O)OCC(CC)CCCC,CCCCCCC(O)CCCCCCCCCCC(=O)OCC(CC)CCCC,bland,1,goodscents
CC(=O)/C=C/C1=C(C)C(=O)CCC1(C)C,CC(=O)C=CC1=C(C)C(=O)CCC1(C)C,woody,1,"flavornet,goodscents"
CC1=CC2C(=CC1)[C@@H](C)CCC2C(C)C,CC1=CC2C(=CC1)C(C)CCC2C(C)C,fruity;spicy,2,goodscents
CCOC1CCCCCCCCCCC1,CCOC1CCCCCCCCCCC1,vetiver,1,goodscents
COC1CCCCCCCCCCC1,COC1CCCCCCCCCCC1,amber;cedar;dry;musk;tobacco;woody,6,goodscents
C=C[C@@]1(C)CCC(=C(C)C)C[C@@H]1C(=C)C,C=CC1(C)CCC(=C(C)C)CC1C(=C)C,green;oily;woody,3,"flavornet,goodscents"
C=CC(C)(C)C(O)C=C(C)C,C=CC(C)(C)C(O)C=C(C)C,herbal,1,"flavornet,goodscents"
OC1COC(Cc2ccccc2)OC1,OC1COC(Cc2ccccc2)OC1,floral;green;honey;hyacinth;lavender;leafy;powdery;rose;tea,9,goodscents
CCCCCCc1ccc(/C=C/C(OC)OC)cc1,CCCCCCc1ccc(C=CC(OC)OC)cc1,fatty;fresh;green;woody,4,goodscents
O=C([O-])[C@H](O)[C@@H](O)[C@H](O)[C@H](O)CO,O=C([O-])C(O)C(O)C(O)C(O)CO,odorless,1,goodscents
O=C(O)[C@H](O)[C@H](O)[C@@H](O)[C@@H](O)CO,O=C(O)C(O)C(O)C(O)C(O)CO,caramel,1,goodscents
O=CCC/C=C1\CC2CC1C1CCCC21,O=CCCC=C1CC2CC1C1CCCC21,aldehydic;floral;muguet;sweet;waxy,5,goodscents
CC(N)C(=O)O,CC(N)C(=O)O,odorless,1,goodscents
C=C1CC(C)OC(c2ccccc2)C1,C=C1CC(C)OC(c2ccccc2)C1,floral;geranium;green;herbal;leafy,5,goodscents
CCCCCCCCCCCCCC(=O)N(C)CC(=O)[O-],CCCCCCCCCCCCCC(=O)N(C)CC(=O)[O-],bland,1,goodscents
CC(C)CCCCCCCCCCCCCCC(=O)O,CC(C)CCCCCCCCCCCCCCC(=O)O,bland,1,goodscents
CC1=CCC2(CC1)COC(C)OC2,CC1=CCC2(CC1)COC(C)OC2,green,1,goodscents
NCCC(=O)N[C@@H](Cc1cnc[nH]1)C(=O)O,NCCC(=O)NC(Cc1cnc[nH]1)C(=O)O,odorless,1,goodscents
C=C1C2CCC(=O)[C@@]23CC[C@H](C3)C1(C)C,C=C1C2CCC(=O)C23CCC(C3)C1(C)C,vetiver;woody,2,goodscents
CC1CCCC(C)(C)C1,CC1CCCC(C)(C)C1,green;sweet,2,goodscents
CC(=O)OCC1CCC2C3CCC(C3)C12,CC(=O)OCC1CCC2C3CCC(C3)C12,amber;floral;fruity;sandalwood;woody,5,goodscents
O=CC1CCC2C3CCC(C3)C12,O=CC1CCC2C3CCC(C3)C12,aldehydic;fresh;green;melon,4,goodscents
CCCCCCC1OCCC(C)O1,CCCCCCC1OCCC(C)O1,floral;geranium;rose,3,goodscents
CC(C)(S)CC=O,CC(C)(S)CC=O,brothy;cheesy,2,goodscents
C=C(C)OC(=O)C=CC=CC,C=C(C)OC(=O)C=CC=CC,fruity;pineapple,2,goodscents
CC1(C)C2CC=C(CC=O)C1C2,CC1(C)C2CC=C(CC=O)C1C2,fatty;oily;pine;woody,4,goodscents
NC(CSSC[C@H](N)C(=O)O)C(=O)O,NC(CSSCC(N)C(=O)O)C(=O)O,odorless,1,goodscents
CC1=CC(=O)C23C[C@@H]1C(C)(C)[C@@H]2CC[C@H]3C,CC1=CC(=O)C23CC1C(C)(C)C2CCC3C,cedar;woody,2,goodscents
O=C1CCCCCC/C=C\CCCCCCC1,O=C1CCCCCCC=CCCCCCCC1,animal;balsamic;dry;floral;musk;tobacco;waxy,7,goodscents
CC(C)=CCC/C(C)=C\COC/C=C(\C)CCC=C(C)C,CC(C)=CCCC(C)=CCOCC=C(C)CCC=C(C)C,balsamic;clean;floral,3,"aromadb,goodscents"
OCC1CCC2C3CCC(C3)C12,OCC1CCC2C3CCC(C3)C12,camphoreous,1,goodscents
C=CCCC(=O)C(=C)C1CCCCC1,C=CCCC(=O)C(=C)C1CCCCC1,fruity;green;herbal;metallic;pineapple;sweet;tropical;weedy,8,goodscents
C/C=C/C(=O)OC1CCCCC1,CC=CC(=O)OC1CCCCC1,floral;fruity;green;sweet;woody,5,goodscents
CC(O)CC(C)(C)S,CC(O)CC(C)(C)S,floral;grapefruit;lemon,3,"flavornet,goodscents"
CC1=C(C/C=C(\C)C=O)C(C)(C)CCC1,CC(C=O)=CCC1=C(C)CCCC1(C)C,dry;floral;hay;leafy;nutty;sweet;tobacco;violet;woody,9,goodscents
CC(=O)OCCCCCC(C)C,CC(=O)OCCCCCC(C)C,estery;fruity;sweet,3,goodscents
Cc1ccc([C@@H](C)CC=O)o1,Cc1ccc(C(C)CC=O)o1,cucumber;fatty;floral;fruity;green;vegetable,6,goodscents
SCCN1CCSC1,SCCN1CCSC1,nutty;popcorn,2,goodscents
CC(CCC#N)C1CCCC1,CC(CCC#N)C1CCCC1,floral;green,2,goodscents
NCCC[C@H](N)C(=O)O,NCCCC(N)C(=O)O,bark;green,2,goodscents
CCCOC(=O)[C@H](C)OC(C)(C)CC,CCCOC(=O)C(C)OC(C)(C)CC,bergamot;floral;rose,3,goodscents
OCCCCCCCc1ccccc1,OCCCCCCCc1ccccc1,rose,1,goodscents
CCC(C)c1cnc(C)c(C)n1,CCC(C)c1cnc(C)c(C)n1,burnt;marine;roasted,3,goodscents
N[C@@H](CCC[NH3+])C(=O)O,NC(CCC[NH3+])C(=O)O,bland,1,goodscents
CCCCCCCCCCCCCCOC(=O)CCCCCCCCCCCCC,CCCCCCCCCCCCCCOC(=O)CCCCCCCCCCCCC,bland,1,goodscents
CCCc1ncc(C)nc1C,CCCc1ncc(C)nc1C,burnt;hazelnut;nutty,3,goodscents
CC(=O)C1=C2CC3(C)CCC2(CC3)C(C)(C)CC1,CC(=O)C1=C2CC3(C)CCC2(CC3)C(C)(C)CC1,woody,1,goodscents
C=CCCC(=O)c1ccccc1,C=CCCC(=O)c1ccccc1,balsamic;herbal;lavender,3,goodscents
CCC(=O)OCCc1scnc1C,CCC(=O)OCCc1scnc1C,nutty;roasted,2,goodscents
Nc1nc2c(ncn2[C@@H]2O[C@H](COP(=O)([O-])[O-])[C@@H](O)[C@H]2O)c(=O)[nH]1,Nc1nc2c(ncn2C2OC(COP(=O)([O-])[O-])C(O)C2O)c(=O)[nH]1,odorless,1,goodscents
CC1=CC/C(=C(\C)CCC=O)CC1,CC1=CCC(=C(C)CCC=O)CC1,floral;lily,2,goodscents
CC(=O)C1C/C=C\CCCC1,CC(=O)C1CC=CCCCC1,aldehydic;aromatic;herbal,3,goodscents
C=Cc1cncc(CC)n1,C=Cc1cncc(CC)n1,buttery;potato,2,goodscents
CC(C)(C)c1cnccn1,CC(C)(C)c1cnccn1,green;minty;nutty;roasted,4,goodscents
CCC(C)C(C)C=O,CCC(C)C(C)C=O,ethereal;green,2,goodscents
O=C(O)CCC(=O)C(=O)O,O=C(O)CCC(=O)C(=O)O,odorless,1,goodscents
C=C(C)CCC/C(C)=C/CC(C)C=O,C=C(C)CCCC(C)=CCC(C)C=O,aldehydic;animal;citrus;floral;fruity;powdery;sweet;waxy,8,goodscents
CCOC(=O)C(C)(C)S,CCOC(=O)C(C)(C)S,fruity;meaty,2,goodscents
C=C/C=C/C=C\CC,C=CC=CC=CCC,green;plastic,2,"flavornet,goodscents"
COC(=O)c1ccc(O)c(C)c1O,COC(=O)c1ccc(O)c(C)c1O,phenolic;sweet,2,goodscents
CC1C(C)(C)C2=C(C(=O)CCC2)C1(C)C,CC1C(C)(C)C2=C(C(=O)CCC2)C1(C)C,clean;musk;spicy;woody,4,goodscents
CC1(C)C2CC=C(CCC=O)C1C2,CC1(C)C2CC=C(CCC=O)C1C2,aldehydic;balsamic;clean;fresh;nutty;pine,6,goodscents
O=C1CCCCCCCCCOCCCCCO1,O=C1CCCCCCCCCOCCCCCO1,amber;animal;musk;oily;sweet,5,goodscents
CC1OCC(c2ccccc2)O1,CC1OCC(c2ccccc2)O1,animal;floral;hyacinth;jasmin,4,goodscents
CC1C2CC(CC2C2CCCC(O)C2)C1(C)C,CC1C2CC(CC2C2CCCC(O)C2)C1(C)C,clean;sandalwood;sweet;woody,4,goodscents
CCCC(C)=CCOC(C)=O,CCCC(C)=CCOC(C)=O,floral;fruity;green,3,goodscents
CC(C)C1CCC2CC(=O)CCC2C1,CC(C)C1CCC2CC(=O)CCC2C1,floral;grapefruit;green;vetiver;woody,5,goodscents
CC(=O)c1occc1O,CC(=O)c1occc1O,burnt;caramel;fruity,3,goodscents
C[NH+]1CCN(c2ccc(CO)cc2)CC1,C[NH+]1CCN(c2ccc(CO)cc2)CC1,almond;nutty,2,goodscents
CC1=CC(=O)CC(C)(C)C1/C=C/C(C)O,CC1=CC(=O)CC(C)(C)C1C=CC(C)O,spicy,1,"flavornet,goodscents"
CCC/C=C/CC1CCCC1O,CCCC=CCC1CCCC1O,banana;floral;fruity;green;jasmin;tropical;waxy,7,goodscents
CCC/C=C/CC1CCCC1=O,CCCC=CCC1CCCC1=O,coconut;floral;jasmin;milky;oily,5,goodscents
O=C1/C=C/CCCCCCCCCCCCO1,O=C1C=CCCCCCCCCCCCCO1,musk;sweet;waxy,3,goodscents
CC(C)C1OCC(C)(C)C(C(C)C)O1,CC(C)C1OCC(C)(C)C(C(C)C)O1,fruity;spicy;woody,3,goodscents
CCOC(=O)C1=C(C)C=CCC1(C)C,CCOC(=O)C1=C(C)C=CCC1(C)C,apple;floral;fresh;herbal;rose;woody,6,goodscents
CCCCC(C#N)c1ccccc1,CCCCC(C#N)c1ccccc1,balsamic,1,goodscents
C=C1CCCC(C)(C)C1C(=O)/C=C/C,C=C1CCCC(C)(C)C1C(=O)C=CC,apple;camphor;cooked;floral;fruity;green;licorice;plum;rose;tobacco,10,goodscents
C/C=C/C(=O)OC(C)CC(C)C,CC=CC(=O)OC(C)CC(C)C,apple;fruity;grape;juicy;pear;plum,6,goodscents
COC(=O)CCCC(C)OC(C)=O,COC(=O)CCCC(C)OC(C)=O,fruity,1,goodscents
CCOc1nccnc1CC,CCOc1nccnc1CC,potato,1,goodscents
c1csc(COCc2cccs2)c1,c1csc(COCc2cccs2)c1,fruity;woody,2,goodscents
CCCCCCCCCCCCCCCCOP(=O)(O)O,CCCCCCCCCCCCCCCCOP(=O)(O)O,bland,1,goodscents
C=CC(=C)C[C@H](O)C=C(C)C,C=CC(=C)CC(O)C=C(C)C,balsamic;pine,2,goodscents
C/C=C/C(=O)/C(C)=C(/C)C(C)C,CC=CC(=O)C(C)=C(C)C(C)C,apple;caramel;floral;fruity;plum;rose;rummy,7,goodscents
CC(C)C1OCOCC1(C)C,CC(C)C1OCOCC1(C)C,camphoreous;fresh;green;herbal;woody,5,goodscents
Cc1cccc(Oc2ccccc2)c1,Cc1cccc(Oc2ccccc2)c1,floral;fruity;geranium;rose,4,goodscents
CC(C)=CCC[C@@H](C)CC#N,CC(C)=CCCC(C)CC#N,citrus;floral;fresh;fruity;green;lemon;metallic;waxy,8,goodscents
C=CC(=O)C/C=C/CC,C=CC(=O)CC=CCC,earthy;geranium;green;metallic;musty,5,"flavornet,goodscents"
CC(=O)C1CC2C(C=C1C)C2(C)C,CC(=O)C1CC2C(C=C1C)C2(C)C,dry;herbal;lavender;woody,4,goodscents
C[C@H](O)[C@H](O)[C@@H](O)[C@@H](O)C=O,CC(O)C(O)C(O)C(O)C=O,odorless,1,goodscents
CC(C)CCc1ccc2c(c1)OCC(=O)CO2,CC(C)CCc1ccc2c(c1)OCC(=O)CO2,marine,1,goodscents
Cc1ncc2c(n1)COC2,Cc1ncc2c(n1)COC2,popcorn;sweet,2,goodscents
Cc1ncc2c(n1)C(C)OC2,Cc1ncc2c(n1)C(C)OC2,popcorn,1,goodscents
C=C(OCC)C1C(C)(C)CC(=O)CC1(C)C,C=C(OCC)C1C(C)(C)CC(=O)CC1(C)C,amber;herbal;tobacco;woody,4,goodscents
O=C1CCCCCCCCCCCCCCCC1,O=C1CCCCCCCCCCCCCCCC1,musk,1,goodscents
O=C(Cc1ccccc1)OCc1ccco1,O=C(Cc1ccccc1)OCc1ccco1,honey,1,goodscents
CC(=O)C1=C(C)OC(C)C1=O,CC(=O)C1=C(C)OC(C)C1=O,caramel;fruity;raspberry,3,goodscents
CCC(C)C(=O)C(=O)[O-],CCC(C)C(=O)C(=O)[O-],fruity;mild,2,goodscents
CCCCCC(O)C(C)=O,CCCCCC(O)C(C)=O,brown;nutty,2,goodscents
C=CC1(OC(C)=O)CCCCC1C(C)CC,C=CC1(OC(C)=O)CCCCC1C(C)CC,amber;dry;woody,3,goodscents
C#CC1(OC(C)=O)CCCCC1C(C)CC,C#CC1(OC(C)=O)CCCCC1C(C)CC,amber;dry;woody,3,goodscents
CCCCCCC1C(=O)CCC1C(=O)OC,CCCCCCC1C(=O)CCC1C(=O)OC,floral;fresh;green;herbal;jasmin;oily,6,goodscents
CC[N+](CC)(CC(=O)Nc1c(C)cccc1C)Cc1ccccc1,CC[N+](CC)(CC(=O)Nc1c(C)cccc1C)Cc1ccccc1,bland,1,goodscents
CC1(C)CCCC2(C)C1CCC1(C)OCCC12,CC1(C)CCCC2(C)C1CCC1(C)OCCC12,amber;cedar;dry;green;musk;pine;sweet;tea;woody,9,goodscents
COC1(C)CCCCCCCCCCC1,COC1(C)CCCCCCCCCCC1,celery;musk;woody,3,goodscents
O=C1CCC/C=C\CCCCCCCCCC1,O=C1CCCC=CCCCCCCCCCC1,amber;dry;musk;powdery,4,goodscents
COC(=O)c1ccccc1N=Cc1ccccc1,COC(=O)c1ccccc1N=Cc1ccccc1,almond;bitter;cherry;floral;fruity;sweet,6,goodscents
CC(=O)O/C=C(\C)c1ccccc1,CC(=O)OC=C(C)c1ccccc1,floral;honey;hyacinth;sweet,4,goodscents
CCOC(C)OC/C=C(\C)CCC=C(C)C,CCOC(C)OCC=C(C)CCC=C(C)C,caramel;creamy;sweet;vanilla,4,goodscents
CC(=O)c1scnc1C,CC(=O)c1scnc1C,nutty;roasted;sulfur,3,goodscents
CCc1sc(C)nc1C,CCc1sc(C)nc1C,earthy;meaty;nutty;roasted,4,"flavornet,goodscents"
CC(C)(C=O)COCc1ccccc1,CC(C)(C=O)COCc1ccccc1,aldehydic;floral;green;ozone;spicy,5,goodscents
O=C1CCCCCCCCCCC(=O)OCCC1,O=C1CCCCCCCCCCC(=O)OCCC1,musk,1,goodscents
CC1(C)CC(=O)C2OC2(C)C1=O,CC1(C)CC(=O)C2OC2(C)C1=O,camphoreous;sweet,2,goodscents
c1nc2c(o1)CCCCCCCCCC2,c1nc2c(o1)CCCCCCCCCC2,earthy;green;herbal;terpenic;woody,5,goodscents
CC(C)C1CCC2CC(=O)CC(C)C2(C)C1,CC(C)C1CCC2CC(=O)CC(C)C2(C)C1,animal;fresh;fruity;green;herbal;sour;spicy;woody,8,goodscents
CC(C)=CCC/C(C)=C/CCc1ccncc1,CC(C)=CCCC(C)=CCCc1ccncc1,buttery;clean;fresh;marine;metallic,5,goodscents
CC1CCC(C(C)C)C(OCCO)C1,CC1CCC(C(C)C)C(OCCO)C1,odorless,1,goodscents
COC(=O)COc1ccc(C)cc1,COC(=O)COc1ccc(C)cc1,fatty;fruity,2,goodscents
CC(C)[C@@H](NC(=O)CC[C@H](N)C(=O)O)C(=O)NCC(=O)O,CC(C)C(NC(=O)CCC(N)C(=O)O)C(=O)NCC(=O)O,mild;savory,2,goodscents
O=c1[nH]cnc2c1ncn2[C@@H]1O[C@H](COP(=O)([O-])[O-])[C@@H](O)[C@H]1O,O=c1[nH]cnc2c1ncn2C1OC(COP(=O)([O-])[O-])C(O)C1O,odorless,1,goodscents
CCCC1C2C=CC(C2)C1C=O,CCCC1C2C=CC(C2)C1C=O,aldehydic;green,2,goodscents
CCOC(=O)OC1=C(C)OC(C)C1=O,CCOC(=O)OC1=C(C)OC(C)C1=O,brown;burnt;caramel,3,goodscents
COC(=O)n1ccc2ccccc21,COC(=O)n1ccc2ccccc21,citrus;grape;lily;orange;orangeflower,5,goodscents
O=C([O-])[O-],O=C([O-])[O-],odorless,1,goodscents
CCOC(=O)c1ccc(O)c(O)c1,CCOC(=O)c1ccc(O)c(O)c1,phenolic,1,goodscents
CCCCCCCCC=CCCCCCCCCOCCO,CCCCCCCCC=CCCCCCCCCOCCO,bland,1,goodscents
C[C@H](N)C(=O)N[C@@H](CCC(N)=O)C(=O)O,CC(N)C(=O)NC(CCC(N)=O)C(=O)O,mild;savory,2,"aromadb,goodscents"
CCNC(=O)C1CC(C)CCC1C(C)C,CCNC(=O)C1CC(C)CCC1C(C)C,alcoholic;cooling;minty,3,goodscents
CCCCCCCOC(=O)Cc1ccccc1,CCCCCCCOC(=O)Cc1ccccc1,citrus;honey;sweet,3,goodscents
C/C=C/C(=O)[C@@H]1[C@H](C)CCCC1(C)C,CC=CC(=O)C1C(C)CCCC1(C)C,floral;fruity,2,goodscents
C[C@@H]1CC[C@H]2C(C)(C)[C@H]3C[C@@]12CC[C@@]3(C)OC=O,CC1CCC2C(C)(C)C3CC12CCC3(C)OC=O,amber;cedar;vetiver;woody,4,goodscents
Cc1ccccc1Oc1ccccc1,Cc1ccccc1Oc1ccccc1,geranium;rose,2,goodscents
CCCCC1CC(C(C)=O)C(=O)O1,CCCCC1CC(C(C)=O)C(=O)O1,floral;jasmin,2,goodscents
CC(C)CCCC(C)CC#N,CC(C)CCCC(C)CC#N,aldehydic;citrus;fatty;lemon;metallic,5,goodscents
COC(=O)C=C1CCCC1,COC(=O)C=C1CCCC1,dry;floral;fruity;sweet;weedy,5,goodscents
CC(=O)OCCCCCCC(C)C,CC(=O)OCCCCCCC(C)C,floral;fruity;herbal;sweet;violet;woody,6,goodscents
O=C1CC(c2ccc(O)c(O)c2)Oc2cc(O)cc(O)c21,O=C1CC(c2ccc(O)c(O)c2)Oc2cc(O)cc(O)c21,bland,1,goodscents
CC(C)=CCCC(C)CC(C)O,CC(C)=CCCC(C)CC(C)O,citrus;floral;grapefruit;lemon,4,goodscents
CCC(CC)C(=O)N(C)c1cccc(C)c1,CCC(CC)C(=O)N(C)c1cccc(C)c1,bitter;grapefruit;tropical,3,goodscents
C1=C\C2COCC2CCCCCCCC/1,C1=CC2COCC2CCCCCCCC1,animal;earthy;musk,3,goodscents
CC(C)C/C=C(/CO)C(C)C,CC(C)CC=C(CO)C(C)C,fresh;herbal;minty;woody,4,goodscents
CC(=O)OC/C(=C\CC(C)C)C(C)C,CC(=O)OCC(=CCC(C)C)C(C)C,fresh;herbal;minty;woody,4,goodscents
CCCCCC1C(=O)CCC1CC(C)=O,CCCCCC1C(=O)CCC1CC(C)=O,floral;jasmin,2,goodscents
OC1COC(O)C(O)C1O,OC1COC(O)C(O)C1O,caramel;odorless;smoky;sweet;woody,5,goodscents
CC(=O)OC/C(C)=C\CC[C@]1(C)C2C[C@@H]3[C@H](C2)C31C,CC(=O)OCC(C)=CCCC1(C)C2CC3C(C2)C31C,powdery;sandalwood;woody,3,goodscents
C=CC(C)(CCC1OC1(C)C)OC(C)=O,C=CC(C)(CCC1OC1(C)C)OC(C)=O,bergamot;floral;fresh;woody,4,goodscents
CCC(C)C(O)C(=O)OC,CCC(C)C(O)C(=O)OC,caramel;estery;fruity,3,goodscents
CC(C)CCCCCCCCCCCCCCCOC(=O)CCCCCCCCCCCCCCC(C)C,CC(C)CCCCCCCCCCCCCCCOC(=O)CCCCCCCCCCCCCCC(C)C,bland,1,goodscents
C=C(O)C(C)CCCC(C)C,C=C(O)C(C)CCCC(C)C,herbal;pine;woody,3,goodscents
CC1CC2C3CCC(C3)C2CC1=O,CC1CC2C3CCC(C3)C2CC1=O,cedar;fruity;herbal;pine;raspberry;woody,6,goodscents
CC1=CCC2C3CC(C2C1)C1(C3)OC1C,CC1=CCC2C3CC(C2C1)C1(C3)OC1C,floral;fresh;fruity;spicy;woody,5,goodscents
O=CCOCCc1ccccc1,O=CCOCCc1ccccc1,green;hyacinth;rose,3,goodscents
COC(C)(C)CCCC(C)C(C)O,COC(C)(C)CCCC(C)C(C)O,floral;sandalwood;soap;sweet;woody,5,goodscents
CCCS(=O)OC,CCCS(=O)OC,cooked;fruity;onion;sweet,4,goodscents
CCCCCCCCCCOS(C)=O,CCCCCCCCCCOS(C)=O,fresh;fruity,2,goodscents
CCc1nc(C)c(CC)s1,CCc1nc(C)c(CC)s1,green;nutty,2,goodscents
CSC(=O)C(C)C,CSC(=O)C(C)C,fruity,1,goodscents
CCC(C)C(=O)SC,CCC(C)C(=O)SC,cabbage;fruity;sulfur;sweet;tropical,5,goodscents
CC(=O)C1C2CCC(C2)C1(C)C,CC(=O)C1C2CCC(C2)C1(C)C,apple;camphoreous;herbal;minty;woody,5,goodscents
COCOC1CCCCCCCCCCC1,COCOC1CCCCCCCCCCC1,amber;cedar;dry;woody,4,goodscents
CCCc1nc(CC)sc1CC,CCCc1nc(CC)sc1CC,fruity;green,2,goodscents
C1CCCCCC2COCC2CCCC1,C1CCCCCC2COCC2CCCC1,amber;dry;warm;woody,4,goodscents
CCOC(=O)CC(=O)OCc1ccccc1,CCOC(=O)CC(=O)OCc1ccccc1,apple;fruity;winey,3,goodscents
CC/C=C\C=C\C=O,CCC=CC=CC=O,aldehydic;cinnamon;fatty;fruity;green;nut;oily;pungent;spicy;vegetable,10,"flavornet,goodscents"
CCCCCCC(=O)CCC=O,CCCCCCC(=O)CCC=O,fatty,1,"flavornet,goodscents"
CC1=CCC(C(=O)O)CC1,CC1=CCC(C(=O)O)CC1,cedar;leathery,2,goodscents
CCCCC(CC)C1OCCO1,CCCCC(CC)C1OCCO1,fruity;green;metallic;radish,4,goodscents
CCCCCCCC1OCCO1,CCCCCCCC1OCCO1,aldehydic;citrus;fatty;fresh;orange,5,goodscents
CC(O)CCC1C(C)CCCC1(C)C,CC(O)CCC1C(C)CCCC1(C)C,floral;leathery;violet;woody,4,goodscents
O=C1COc2ccccc2O1,O=C1COc2ccccc2O1,coumarinic;green,2,goodscents
CCSC(=O)CNC(C)=O,CCSC(=O)CNC(C)=O,meaty;pungent,2,goodscents
CCC1OCCC(C)(C)S1,CCC1OCCC(C)(C)S1,black;currant;herbal;minty;onion;sulfur,6,goodscents
CC1=CC[C@H](CC=O)C1(C)C,CC1=CCC(CC=O)C1(C)C,amber;camphor;green;herbal;leafy;woody,6,"aromadb,goodscents"
CC(C)CC(=O)C(=O)[O-],CC(C)CC(=O)C(=O)[O-],buttery,1,goodscents
CC1(C)CC2C(C1)C1(C)CCCC2(C)C1O,CC1(C)CC2C(C1)C1(C)CCCC2(C)C1O,earthy;spicy;woody,3,"flavornet,goodscents"
CC(C)C1CCC2(CCC(=O)O2)CC1,CC(C)C1CCC2(CCC(=O)O2)CC1,celery;herbal;lactonic;woody,4,goodscents
CC12CCC(CC1)C2(C)C,CC12CCC(CC1)C2(C)C,mild,1,goodscents
CC1(C)CCCC2(C)C3CCC2(C)[C@@H](O)C31,CC1(C)CCCC2(C)C3CCC2(C)C(O)C31,woody,1,goodscents
CC1=CCC2(C)CC[C@H](C(C)C)C2(O)CC1,CC1=CCC2(C)CCC(C(C)C)C2(O)CC1,mild,1,goodscents
CC1(C)C2CCC(C2)C1(C)O,CC1(C)C2CCC(C2)C1(C)O,camphor;camphoreous;minty;musty,4,"flavornet,goodscents"
O=c1nc[nH]c2c1ncn2[C@@H]1O[C@H](COP(=O)([O-])[O-])[C@@H](O)[C@H]1O,O=c1nc[nH]c2c1ncn2C1OC(COP(=O)([O-])[O-])C(O)C1O,odorless,1,goodscents
C=C1CC2CCC1C2(C)C,C=C1CC2CCC1C2(C)C,camphoreous,1,goodscents
C=C1CCCC(C)(C)[C@@H]1CC/C(C)=C/CCC1[C@@]2(C)CCCC(C)(C)C2CC[C@@]1(C)O,C=C1CCCC(C)(C)C1CCC(C)=CCCC1C(C)(O)CCC2C(C)(C)CCCC21C,amber;woody,2,goodscents
C=C(C)C1CCC2(C)CCC=C(C)C2C1,C=C(C)C1CCC2(C)CCC=C(C)C2C1,amber;sweet,2,"aromadb,goodscents"
C=C1CCC[C@]2(C)CC[C@@H](C(C)(C)O)C[C@@H]12,C=C1CCCC2(C)CCC(C(C)(C)O)CC12,green;sweet;woody,3,"aromadb,flavornet,goodscents"
CCCCCC(S)CC=O,CCCCCC(S)CC=O,citrus;fruity;grapefruit;green,4,goodscents
CC(=O)c1ccc2c(c1)C(C)(C)C(C)C2(C)C,CC(=O)c1ccc2c(c1)C(C)(C)C(C)C2(C)C,musk,1,goodscents
C=C1CC[C@H]2C(=C)CC[C@H]3C(=C)C(=O)O[C@@H]3[C@@H]12,C=C1C(=O)OC2C1CCC(=C)C1CCC(=C)C12,nutty,1,goodscents
CC(OC(C)(C)COC(=O)C1CC1)C1CCCC(C)(C)C1,CC(OC(C)(C)COC(=O)C1CC1)C1CCCC(C)(C)C1,musk,1,goodscents
CCOC(=O)CC(=O)OC(C)C1CCCC(C)(C)C1,CCOC(=O)CC(=O)OC(C)C1CCCC(C)(C)C1,apple;creamy;fresh;fruity;musk;powdery;warm,7,goodscents
NC(N)=NCCC[C@H](N)C(=O)O,NC(N)=NCCCC(N)C(=O)O,odorless,1,goodscents
CCCCCC1CCCC1=O,CCCCCC1CCCC1=O,coconut;floral;green;herbal;jasmin;oily;rose,7,goodscents
C1CSCS1,C1CSCS1,cooked;onion;sulfur;sweet,4,goodscents
Cc1ccc2c(c1)C(C(C)C)CCC2C,Cc1ccc2c(c1)C(C(C)C)CCC2C,herbal;spicy,2,"aromadb,flavornet,goodscents"
COc1ccc2ccc(=O)oc2c1CC=C(C)C,COc1ccc2ccc(=O)oc2c1CC=C(C)C,dry;herbal;musty,3,goodscents
C=CCc1cc2c(c(OC)c1OC)OCO2,C=CCc1cc2c(c(OC)c1OC)OCO2,spicy;woody,2,"flavornet,goodscents"
CC1=C(O)C(=O)CC(C)(C)C1,CC1=C(O)C(=O)CC(C)(C)C1,clean;dry;nutty;phenolic;powdery;spicy;tobacco;woody,8,goodscents
CC1=C2C(CC1)[C@H](C)CC[C@@H]1[C@H]2C1(C)C,CC1=C2C(CC1)C(C)CCC1C2C1(C)C,balsamic;woody,2,"flavornet,goodscents"
C[C@H]1CC[C@@H](C(C)(C)O)CC2=C1CC[C@@H]2C,CC1CCC(C(C)(C)O)CC2=C1CCC2C,balsamic;rose;tea;woody,4,"aromadb,flavornet,goodscents"
C=CCCCCCC=C,C=CCCCCCC=C,citrus,1,goodscents
CC(=O)OC(C)C(C)=O,CC(=O)OC(C)C(C)=O,apple;banana;buttery;chemical;creamy;estery;fruity;ketonic;pineapple;pungent;sweet,11,goodscents
CC1=CCCC(=C(C)C)C1=O,CC1=CCCC(=C(C)C)C1=O,minty;phenolic,2,goodscents
CCC(=O)CC(C)(C)c1ccccc1,CCC(=O)CC(C)(C)c1ccccc1,floral;peppery;rose;spicy;woody,5,goodscents
CC(=O)CC(C)(C)C1CCCCC1,CC(=O)CC(C)(C)C1CCCCC1,floral;vetiver;waxy;woody,4,goodscents
COc1cc(C=O)ccc1O[C@@H]1O[C@H](CO)[C@@H](O)[C@H](O)[C@H]1O,COc1cc(C=O)ccc1OC1OC(CO)C(O)C(O)C1O,vanilla,1,goodscents
Cc1coc2c1CC(C)CC2,Cc1coc2c1CC(C)CC2,coffee;earthy;musty;nutty;pungent,5,goodscents
CC1(C)[C@H]2CC[C@](C)(O)[C@@H]1C2,CC1(O)CCC2CC1C2(C)C,camphoreous;pine;woody,3,goodscents
CC(C)=CCC[C@H](C)[C@@H]1C=CC(C)=CC1,CC(C)=CCCC(C)C1C=CC(C)=CC1,fresh;fruity;spicy,3,"aromadb,flavornet,goodscents"
Cc1cc(C)c(O)cc1C,Cc1cc(C)c(O)cc1C,chemical;phenolic,2,goodscents
C=CC(C)CCCC(C)C,C=CC(C)CCCC(C)C,herbal;pine;woody,3,goodscents
CC1=CCC(C(C)C)CC1=O,CC1=CCC(C(C)C)CC1=O,minty,1,goodscents
CC(C)C1=CC(=O)C(C)CC1,CC(C)C1=CC(=O)C(C)CC1,minty,1,goodscents
C=CCc1ccc(OC)c(O)c1,C=CCc1ccc(OC)c(O)c1,spicy,1,goodscents
O=C(O)/C=C/c1ccc(O)cc1,O=C(O)C=Cc1ccc(O)cc1,balsamic,1,"flavornet,goodscents"
CC(C)=CCC/C(C)=C/C=C/C(C)=C/C=C/C(C)=C/C=C/C=C(C)/C=C/C=C(C)/C=C/C=C(\C)CCC=C(C)C,CC(C)=CCCC(C)=CC=CC(C)=CC=CC(C)=CC=CC=C(C)C=CC=C(C)C=CC=C(C)CCC=C(C)C,balsamic,1,goodscents
O=C1CCCCCCCCCCCCCC1,O=C1CCCCCCCCCCCCCC1,animal;musk;powdery,3,goodscents
C=C/C(C)=C/CCC(=C)C,C=CC(C)=CCCC(=C)C,floral;fruity,2,"flavornet,goodscents"
CC1=CC=CC(C)(C)CC1=O,CC1=CC=CC(C)(C)CC1=O,minty,1,goodscents
C=CC(O)C/C=C/CC,C=CC(O)CC=CCC,earthy;geranium;green;herbal;leafy;marine;metallic;mushroom,8,"flavornet,goodscents"
CC1CSCS1,CC1CSCS1,garlic;sulfur;tomato,3,goodscents
C1CCSSC1,C1CCSSC1,sulfur,1,goodscents
C1CSCSC1,C1CSCSC1,garlic;roasted,2,goodscents
O=C(O)CCCCC/C=C/CCCCCCCCO,O=C(O)CCCCCC=CCCCCCCCCO,amber,1,goodscents
CCCC(C)C=Nc1ccccc1C(=O)OC,CCCC(C)C=Nc1ccccc1C(=O)OC,citrus;fruity;grape;green;sweet,5,goodscents
CC(=O)OCCC(C)(C)S,CC(=O)OCCC(C)(C)S,fruity;sulfur;sweet,3,goodscents
CCCCc1ncc(C)nc1C,CCCCc1ncc(C)nc1C,earthy;sweet,2,goodscents
C=C(C)[C@@H]1C=CC2=CC(=O)C[C@@H](C)[C@]2(C)C1,C=C(C)C1C=CC2=CC(=O)CC(C)C2(C)C1,citrus;fruity;grapefruit,3,"aromadb,goodscents"
C=CC(=C)CC[C@H]1C(=C)CC[C@H]2C(C)(C)CCC[C@]12C,C=CC(=C)CCC1C(=C)CCC2C(C)(C)CCCC12C,amber;green;terpenic;woody,4,goodscents
C=C1C2CCC(C2)C1(C)CCC=C(C)C,C=C1C2CCC(C2)C1(C)CCC=C(C)C,woody,1,goodscents
CNC(=O)C(C)(C(C)C)C(C)C,CNC(=O)C(C)(C(C)C)C(C)C,cooling;minty,2,goodscents
CCNC(=O)C(CC)(C(C)C)C(C)C,CCNC(=O)C(CC)(C(C)C)C(C)C,cooling;minty,2,goodscents
CCC(CC)(CC)C(=O)NC(C)(C)CO,CCC(CC)(CC)C(=O)NC(C)(C)CO,cooling,1,goodscents
CC(O)C(C)O,CC(O)C(C)O,buttery;creamy;fruity;onion,4,"aromadb,flavornet,goodscents"
CCCCCC1=CCC(=O)O1,CCCCCC1=CCC(=O)O1,fruity;milky;tropical,3,"aromadb,goodscents"
CC(C)C1=CC2=CC[C@@H]3[C@](C)(CCC[C@@]3(C)C(=O)O)[C@H]2CC1,CC(C)C1=CC2=CCC3C(C)(C(=O)O)CCCC3(C)C2CC1,mild,1,goodscents
C=C1CCCC2(C)CCC(=C(C)C)CC12,C=C1CCCC2(C)CCC(=C(C)C)CC12,woody,1,"flavornet,goodscents"
O=c1nc([O-])n(Cl)c(=O)n1Cl,O=c1nc([O-])n(Cl)c(=O)n1Cl,mild,1,goodscents
CC(=CC1=C(C)CCCC1(C)C)C(C)O,CC(=CC1=C(C)CCCC1(C)C)C(C)O,vetiver;woody,2,goodscents
CC1SCSS1,CC1SCSS1,sulfur,1,goodscents
CCCC/C=C\CCCCO,CCCCC=CCCCCO,fatty;floral;fruity;rose;waxy,5,"aromadb,goodscents"
CCCCC(CC=O)SC,CCCCC(CC=O)SC,cooked;fatty;green;roasted,4,goodscents
CCCC(S)CC=O,CCCC(S)CC=O,citrus;fruity;green;onion;peel,5,goodscents
CCCC(CCOC(C)=O)SC,CCCC(CCOC(C)=O)SC,green;pungent;spicy;sulfur;tropical;vegetable,6,goodscents
CC#CC#CCc1ccccc1,CC#CC#CCc1ccccc1,anise;sweet,2,goodscents
C=CC(C)(O)/C=C/C1=C(C)CCCC1(C)C,C=CC(C)(O)C=CC1=C(C)CCCC1(C)C,woody,1,goodscents
CC(=O)OC(C)C=CC1C(C)=CCCC1(C)C,CC(=O)OC(C)C=CC1C(C)=CCCC1(C)C,berry;floral;sweet;violet;woody,5,goodscents
CC1=CC[C@H]2C(C)=CC[C@@H](C(C)C)[C@@H]2C1,CC1=CCC2C(C)=CCC(C(C)C)C2C1,green;oily;woody,3,"aromadb,goodscents"
C[C@@H](C=O)[C@H]1CC[C@H](C)[C@H]1C(=O)O,CC(C=O)C1CCC(C)C1C(=O)O,odorless,1,goodscents
C#CC1(OC(C)=O)CCCCC1,C#CC1(OC(C)=O)CCCCC1,dry;hay;herbal;woody,4,goodscents
CCCCCCCC(C)=NO,CCCCCCCC(C)=NO,cucumber;floral;fresh;green,4,goodscents
CC(C)=CCCC1=CCCC(C)(C=O)C1,CC(C)=CCCC1=CCCC(C)(C=O)C1,aldehydic;citrus;grapefruit;muguet;ozone,5,goodscents
CC(C)=CCCC1=CCC(C)(C=O)CC1,CC(C)=CCCC1=CCC(C)(C=O)CC1,aldehydic;clean;herbal;ozone,4,goodscents
CC(C)=CCCC1=CCCC(C=O)C1,CC(C)=CCCC1=CCCC(C=O)C1,aldehydic;clean;fresh;fruity;orange;ozone,6,goodscents
COc1cc(C2OC(C)CC(C)(C)O2)ccc1O,COc1cc(C2OC(C)CC(C)(C)O2)ccc1O,creamy;smoky;sweet;vanilla,4,goodscents
CCOc1cc(C2OC(C)CC(C)(C)O2)ccc1O,CCOc1cc(C2OC(C)CC(C)(C)O2)ccc1O,creamy;phenolic;sweet;vanilla,4,goodscents
COC(=O)C1CC2CC1C(C)(C)C2,COC(=O)C1CC2CC1C(C)(C)C2,balsamic;fruity;green;pine;woody,5,goodscents
CC1=NCSC1,CC1=NCSC1,garlic,1,"flavornet,goodscents"
C/C=C(/O)C(C)=O,CC=C(O)C(C)=O,buttery;caramel;fatty,3,goodscents
C/C=C/c1cc(OC)c(OC)c(OC)c1,CC=Cc1cc(OC)c(OC)c(OC)c1,floral;spicy,2,"flavornet,goodscents"
C=CCc1ccc(O)c(-c2cc(CC=C)ccc2O)c1,C=CCc1ccc(O)c(-c2cc(CC=C)ccc2O)c1,bitter,1,"aromadb,goodscents"
CC1CCSCS1,CC1CCSCS1,sulfur,1,goodscents
C=C(C)C1CCC(C)=CC1=O,C=C(C)C1CCC(C)=CC1=O,fruity;herbal;minty;sweet,4,"aromadb,goodscents"
COc1cc(C=CC(=O)O)cc(OC)c1O,COc1cc(C=CC(=O)O)cc(OC)c1O,odorless,1,goodscents
COC1CC2CC1C1C=CCC21,COC1CC2CC1C1C=CCC21,fruity;green;herbal;melon;sweet,5,goodscents
C/C=C(/C)C(=O)OCCC(C)CC,CC=C(C)C(=O)OCCC(C)CC,celery;chamomile;floral;woody,4,goodscents
COc1ccc2ccc(=O)oc2c1,COc1ccc2ccc(=O)oc2c1,balsamic;sweet,2,"flavornet,goodscents"
C=CCc1ccc(OC(=O)/C=C/c2ccccc2)c(OC)c1,C=CCc1ccc(OC(=O)C=Cc2ccccc2)c(OC)c1,cinnamon,1,goodscents
O=C([O-])c1ccccc1,O=C([O-])c1ccccc1,odorless,1,goodscents
C=C(CCC=C(C)C)C1CC=C(CCC=C(C)C)CC1,C=C(CCC=C(C)C)C1CC=C(CCC=C(C)C)CC1,odorless,1,goodscents
C/C(=C/C#N)CCc1ccccc1,CC(=CC#N)CCc1ccccc1,balsamic;cinnamon;citrus;floral;fruity;lemon;rose,7,goodscents
CC1=C(O)C(=O)C(C)(C)C1,CC1=C(O)C(=O)C(C)(C)C1,caramel;sweet,2,goodscents
NS(=O)(=O)O,NS(=O)(=O)O,bland,1,goodscents
CCCCOCCc1ccccc1,CCCCOCCc1ccccc1,floral;green;metallic;mushroom,4,goodscents
CO[C@H]1C[C@H]2CC[C@@]1(C)C2(C)C,COC1CC2CCC1(C)C2(C)C,balsamic;camphoreous;earthy;pine;woody,5,"flavornet,goodscents"
CCCC(=O)c1cccs1,CCCC(=O)c1cccs1,beefy;meaty;roasted,3,goodscents
CC(C)CCC1(C)OCC=CCO1,CC(C)CCC1(C)OCC=CCO1,amber;fresh;herbal;lavender;sweet,5,goodscents
CC1CSSC1,CC1CSSC1,sulfur,1,goodscents
CC/C=C\CCOC(=O)/C=C/CCC,CCC=CCCOC(=O)C=CCCC,berry;fruity;grassy;green;pear;tropical,6,goodscents
CC1CC(C)SC(C)S1,CC1CC(C)SC(C)S1,sulfur,1,goodscents
CC(=O)C(O)Cc1ccccc1,CC(=O)C(O)Cc1ccccc1,creamy;fruity;sweet,3,"aromadb,goodscents"
CC(C)=CCSC(=O)C(C)C,CC(C)=CCSC(=O)C(C)C,fruity;sulfur;tropical,3,goodscents
COc1ccc(COC(C)=O)cc1OC,COc1ccc(COC(C)=O)cc1OC,berry;floral;fresh;rose;sweet,5,goodscents
CCCCCCCC(=O)OCC(COC(=O)CCCCCCC)OC(=O)CCCCCCC,CCCCCCCC(=O)OCC(COC(=O)CCCCCCC)OC(=O)CCCCCCC,odorless,1,goodscents
CCCCc1cscn1,CCCCc1cscn1,green;herbal;minty;vegetable,4,goodscents
CCC(S)SC(S)CC,CCC(S)SC(S)CC,fruity;garlic;green;onion;sulfur,5,goodscents
CC(C)=CCCc1ccoc1,CC(C)=CCCc1ccoc1,woody,1,"flavornet,goodscents"
CCCC/C=C\CCCCCCCCCC=O,CCCCC=CCCCCCCCCCC=O,waxy,1,goodscents
CC1=CC(C)(C)C=C(C)C1=O,CC1=CC(C)(C)C=C(C)C1=O,green;hay;minty;sweet;warm;woody,6,goodscents
CCCCCOC(=O)CCC,CCCCCOC(=O)CCC,banana;cherry;fruity;pineapple;sweet;tropical,6,"flavornet,goodscents"
C[Si]1(C)O[Si](C)(C)O[Si](C)(C)O[Si](C)(C)O[Si](C)(C)O[Si](C)(C)O1,C[Si]1(C)O[Si](C)(C)O[Si](C)(C)O[Si](C)(C)O[Si](C)(C)O[Si](C)(C)O1,odorless,1,goodscents
Cc1ccc(CCC=O)cc1,Cc1ccc(CCC=O)cc1,floral;lily,2,goodscents
CC(CC#N)CCc1ccccc1,CC(CC#N)CCc1ccccc1,citrus;floral;lily;metallic;muguet;sweet,6,goodscents
CCCC(N)=O,CCCC(N)=O,nutty,1,"aromadb,goodscents"
CCOC(=O)CCC1(C)OCC(C)O1,CCOC(=O)CCC1(C)OCC(C)O1,caramel;oily,2,goodscents
CC(=O)OC1CC2CC1C1CC=CC21,CC(=O)OC1CC2CC1C1CC=CC21,cedar;floral;green;pine;soap;woody,6,goodscents
CSC(SC)SC,CSC(SC)SC,earthy;mushroom;musty,3,goodscents
CC1CCOC(/C=C/c2ccccc2)O1,CC1CCOC(C=Cc2ccccc2)O1,cinnamon;spicy;sweet;warm,4,goodscents
CCOC(C)Oc1ccccc1,CCOC(C)Oc1ccccc1,bark;fresh;green;leafy;rose,5,goodscents
CC(=O)c1nc(C)cnc1C,CC(=O)c1nc(C)cnc1C,caramel;hazelnut;popcorn;roasted,4,goodscents
CCCCCCOC(C)OC,CCCCCCOC(C)OC,bark;green;herbal,3,goodscents
Cc1ncc(CC(C)C)nc1C,Cc1ncc(CC(C)C)nc1C,green;leafy;nutty,3,goodscents
CC(CO)C1CCCCC1,CC(CO)C1CCCCC1,balsamic;floral;geranium;green;minty;muguet,6,goodscents
CC1C(=O)c2ccccc2C1(C)C,CC1C(=O)c2ccccc2C1(C)C,herbal;leathery;marine;phenolic;tobacco;woody,6,goodscents
CCCCCC(=O)C(C)(O)C(C)=O,CCCCCC(=O)C(C)(O)C(C)=O,earthy;plastic,2,goodscents
CC(=O)C1(C)CC2=C(CCCC2(C)C)CC1C,CC(=O)C1(C)CC2=C(CCCC2(C)C)CC1C,cedar;dry;ketonic;phenolic;woody,5,goodscents
CC(C)[C@@H]1CC[C@@H](C)C[C@H]1OC(=O)CCC(=O)N(C)C,CC1CCC(C(C)C)C(OC(=O)CCC(=O)N(C)C)C1,minty,1,goodscents
CCCCCCCCCOC(=O)c1ccccc1,CCCCCCCCCOC(=O)c1ccccc1,balsamic;minty;orange;sweet,4,goodscents
CCOC(=O)CC1CCCCC1,CCOC(=O)CC1CCCCC1,floral,1,goodscents
CCCCCCC(=O)OCc1ccccc1,CCCCCCC(=O)OCc1ccccc1,apricot;fruity;herbal,3,goodscents
CCCCCCC(=O)OC1CCCCC1,CCCCCCC(=O)OC1CCCCC1,fruity,1,goodscents
CCCCC1OC(C)CC(C)(C)O1,CCCCC1OC(C)CC(C)(C)O1,chamomile;green;herbal;spicy,4,goodscents
COc1ccc(CC(C)C=O)cc1,COc1ccc(CC(C)C=O)cc1,anise;green;raspberry;sweet,4,goodscents
CCC1SSC(CC)S1,CCC1SSC(CC)S1,roasted;sulfur,2,"aromadb,goodscents"
C=CCCCC(=O)OCC,C=CCCCC(=O)OCC,fruity;pineapple,2,goodscents
CCC1SSSC(CC)S1,CCC1SSSC(CC)S1,cooked;roasted;sulfur,3,goodscents
CCC1SC(C)=NC(C)S1,CCC1SC(C)=NC(C)S1,garlic,1,goodscents
CCC1NC(CC)SC(CC)S1,CCC1NC(CC)SC(CC)S1,fatty;garlic;onion;roasted;sulfur,5,goodscents
CC(=O)OC1=CCC2C3CCC(C3)C12,CC(=O)OC1=CCC2C3CCC(C3)C12,cedar;green;herbal;licorice;pine;woody,6,goodscents
CCCCC(S)CCOC(C)=O,CCCCC(S)CCOC(C)=O,fruity;sulfur,2,goodscents
O=C1CCCCCCCCCCC(=O)OCCO1,O=C1CCCCCCCCCCC(=O)OCCO1,animal;clean;musk;sweet;waxy,5,goodscents
CC(O)CCC(CCC(C)O)C(C)C,CC(O)CCC(CCC(C)O)C(C)C,animal;woody,2,goodscents
CC(=O)c1ccc2n1CCC2,CC(=O)c1ccc2n1CCC2,grass;hay;smoky;solvent,4,"flavornet,goodscents"
C=C(CC=O)CCC=C(C)C,C=C(CC=O)CCC=C(C)C,aldehydic;floral;juicy;lemon;rose,5,goodscents
CC(CCO)CCc1ccccc1,CC(CCO)CCc1ccccc1,floral;fresh;geranium;green;honey;lily;muguet;rose;tropical,9,goodscents
CC(CC=O)CCc1ccccc1,CC(CC=O)CCc1ccccc1,aldehydic;fresh;green;lily;waxy;woody,6,goodscents
CC/C=C\CC(OC)OC,CCC=CCC(OC)OC,apple;fruity,2,goodscents
CC1CCSS1,CC1CCSS1,sulfur,1,goodscents
CC(C)=CC1OCCC(C)O1,CC(C)=CC1OCCC(C)O1,berry;chemical;floral;fruity;green;woody,6,goodscents
Cc1ccc(/C=C/C=O)o1,Cc1ccc(C=CC=O)o1,spicy;sweet,2,goodscents
CC1=CC([O-])=NS(=O)(=O)O1,CC1=CC([O-])=NS(=O)(=O)O1,odorless,1,goodscents
CSC#N,CSC#N,onion;sulfur,2,"flavornet,goodscents"
Cc1cc(SC(=O)c2ccco2)c(C)o1,Cc1cc(SC(=O)c2ccco2)c(C)o1,coffee;meaty;roasted;vegetable,4,goodscents
CCCCCCCCCCCCCCCCCC(=O)NCCCN(C)C,CCCCCCCCCCCCCCCCCC(=O)NCCCN(C)C,bland,1,goodscents
CCC#CC(=O)C(OC)OC,CCC#CC(=O)C(OC)OC,camphor;earthy;minty;sweet;warm,5,goodscents
CCOc1cc(COC)ccc1O,CCOc1cc(COC)ccc1O,balsamic;burnt;floral;powdery;spicy;sweet;vanilla;woody,8,goodscents
NCCCC(=O)O,NCCCC(=O)O,meaty;savory,2,goodscents
NCC(=O)O,NCC(=O)O,odorless,1,goodscents
OCC(O)CO,OCC(O)CO,odorless,1,goodscents
N[C@@H](CC(=O)O)C(=O)O,NC(CC(=O)O)C(=O)O,odorless,1,goodscents
NCCCC[C@H](N)C(=O)O,NCCCCC(N)C(=O)O,odorless,1,goodscents
CC1(C)C2CCC1(C)C(OC(=O)c1ccccc1O)C2,CC1(C)C2CCC1(C)C(OC(=O)c1ccccc1O)C2,balsamic;fresh;green;herbal;woody,5,goodscents
CC1=CC(S)CS1,CC1=CC(S)CS1,meaty,1,goodscents
CC1SCCS1,CC1SCCS1,garlic;savory;smoky;sulfur;vegetable,5,"flavornet,goodscents"
O=C1Oc2ccccc2C2CC12,O=C1Oc2ccccc2C2CC12,coumarinic;green;nutty;spicy;vanilla,5,goodscents
CC(C)[C@@H]1CC[C@@H](C)CC12OCC(CO)O2,CC1CCC(C(C)C)C2(C1)OCC(CO)O2,odorless,1,goodscents
CC(O)C(C)Cc1ccccc1,CC(O)C(C)Cc1ccccc1,floral;green;muguet;rose,4,goodscents
C=CCCC(=O)C1=CCCC(C)(C)C1,C=CCCC(=O)C1=CCCC(C)(C)C1,earthy;fresh;fruity;green;hyacinth;pineapple;weedy,7,goodscents
C=CCCC(=O)C1CCCC(C)(C)C1,C=CCCC(=O)C1CCCC(C)(C)C1,balsamic;fruity;green;herbal;pineapple,5,goodscents
CC(C)CCC[C@@H](C)[C@H]1CC[C@H]2[C@@H]3CC=C4C[C@@H](O)CC[C@]4(C)[C@H]3CC[C@]12C,CC(C)CCCC(C)C1CCC2C3CC=C4CC(O)CCC4(C)C3CCC12C,bland,1,goodscents
COc1cc(CC=O)ccc1O,COc1cc(CC=O)ccc1O,floral;vanilla,2,goodscents
CCC(=O)C(C)O,CCC(=O)C(C)O,earthy;nut;nutty,3,"flavornet,goodscents"
CC(=O)SC(C)(C)[C@@H]1CC[C@@H](C)CC1=O,CC(=O)SC(C)(C)C1CCC(C)CC1=O,herbal;minty,2,"aromadb,goodscents"
C=C(CCO)CCCC(C)C,C=C(CCO)CCCC(C)C,mild;rose,2,goodscents
CCCCc1ncsc1C,CCCCc1ncsc1C,green,1,goodscents
CC12CCC3C(CCC4C(C)(C)CCCC43C)(CO1)O2,CC12CCC3C(CCC4C(C)(C)CCCC43C)(CO1)O2,amber;dry;musk;powdery;woody,5,goodscents
O=C1OC([C@@H](O)CO)C(O)=C1[O-],O=C1OC(C(O)CO)C(O)=C1[O-],odorless,1,goodscents
CC(=O)/C=C/c1c(C)ccc(C)c1C,CC(=O)C=Cc1c(C)ccc(C)c1C,floral;green,2,"flavornet,goodscents"
O=C/C(=C\c1ccco1)c1ccccc1,O=CC(=Cc1ccco1)c1ccccc1,berry;spicy;warm,3,goodscents
CCOC(=O)CC(O)c1ccccc1,CCOC(=O)CC(O)c1ccccc1,animal;dry;fruity;hay;leathery;strawberry,6,goodscents
NC(=O)C[C@H](N)C(=O)O,NC(=O)CC(N)C(=O)O,odorless,1,goodscents
CC12CCCC(OC=O)(C1)C1CC(C)(C)C1CC2,CC12CCCC(OC=O)(C1)C1CC(C)(C)C1CC2,camphoreous;peppery;spicy;woody,4,goodscents
C=C(/C=C/O)CC/C=C(/C)CCC=C(C)C,C=C(C=CO)CCC=C(C)CCC=C(C)C,floral;oily,2,"flavornet,goodscents"
O=C([O-])CC(O)C(=O)O,O=C([O-])CC(O)C(=O)O,odorless,1,goodscents
O=COCCOc1ccccc1,O=COCCOc1ccccc1,balsamic;cinnamon;powdery;sweet,4,goodscents
CC1CCCCC1O,CC1CCCCC1O,coconut;mild,2,goodscents
CCCCC(C)(CC)C(=O)OCC,CCCCC(C)(CC)C(=O)OCC,apple;chamomile;fresh;fruity,4,goodscents
CCCCC(CC)CCC=O,CCCCC(CC)CCC=O,citrus;fatty;floral;fruity;lactonic;milky;waxy,7,goodscents
CCOCOC1CCCCCCCCCCC1,CCOCOC1CCCCCCCCCCC1,amber;cedar;dry;woody,4,goodscents
CCCC/C=C\CCCCCCCCCCCC=O,CCCCC=CCCCCCCCCCCCC=O,waxy,1,goodscents
CC(C)=C1CCC(C)(O)CC1,CC(C)=C1CCC(C)(O)CC1,floral;pine,2,goodscents
CC(=CC=O)CCC=C(C)CC(C)C,CC(=CC=O)CCC=C(C)CC(C)C,aldehydic;floral;fruity;waxy,4,goodscents
CCc1ccc(OC)c(OC)c1,CCc1ccc(OC)c(OC)c1,earthy;musty,2,goodscents
N[C@@H](Cc1ccc(O)c(O)c1)C(=O)O,NC(Cc1ccc(O)c(O)c1)C(=O)O,odorless,1,goodscents
CC(=O)OCC1CCC(C)(C)C23CC4CC2C13C4(C)C,CC(=O)OCC1CCC(C)(C)C23CC4CC2C13C4(C)C,amber;sandalwood;vetiver;woody,4,goodscents
CC1(C)CCC(CO)C23C4CC(CC412)C3(C)C,CC1(C)CCC(CO)C23C4CC(CC412)C3(C)C,amber;animal;dry;warm;woody,5,goodscents
CC1(C)CCC(COC=O)C23C4CC(CC412)C3(C)C,CC1(C)CCC(COC=O)C23C4CC(CC412)C3(C)C,amber;cedar;dry;vetiver;woody,5,goodscents
CC1CCCC(O)C1,CC1CCCC(O)C1,dry;fruity;musty;rummy;solvent,5,goodscents
CC1CC=CCC1,CC1CC=CCC1,citrus,1,goodscents
CC1C=CCCC1,CC1C=CCCC1,citrus,1,goodscents
C/C=C\c1ccc(O)c(OC)c1,CC=Cc1ccc(O)c(OC)c1,floral;phenolic;spicy;sweet,4,"aromadb,flavornet,goodscents"
CSCCCCC#N,CSCCCCC#N,cabbage,1,"flavornet,goodscents"
CCCCCC1CC(=O)C=C(C)C1C(=O)OCC,CCCCCC1CC(=O)C=C(C)C1C(=O)OCC,anise;clean;floral;jasmin;sweet,5,goodscents
CC(C)=CCC(=O)c1ccoc1,CC(C)=CCC(=O)c1ccoc1,minty,1,goodscents
CC(C)CCCCCCCCCCOC(=O)CC(C)CC(C)(C)C,CC(C)CCCCCCCCCCOC(=O)CC(C)CC(C)(C)C,bland,1,goodscents
CCC(=O)SC,CCC(=O)SC,garlic;milky;sulfur;vegetable,4,goodscents
CC(O)C(=O)O[C@@H]1C[C@H](C)CC[C@H]1C(C)C,CC1CCC(C(C)C)C(OC(=O)C(C)O)C1,cooling;minty;odorless,3,goodscents
Cc1ccc(CS)o1,Cc1ccc(CS)o1,coffee;roasted;sulfur,3,"flavornet,goodscents"
CCCCCC1OCCC(CCC)S1,CCCCCC1OCCC(CCC)S1,fruity;garlic;onion,3,goodscents
N[C@@H](Cc1cnc[nH]1)C(=O)O,NC(Cc1cnc[nH]1)C(=O)O,odorless,1,goodscents
Cc1cc2occ(C)c2c2c1CC[C@H](C)C2,Cc1cc2occ(C)c2c2c1CCC(C)C2,sweet,1,goodscents
CCCCCCCCC(=O)OCC(CC)CCCC,CCCCCCCCC(=O)OCC(CC)CCCC,bland,1,goodscents
CC(C)CC(=O)OC1C2(C)CCC(C2)C1(C)C,CC(C)CC(=O)OC1C2(C)CCC(C2)C1(C)C,pine,1,goodscents
CCCCCN1C(=O)OCC1C,CCCCCN1C(=O)OCC1C,celery;herbal;jasmin,3,goodscents
CCCC(C)OC(=O)CC(C)C,CCCC(C)OC(=O)CC(C)C,apple;brandy;cooling;fruity;metallic,5,goodscents
Cc1ccc(C)c2c1CC[C@@H](C(C)(C)O)C2,Cc1ccc(C)c2c1CCC(C(C)(C)O)C2,woody,1,goodscents
N[C@@H](Cc1ccc(O)cc1)C(=O)O,NC(Cc1ccc(O)cc1)C(=O)O,odorless,1,goodscents
CCOCC,CCOCC,ethereal,1,goodscents
CC(N)=O,CC(N)=O,bland,1,goodscents
O=C(CCc1ccc(O)cc1)c1c(O)cc(O)cc1O,O=C(CCc1ccc(O)cc1)c1c(O)cc(O)cc1O,odorless;sweet,2,"aromadb,goodscents"
CCCC/C=C\CCCCCCCCCCCCOC(C)=O,CCCCC=CCCCCCCCCCCCCOC(C)=O,waxy,1,goodscents
CC1SCCCS1,CC1SCCCS1,sulfur,1,goodscents
CCC(O)CCC1C(C)CCCC1(C)C,CCC(O)CCC1C(C)CCCC1(C)C,sandalwood;woody,2,goodscents
CC(O)C(C)CC1C(C)CCCC1(C)C,CC(O)C(C)CC1C(C)CCCC1(C)C,cedar;floral;violet;woody,4,goodscents
CC(=O)OC(C)C(C)CC1C(C)CCCC1(C)C,CC(=O)OC(C)C(C)CC1C(C)CCCC1(C)C,powdery;vetiver;woody,3,goodscents
CC1=CCOC(c2ccccc2)C1,CC1=CCOC(c2ccccc2)C1,floral;geranium;green;metallic;rose,5,goodscents
CC1=C(C)C2(C)CCC1(C)C(C)(C)C2(C)O,CC1=C(C)C2(C)CCC1(C)C(C)(C)C2(C)O,camphoreous;woody,2,goodscents
CC(=O)OCC1OC(OC(C)=O)C(OC(C)=O)C(OC(C)=O)C1OC(C)=O,CC(=O)OCC1OC(OC(C)=O)C(OC(C)=O)C(OC(C)=O)C1OC(C)=O,odorless,1,goodscents
CC(=O)OCCCC1CCCCC1,CC(=O)OCCCC1CCCCC1,ethereal;floral;fruity,3,goodscents
CCC(C)CCC(C)(CC)OC(C)=O,CCC(C)CCC(C)(CC)OC(C)=O,floral;fruity;honey;sweet;waxy,5,goodscents
CCOC(=O)c1ccc(C)cc1O,CCOC(=O)c1ccc(C)cc1O,animal;floral,2,goodscents
CCOC(=O)C(=O)OCCC(C)CCC=C(C)C,CCOC(=O)C(=O)OCCC(C)CCC=C(C)C,aldehydic;floral;lily;muguet;rose;sweet;waxy,7,goodscents
CC/C=C\CC/C=C/C(=O)NC1CC1,CCC=CCCC=CC(=O)NC1CC1,herbal;meaty,2,goodscents
CC/C=C\CC/C=C/C(=O)NCC,CCC=CCCC=CC(=O)NCC,meaty;spicy,2,goodscents
N[C@@H](CCC(=O)[O-])C(=O)O,NC(CCC(=O)[O-])C(=O)O,odorless,1,goodscents
CSC(=O)CCC(C)C,CSC(=O)CCC(C)C,cheesy;creamy;fermented;milky;tropical;vegetable,6,goodscents
Cc1occc1SSC1CCCCC1,Cc1occc1SSC1CCCCC1,meaty;sweet,2,goodscents
O=[N+]([O-])CCc1ccccc1,O=[N+]([O-])CCc1ccccc1,floral;spicy,2,"flavornet,goodscents"
CCCC(=O)C(CC)Sc1ccoc1C,CCCC(=O)C(CC)Sc1ccoc1C,meaty;roasted,2,goodscents
OC(Cc1ccccc1)c1ccccc1,OC(Cc1ccccc1)c1ccccc1,floral;orris,2,goodscents
O=C(OCC(COC(=O)c1ccccc1)OC(=O)c1ccccc1)c1ccccc1,O=C(OCC(COC(=O)c1ccccc1)OC(=O)c1ccccc1)c1ccccc1,balsamic;clean;green;herbal;plastic,5,goodscents
O=C(/C=C/c1ccccc1)c1ccccc1,O=C(C=Cc1ccccc1)c1ccccc1,balsamic;floral;herbal,3,goodscents
CCCC1CC=C(C=O)C(CCC)S1,CCCC1CC=C(C=O)C(CCC)S1,green;tropical,2,goodscents
CSCc1ccsc1,CSCc1ccsc1,cooked;milky;roasted,3,goodscents
C/C=C(/C)C(=O)OCC(C)CC,CC=C(C)C(=O)OCC(C)CC,floral;fruity,2,goodscents
COC(=O)OC1CCCCCCC1,COC(=O)OC1CCCCCCC1,fresh;herbal;jasmin;oily;waxy,5,goodscents
CC(C)(C)c1cccc2ncccc12,CC(C)(C)c1cccc2ncccc12,animal;earthy;leathery;vetiver,4,goodscents
CNCCS(=O)(=O)[O-],CNCCS(=O)(=O)[O-],bland,1,goodscents
CCC(C)=CCCC(C)=CC#N,CCC(C)=CCCC(C)=CC#N,citrus;lemon;metallic,3,goodscents
CCCCCC(=O)CCSC,CCCCCC(=O)CCSC,meaty;milky,2,goodscents
CC(C)C1OC(C)(C)OCC1(C)C,CC(C)C1OC(C)(C)OCC1(C)C,earthy;fruity;green;herbal;woody,5,goodscents
O=C([O-])CN(CCN(CC(=O)[O-])CC(=O)[O-])CC(=O)[O-],O=C([O-])CN(CCN(CC(=O)[O-])CC(=O)[O-])CC(=O)[O-],odorless,1,goodscents
CCCCC1OC(=O)C2=C1CCC=C2,CCCCC1OC(=O)C2=C1CCC=C2,celery;herbal,2,goodscents
C1CCCC2(CCC1)CCCO2,C1CCCC2(CCC1)CCCO2,animal;woody,2,goodscents
CC(C)CCCCCCCCCCCCCCC(=O)OCC(COC(=O)CCCCCCCCCCCCCCC(C)C)(COC(=O)CCCCCCCCCCCCCCC(C)C)COC(=O)CCCCCCCCCCCCCCC(C)C,CC(C)CCCCCCCCCCCCCCC(=O)OCC(COC(=O)CCCCCCCCCCCCCCC(C)C)(COC(=O)CCCCCCCCCCCCCCC(C)C)COC(=O)CCCCCCCCCCCCCCC(C)C,bland,1,goodscents
OC[C@@]1(O)CO[C@](O)(CO)CO1,OCC1(O)COC(O)(CO)CO1,cooling;sweet,2,goodscents
OCCOCc1ccccc1,OCCOCc1ccccc1,mild;rose,2,goodscents
C=CCC(C)O,C=CCC(C)O,fruity,1,goodscents
COc1ccc(CS)cc1,COc1ccc(CS)cc1,anise;balsamic;burnt;floral;sulfur,5,goodscents
CC(=O)OCC(OC(C)=O)c1ccccc1,CC(=O)OCC(OC(C)=O)c1ccccc1,balsamic;floral;honey;hyacinth;muguet;vetiver,6,goodscents
CCCCCCOC(=O)CCc1ccccc1,CCCCCCOC(=O)CCc1ccccc1,fruity;green;sweet,3,goodscents
N#CCCCCCCC#N,N#CCCCCCCC#N,citrus;floral;fresh;sweet;waxy,5,goodscents
CCCCCCCCCCCCCC#N,CCCCCCCCCCCCCC#N,clean;fresh;green;orangeflower,4,goodscents
CCCCCCCCCCCCCCCCCCC,CCCCCCCCCCCCCCCCCCC,bland,1,"flavornet,goodscents"
CCCCCCCCCCCCCCCCCCCCC,CCCCCCCCCCCCCCCCCCCCC,waxy,1,"flavornet,goodscents"
CCCCCCCCCCCCCCCCCCCCCC,CCCCCCCCCCCCCCCCCCCCCC,waxy,1,"flavornet,goodscents"
CCC1(C)OCC(C)(C)C(C(C)C)O1,CCC1(C)OCC(C)(C)C(C(C)C)O1,leathery;minty,2,goodscents
CSc1ccoc1C,CSc1ccoc1C,beefy;brothy;cheesy;coffee;dry;garlic;meaty;minty;pungent;spicy;sulfur,11,goodscents
CC(C)Cc1ccccn1,CC(C)Cc1ccccn1,aromatic,1,goodscents
C=CCCCCCCCCCOCCC#N,C=CCCCCCCCCCOCCC#N,fruity;pineapple,2,goodscents
CC1=CCC(C)C(C)(C)C12C=CC(C)O2,CC1=CCC(C)C(C)(C)C12C=CC(C)O2,black;currant;fruity;minty,4,goodscents
COc1cc(C2OC(C)C(C)O2)ccc1O,COc1cc(C2OC(C)C(C)O2)ccc1O,balsamic;caramel;chocolate;creamy;malty;milky;powdery;vanilla,8,goodscents
Nc1ccccc1C(=O)Oc1ccc2ccccc2c1,Nc1ccccc1C(=O)Oc1ccc2ccccc2c1,berry;floral;fruity;grape;sweet;winey,6,goodscents
CCCC(=O)C(S)CC,CCCC(=O)C(S)CC,black;currant;grapefruit;green;herbal,5,goodscents
CCCCC(=O)C(S)CCC,CCCCC(=O)C(S)CCC,fruity;grapefruit;green;leafy;minty,5,goodscents
CCCCC(O)C(S)CCC,CCCCC(O)C(S)CCC,grapefruit;green,2,goodscents
c1ccc2c(c1)CCCN2,c1ccc2c(c1)CCCN2,animal;honey;phenolic,3,goodscents
CC(C)CC1CC(C)(O)CCO1,CC(C)CC1CC(C)(O)CCO1,clean;floral;fresh;muguet,4,goodscents
CC(C)C1CCC(C(C)O)CC1,CC(C)C1CCC(C(C)O)CC1,floral;lily;muguet;rose;waxy,5,goodscents
CCCCCCCCCCCCCCOCCCO,CCCCCCCCCCCCCCOCCCO,bland,1,goodscents
CCCCCCCCCCCCCCOC(C)=O,CCCCCCCCCCCCCCOC(C)=O,fatty;waxy,2,goodscents
CCCCCCCCCCCCCCCCCC=O,CCCCCCCCCCCCCCCCCC=O,oily,1,"flavornet,goodscents"
CCCCCCCCCCCCCCCCCCCCCCC,CCCCCCCCCCCCCCCCCCCCCCC,waxy,1,"flavornet,goodscents"
O=S1(=O)N=C([O-])c2ccccc21,O=S1(=O)N=C([O-])c2ccccc21,odorless,1,goodscents
CC(C)CCCCC=O,CC(C)CCCCC=O,fresh;green;juicy;orange;sweet,5,goodscents
CCCCCC(C#N)=C1CCC(C)CC1,CCCCCC(C#N)=C1CCC(C)CC1,jasmin,1,goodscents
CC(=O)OC1CC2CC1C1CCCC21,CC(=O)OC1CC2CC1C1CCCC21,fruity;green;herbal,3,goodscents
CC1CCOC2(CCCCC2)O1,CC1CCOC2(CCCCC2)O1,herbal;woody,2,goodscents
CC(C)CC1OC(=O)C2=CCCCC21,CC(C)CC1OC(=O)C2=CCCCC21,celery;herbal,2,goodscents
CCC1OCC2(CC=CCC2)CO1,CCC1OCC2(CC=CCC2)CO1,floral;fruity;herbal;rose;sweet,5,goodscents
c1coc(Cc2coc(Cc3ccco3)c2)c1,c1coc(Cc2coc(Cc3ccco3)c2)c1,floral;fruity,2,"aromadb,goodscents"
O=C(c1ccccc1)c1ccc2ccccc2c1,O=C(c1ccccc1)c1ccc2ccccc2c1,floral;orangeflower,2,goodscents
CC(C)=CCCC(C)c1ccc(C)cc1,CC(C)=CCCC(C)c1ccc(C)cc1,herbaceous;herbal,2,"aromadb,flavornet,goodscents"
OCC(O)[C@@H](O)[C@H](O)[C@H](O)CO[C@H]1O[C@H](CO)[C@@H](O)[C@H](O)[C@H]1O,OCC(O)C(O)C(O)C(O)COC1OC(CO)C(O)C(O)C1O,odorless,1,goodscents
CCCC(=O)C(CC)SC,CCCC(=O)C(CC)SC,green;herbal;minty;vegetable,4,goodscents
OCC1CC2C3CCC(C3)C2C1,OCC1CC2C3CCC(C3)C2C1,camphoreous,1,goodscents
C=CCC(O)C=CCCCCC,C=CCC(O)C=CCCCCC,earthy;green;mushroom,3,goodscents
C=CCC(C=CCCCCC)OC(C)=O,C=CCC(C=CCCCCC)OC(C)=O,fatty;green,2,goodscents
C=CCc1ccc(O[C@@H]2O[C@H](CO)[C@@H](O)[C@H](O)[C@H]2O)cc1,C=CCc1ccc(OC2OC(CO)C(O)C(O)C2O)cc1,sweet,1,"aromadb,goodscents"
CC1C(C)(C)C2CCCC3OC(C)(C)CC32C1(C)C,CC1C(C)(C)C2CCCC3OC(C)(C)CC32C1(C)C,animal;musk;spicy;woody,4,goodscents
COC(=O)C1(C)CC=CCC1,COC(=O)C1(C)CC=CCC1,herbal;sweet,2,goodscents
CC(=O)/C(C)=C/CC1CC=C(C)C1(C)C,CC(=O)C(C)=CCC1CC=C(C)C1(C)C,floral;orris;powdery;sandalwood;woody,5,goodscents
CC1=CCC(CCC(C)C(C)O)C1(C)C,CC1=CCC(CCC(C)C(C)O)C1(C)C,cedar;creamy;sandalwood;waxy;woody,5,goodscents
CC1C=Cc2nccnc21,CC1C=Cc2nccnc21,roasted,1,"flavornet,goodscents"
CSCSCSC,CSCSCSC,cooked;roasted;sulfur,3,goodscents
CC1=CCCC2(C)C(OC=O)C(C)CCC12C,CC1=CCCC2(C)C(OC=O)C(C)CCC12C,amber;dry;powdery;woody,4,goodscents
CC12CC(CC1=O)C(C)(C)C2,CC12CC(CC1=O)C(C)(C)C2,camphor,1,goodscents
CCOC(C)/C=C/C1=C(C)CCCC1(C)C,CCOC(C)C=CC1=C(C)CCCC1(C)C,apricot;cedar;floral;fruity;raspberry;woody,6,goodscents
CCC(C)c1ccc2ncccc2c1,CCC(C)c1ccc2ncccc2c1,animal;earthy;leathery;vetiver,4,goodscents
CCCCCC1(C)CCC(C)(C)C1=O,CCCCCC1(C)CCC(C)(C)C1=O,apricot;fruity;herbal;jasmin;lactonic;lavender;peach,7,goodscents
CCCc1ccn(-c2ccccc2)n1,CCCc1ccn(-c2ccccc2)n1,cooked;roasted,2,goodscents
CCCCOC(=O)C1CCCCC1,CCCCOC(=O)C1CCCCC1,green,1,goodscents
CC1(C)CCCC2(C)C3CCOC3CCC12,CC1(C)CCCC2(C)C3CCOC3CCC12,amber;cedar;dry;green;musk;pine;woody,7,goodscents
CC1CCC2(O1)C(C)(C)CCCC2(C)O,CC1CCC2(O1)C(C)(C)CCCC2(C)O,camphoreous;cooling;earthy;green;herbal;pine;woody,7,goodscents
Cc1ccc2c(c1)OC(=O)[C@H]2C,Cc1ccc2c(c1)OC(=O)C2C,coconut,1,goodscents
CC(O)C1C2CCC(C2)C1(C)C,CC(O)C1C2CCC(C2)C1(C)C,earthy;fresh;herbal;sweet;vetiver;woody,6,goodscents
CC1C2CC(CC2C2CCC(O)CC2)C1(C)C,CC1C2CC(CC2C2CCC(O)CC2)C1(C)C,balsamic;clean;sandalwood;sweet;woody,5,goodscents
CC1(C)C2CCC1(C)C(C1CCC(O)CC1)C2,CC1(C)C2CCC1(C)C(C1CCC(O)CC1)C2,balsamic;clean;sandalwood;sweet;woody,5,goodscents
CC(C)CCCCCCCCCCCCCCC(=O)OC(CO)CO,CC(C)CCCCCCCCCCCCCCC(=O)OC(CO)CO,mild;waxy,2,goodscents
O=C1O[C@H]([C@@H](O)CO)C(O)=C1OP(=O)(O)O,O=C1OC(C(O)CO)C(O)=C1OP(=O)(O)O,bland,1,goodscents
CC(C)C(C)CCC(C)(C)O,CC(C)C(C)CCC(C)(C)O,aldehydic;citrus;floral;fruity;rose;soap;terpenic,7,goodscents
CC(C)CCCC1=CCC(C)(C=O)CC1,CC(C)CCCC1=CCC(C)(C=O)CC1,aldehydic;citrus;fresh;green;metallic;waxy,6,goodscents
CC(C)=CCC/C(C)=C/C1OCCO1,CC(C)=CCCC(C)=CC1OCCO1,citrus;clean;floral;fresh;lemon,5,goodscents
CCCCCC(=O)C(S)CCCC,CCCCCC(=O)C(S)CCCC,grapefruit;herbal;vetiver,3,goodscents
CCCCCC(O)C(S)CCCC,CCCCCC(O)C(S)CCCC,grapefruit;herbal;minty;oily,4,goodscents
CC(C)Cc1ccc(CC(C)C=O)cc1,CC(C)Cc1ccc(CC(C)C=O)cc1,balsamic;floral;green;lily;marine;muguet;oily;tropical,8,goodscents
CC[C@@H](C)CN1CCCC1,CCC(C)CN1CCCC1,metallic;oily;roasted,3,goodscents
CC1=CC(C)CC(C#N)C1,CC1=CC(C)CC(C#N)C1,coumarinic;tobacco,2,goodscents
CCCCCCOCC#N,CCCCCCOCC#N,fatty;floral;herbal;violet,4,goodscents
Cc1ncc(C[n+]2csc(CCO)c2C)c(N)n1,Cc1ncc(C[n+]2csc(CCO)c2C)c(N)n1,bitter;mild;sour,3,goodscents
CO,CO,alcoholic,1,goodscents
CS(C)=O,CS(C)=O,cheesy;fatty;garlic;mushroom;oily,5,"flavornet,goodscents"
CS(C)(=O)=O,CS(C)(=O)=O,burnt;sulfur,2,"flavornet,goodscents"
O=C1CCCCCCCCCCOCCCCO1,O=C1CCCCCCCCCCOCCCCO1,fruity;musk;sweet;waxy;woody,5,goodscents
Cc1cc(C)oc(=O)c1,Cc1cc(C)oc(=O)c1,balsamic;caramel;green;licorice;sweet,5,goodscents
C=C1CC[C@@H]2[C@H]([C@H]3[C@H]1CC[C@]3(C)O)C2(C)C,C=C1CCC2C(C3C1CCC3(C)O)C2(C)C,earthy;fruity;herbal;honey,4,"flavornet,goodscents"
C=C1CCCC2(C)CCC(CC(C)(C)O)CC12,C=C1CCCC2(C)CCC(CC(C)(C)O)CC12,spicy,1,goodscents
O=C([O-])CC(O)C(=O)[O-],O=C([O-])CC(O)C(=O)[O-],odorless,1,goodscents
COC1C=C2C(C)(C)C3CCC2(C3)C(C)(C)C1,COC1C=C2C(C)(C)C3CCC2(C3)C(C)(C)C1,amber;peppery;powdery;spicy;tobacco;vetiver;woody,7,goodscents
CCOC(OCC)C1CC2CC1C1C=CCC21,CCOC(OCC)C1CC2CC1C1C=CCC21,anise;fruity;herbal;hyacinth,4,goodscents
CCCC(=O)OC/C(C)=C/CCC1(C)C2CC3C(C2)C31C,CCCC(=O)OCC(C)=CCCC1(C)C2CC3C(C2)C31C,balsamic;fruity;nutty;rose;woody,5,goodscents
CC(C)=CCCC(C)=CCOC(Cc1ccccc1)OCC=C(C)CCC=C(C)C,CC(C)=CCCC(C)=CCOC(Cc1ccccc1)OCC=C(C)CCC=C(C)C,floral;green;powdery;rose;tropical,5,goodscents
CC1=CC(C)C(C)C(C=O)C1,CC1=CC(C)C(C)C(C=O)C1,clean;fresh;green;herbal;leafy,5,goodscents
CC1CCC(O)C(C(C)(C)C)C1,CC1CCC(O)C(C(C)(C)C)C1,earthy;fresh;marine;minty;vetiver,5,goodscents
COC(=O)c1ccccc1N=CC1CC=C(CCCC(C)(C)O)CC1,COC(=O)c1ccccc1N=CC1CC=C(CCCC(C)(C)O)CC1,floral;fresh;lily;orangeflower;sweet,5,goodscents
CC1=CC(C)C(CO)CC1,CC1=CC(C)C(CO)CC1,floral;fresh;green;herbal;minty,5,goodscents
CC(C)C(=O)OC1CC2CC1C1C=CCC21,CC(C)C(=O)OC1CC2CC1C1C=CCC21,amber;anise;balsamic;chocolate;fruity;herbal,6,goodscents
CC(=O)OCC1CCC(C)CC1C,CC(=O)OCC1CCC(C)CC1C,bark;floral;grapefruit;sweet;woody,5,goodscents
CC(=O)OCC1CC(C)=CC(C)C1,CC(=O)OCC1CC(C)=CC(C)C1,citrus;floral;grapefruit;green,4,goodscents
C=CC(C)(CCC=C(C)C)OC(=O)N(C)C,C=CC(C)(CCC=C(C)C)OC(=O)N(C)C,herbal;peppery,2,goodscents
C=CC1(C)CCC(C(C)(C)OC(C)=O)O1,C=CC1(C)CCC(C(C)(C)OC(C)=O)O1,fruity;warm;woody,3,goodscents
CCOC(C)OCC(C)OC(C)OCC,CCOC(C)OCC(C)OC(C)OCC,fruity,1,goodscents
CCOC(C)OCC(COC(C)OCC)OC(C)OCC,CCOC(C)OCC(COC(C)OCC)OC(C)OCC,fruity,1,goodscents
CCC(O)/C(C)=C/C1(C)CC2C=CC1C2,CCC(O)C(C)=CC1(C)CC2C=CC1C2,sandalwood;sweet;woody,3,goodscents
CCCCC1(CC)CCC(=O)OC1,CCCCC1(CC)CCC(=O)OC1,animal;coconut;fatty;warm,4,goodscents
COC(=O)c1ccccc1N=CCc1ccccc1,COC(=O)c1ccccc1N=CCc1ccccc1,floral;green;hyacinth;sweet,4,goodscents
CCCCCCC(CO)C(C)=O,CCCCCCC(CO)C(C)=O,earthy;fresh;green;herbal;sweet;weedy,6,goodscents
CC(=O)/C=C/C1C(C)C=C(C)CC1C,CC(=O)C=CC1C(C)C=C(C)CC1C,floral;orris;violet;woody,4,goodscents
CCCCCCCC=Nc1ccccc1C(=O)OC,CCCCCCCC=Nc1ccccc1C(=O)OC,fatty;floral;fresh;grape;oily,5,goodscents
COC(=O)c1ccccc1N=C/C=C(\C)CCC=C(C)C,COC(=O)c1ccccc1N=CC=C(C)CCC=C(C)C,citrus;fresh;fruity;lemon;orangeflower;sweet,6,goodscents
CCOC(=O)OC1CCCCC1C(C)(C)C,CCOC(=O)OC1CCCCC1C(C)(C)C,floral;green;herbal;spicy;woody,5,goodscents
CC(=O)C1(C)CC(=O)C(C)(SCc2ccco2)O1,CC(=O)C1(C)CC(=O)C(C)(SCc2ccco2)O1,coffee;woody,2,goodscents
CC1=CCC(C(C)CC=O)CC1,CC1=CCC(C(C)CC=O)CC1,aldehydic;citrus;green;herbal,4,goodscents
CC1=CC2CC(C=O)C1CC2C(C)C,CC1=CC2CC(C=O)C1CC2C(C)C,fresh;grassy;green;oily;spicy,5,goodscents
CCOc1cnc(C)cn1,CCOc1cnc(C)cn1,nutty;roasted,2,goodscents
COC(=O)c1ccccc1N=CCC(C)CCC=C(C)C,COC(=O)c1ccccc1N=CCC(C)CCC=C(C)C,citrus;fresh;grassy;weedy;woody,5,goodscents
Cc1ccc(OCC=O)cc1,Cc1ccc(OCC=O)cc1,floral;hay;marine;melon;ozone,5,goodscents
CCCCCCCCCC=Nc1ccccc1C(=O)OC,CCCCCCCCCC=Nc1ccccc1C(=O)OC,dry;fatty;floral;fresh;orangeflower;sweet;waxy,7,goodscents
CCC(C)(C)C1CCCCC1OC(C)=O,CCC(C)(C)C1CCCCC1OC(C)=O,balsamic;jammy;raspberry;sweet;woody,5,goodscents
CC(C)CCCC(C)CCOC(=O)Cc1ccccc1,CC(C)CCCC(C)CCOC(=O)Cc1ccccc1,floral;rose,2,goodscents
CC(C)C(=O)OC1CCC2CCCCC2C1,CC(C)C(=O)OC1CCC2CCCCC2C1,apricot;fruity;plum;rose,4,goodscents
O=C(/C=C/c1ccc(O)c(O)c1)O[C@@H](C(=O)O)[C@@H](O)C(=O)O,O=C(C=Cc1ccc(O)c(O)c1)OC(C(=O)O)C(O)C(=O)O,odorless,1,goodscents
COC(=O)C1OC1(C)/C=C/C1C(C)=CCCC1(C)C,COC(=O)C1OC1(C)C=CC1C(C)=CCCC1(C)C,fruity;raspberry,2,goodscents
CC12CCCC3(CC1)C1(C)OC1CCC23C,CC12CCCC3(CC1)C1(C)OC1CCC23C,dry;musk,2,goodscents
CC(C)=CCCC(C)CC(OCCCCCCCCCCC(C)C)OCCCCCCCCCCC(C)C,CC(C)=CCCC(C)CC(OCCCCCCCCCCC(C)C)OCCCCCCCCCCC(C)C,floral;fresh;fruity;minty;rose,5,goodscents
CC(C)CCCCCCCCCCOC(CC(C)CCCC(C)(C)O)OCCCCCCCCCCC(C)C,CC(C)CCCCCCCCCCOC(CC(C)CCCC(C)(C)O)OCCCCCCCCCCC(C)C,fresh;lily;milky;muguet;sweet;woody,6,goodscents
CCCCCC/C(C=Nc1ccccc1C(=O)OC)=C\c1ccccc1,CCCCCCC(C=Nc1ccccc1C(=O)OC)=Cc1ccccc1,fatty;floral;fresh;waxy,4,goodscents
CC1=NC(C(C)C)SC1,CC1=NC(C(C)C)SC1,chocolate;cocoa;sulfur;sweet,4,goodscents
CSCc1cnccn1,CSCc1cnccn1,almond;caramel;coffee;earthy;hazelnut;musty;nutty;popcorn;roasted;vegetable,10,goodscents
CC1(C)CCC2OC23C(C)(C)C2CCC13C2,CC1(C)CCC2OC23C(C)(C)C2CCC13C2,citrus;dry;herbal;woody,4,goodscents
COC(C)OCCC(C)CCC=C(C)C,COC(C)OCCC(C)CCC=C(C)C,citrus;lemon,2,goodscents
CCCCCCCCC(=O)OC/C=C(\C)CCC=C(C)C,CCCCCCCCC(=O)OCC=C(C)CCC=C(C)C,floral;geranium;green;rose,4,goodscents
CC(C)C(=O)OC1CC2CC1C1CC=CC21,CC(C)C(=O)OC1CC2CC1C1CC=CC21,floral;green;jasmin;oily;sweet;weedy;woody,7,goodscents
CC(C)(C)C(=O)OC1CC2CC1C1CC=CC21,CC(C)(C)C(=O)OC1CC2CC1C1CC=CC21,floral;fruity;green;peach;powdery;sweet,6,goodscents
CC(C)OCCc1ccccc1,CC(C)OCCc1ccccc1,green;metallic;plastic;rose;spicy,5,goodscents
CC1=CC(C)CC(C=O)C1,CC1=CC(C)CC(C=O)C1,aldehydic;green;leafy,3,goodscents
C/C=C/C(=O)OC(C)C1CCCCC1,CC=CC(=O)OC(C)C1CCCCC1,brandy;fruity;grape;green;skin;waxy,6,goodscents
C/C=C/C(=O)OC1CCCC1C1CCCC1,CC=CC(=O)OC1CCCC1C1CCCC1,floral;fresh;fruity;peach;plum;rose;tropical;violet,8,goodscents
CC(=O)OCCOc1ccc(C)cc1,CC(=O)OCCOc1ccc(C)cc1,balsamic;floral;fruity;jasmin,4,goodscents
CCCCCCCCC=CCC=O,CCCCCCCCC=CCC=O,bitter;citrus;orange,3,goodscents
CC(=O)OC(C)CC(C)(C)c1ccccc1,CC(=O)OC(C)CC(C)(C)c1ccccc1,balsamic;floral;fresh;grapefruit;green;oily;woody,7,goodscents
CC(C)=CCCC1=CCCC(C#N)C1,CC(C)=CCCC1=CCCC(C#N)C1,citrus;marine;ozone,3,goodscents
CC(C)CC(=O)CO,CC(C)CC(=O)CO,ethereal;fruity,2,goodscents
CC1CCC(C(C)C)C(OC(=O)C2CCC(=O)N2)C1,CC1CCC(C(C)C)C(OC(=O)C2CCC(=O)N2)C1,cooling,1,goodscents
CC1=CC(O)C[C@@H](C)[C@]12CCC(=C(C)C)C2,CC1=CC(O)CC(C)C12CCC(=C(C)C)C2,balsamic;sandalwood;sweet;woody,4,goodscents
C=CCOC(=O)CCCC(C)(C)CC,C=CCOC(=O)CCCC(C)(C)CC,fruity;musk;rose;sweet,4,goodscents
CC/C=C/CCOCC=O,CCC=CCCOCC=O,aldehydic;citrus;fresh;green;ozone;waxy,6,goodscents
CC(C)=CCC/C(C)=C/C(=O)OCCC(C)C,CC(C)=CCCC(C)=CC(=O)OCCC(C)C,floral;hay;honey;lemon;rose,5,goodscents
CC(=O)c1cc2c(cc1C)C(C)(C)C(C)C2C(C)C,CC(=O)c1cc2c(cc1C)C(C)(C)C(C)C2C(C)C,amber;creamy;dry;herbal;musk;sweet,6,goodscents
COC(CC(C)CCCC(C)C)OC,COC(CC(C)CCCC(C)C)OC,ethereal;rose,2,goodscents
CC(C)CCCCCCCCCCCCCCC(=O)OC(C)C,CC(C)CCCCCCCCCCCCCCC(=O)OC(C)C,bland,1,goodscents
CC(C)CCCCCCCCCCCCCCC(=O)OCC(C)O,CC(C)CCCCCCCCCCCCCCC(=O)OCC(C)O,mild;waxy,2,goodscents
CC(C)Cc1ccc2ncccc2c1,CC(C)Cc1ccc2ncccc2c1,earthy;green;leathery;nutty;vetiver,5,goodscents
CC1C=COC2(CCCCC2)C1,CC1C=COC2(CCCCC2)C1,camphoreous;herbal;minty;tropical,4,goodscents
CCOC(=O)c1ccccc1NCC1CCC(C)=CC1C,CCOC(=O)c1ccccc1NCC1CCC(C)=CC1C,bark;fresh;green;herbal;leafy,5,goodscents
CO[C@@H]1O[C@H](COCCO)C(OCCO)C(OCCO)C1OCCO,COC1OC(COCCO)C(OCCO)C(OCCO)C1OCCO,bland,1,goodscents
CC1=C2CC(C=O)C(C1)C(C(C)C)C2,CC1=C2CC(C=O)C(C1)C(C(C)C)C2,aldehydic;fatty;green;metallic,4,goodscents
CC(=O)C1CC2=C(C)CC1C(C(C)C)C2,CC(=O)C1CC2=C(C)CC1C(C(C)C)C2,balsamic;clean;spicy;woody,4,goodscents
CC1=CC2C(C#N)CC1CC2C(C)C,CC1=CC2C(C#N)CC1CC2C(C)C,green;ozone;woody,3,goodscents
C=C(C)C(CC(=O)O)CC(=O)O,C=C(C)C(CC(=O)O)CC(=O)O,cooked;roasted;savory,3,goodscents
CC(C=O)C(C)CC(C)(C)C,CC(C=O)C(C)CC(C)(C)C,aldehydic;citrus;floral,3,goodscents
CNCC(=O)O,CNCC(=O)O,bland,1,goodscents
CC(C)/C=C\C(=O)CC(C)C,CC(C)C=CC(=O)CC(C)C,animal;chamomile;fruity;herbal,4,goodscents
CC1=CCCC(C)(C)C1/C=C/C(=O)C(C)C,CC1=CCCC(C)(C)C1C=CC(=O)C(C)C,floral;sweet;violet;woody,4,goodscents
CC1=CCC(C/C=C(\C)C(C)O)C1(C)C,CC(=CCC1CC=C(C)C1(C)C)C(C)O,oily;powdery;sandalwood;spicy;woody,5,goodscents
C=CCCCCCCCCOC(=O)CC,C=CCCCCCCCCOC(=O)CC,amber;floral;fresh;rose;waxy,5,goodscents
CCC(C)CCCC(C)(C)OC(C)=O,CCC(C)CCCC(C)(C)OC(C)=O,citrus;fresh;herbal;lavender;woody,5,goodscents
C1CC2C3CC(C2C1)C1(CCCO1)C3,C1CC2C3CC(C2C1)C1(CCCO1)C3,citrus;floral;fresh;grapefruit;peel;vetiver,6,goodscents
CC(=O)C1CC(C)=CC(C)C1C,CC(=O)C1CC(C)=CC(C)C1C,dry;earthy;floral;green;woody,5,goodscents
CCCCCCCCCC/C=C\COC(C)=O,CCCCCCCCCCC=CCOC(C)=O,apple;fruity;pear;waxy,4,goodscents
CCCCCCCC/C=C/COC(C)=O,CCCCCCCCC=CCOC(C)=O,fresh;rose;waxy,3,goodscents
CC/C=C\CCOC(=O)C#CCCCCCC,CCC=CCCOC(=O)C#CCCCCCC,green,1,goodscents
COc1ccc(NC(=O)[C@@H]2C[C@H](C)CC[C@H]2C(C)C)cc1,COc1ccc(NC(=O)C2CC(C)CCC2C(C)C)cc1,minty,1,goodscents
CCOC(=O)CNC(=O)[C@@H]1C[C@H](C)CC[C@H]1C(C)C,CCOC(=O)CNC(=O)C1CC(C)CCC1C(C)C,cooling,1,goodscents
CC1=CC(C)C(CO)C(C)C1,CC1=CC(C)C(CO)C(C)C1,floral;green;herbal;spicy;woody,5,goodscents
CCC(COC(=O)CCCCCCCCCCCCCCC(C)C)(COC(=O)CCCCCCCCCCCCCCC(C)C)COC(=O)CCCCCCCCCCCCCCC(C)C,CCC(COC(=O)CCCCCCCCCCCCCCC(C)C)(COC(=O)CCCCCCCCCCCCCCC(C)C)COC(=O)CCCCCCCCCCCCCCC(C)C,bland,1,goodscents
CC(C)CCOC(Cc1ccccc1)OCCC(C)C,CC(C)CCOC(Cc1ccccc1)OCCC(C)C,floral;green;herbal,3,goodscents
CC/C=C\CCCCC(OC)OC,CCC=CCCCCC(OC)OC,cucumber;fruity;green;melon,4,goodscents
CC(=O)OC(C)CCC1C(C)CCCC1(C)C,CC(=O)OC(C)CCC1C(C)CCCC1(C)C,berry;floral;fruity,3,goodscents
CCCCCC#CC(=O)OCCC(C)C,CCCCCC#CC(=O)OCCC(C)C,green;leafy;sweet;violet,4,goodscents
CC1=CCCC(C)(C)C1C/C=C(\C)C=O,CC(C=O)=CCC1C(C)=CCCC1(C)C,dry;nutty;sweet;tobacco;violet,5,goodscents
CCC(=O)/C(C)=C/C1C(C)CC=CC1(C)C,CCC(=O)C(C)=CC1C(C)CC=CC1(C)C,berry;orris;powdery;violet;woody,5,goodscents
CC1=C(C)C(C)CCC1,CC1=C(C)C(C)CCC1,citrus;herbal;lemon;terpenic,4,goodscents
O=C(O)COc1ccc(Cl)cc1Cl,O=C(O)COc1ccc(Cl)cc1Cl,mild,1,goodscents
CCC(=O)CCC1C(C)=CCCC1(C)C,CCC(=O)CCC1C(C)=CCCC1(C)C,amber;animal;dry;fresh;metallic,5,goodscents
CC(C)C1=CCC(CCOC=O)=CC1,CC(C)C1=CCC(CCOC=O)=CC1,floral;fruity;herbal;minty;sweet,5,goodscents
CCCCCCCC(COC(C)=O)OC(C)=O,CCCCCCCC(COC(C)=O)OC(C)=O,floral;fresh;muguet,3,goodscents
C=C(C)C1=C(C)C2(C)CC1CC2C(=O)OC,C=C(C)C1=C(C)C2(C)CC1CC2C(=O)OC,citrus;dry;peppery;woody,4,goodscents
CC/C=C\CCOC(=O)C#CCCCCC,CCC=CCCOC(=O)C#CCCCCC,green;violet,2,goodscents
CC1(C)CCC=C2CC(C=O)CCC21,CC1(C)CCC=C2CC(C=O)CCC21,dry;floral;fresh;green;lily;melon;muguet;sweet,8,goodscents
COC(=O)c1ccccc1N/C=C1\CCC(C)=CC1C,COC(=O)c1ccccc1NC=C1CCC(C)=CC1C,floral;fresh;green;leafy;orangeflower;sweet,6,goodscents
CC1CCC2CC1C2(C)C,CC1CCC2CC1C2(C)C,balsamic;fresh;herbal;pine,4,goodscents
CC(CC#N)CCCC(C)(C)O,CC(CC#N)CCCC(C)(C)O,floral;fresh;lily;muguet;woody,5,goodscents
CC1CC2C(CC1=CCC#N)C2(C)C,CC1CC2C(CC1=CCC#N)C2(C)C,floral;geranium;rose;sandalwood;woody,5,goodscents
CCCCCC/C=C/CCC=O,CCCCCCC=CCCC=O,aldehydic;citrus;fatty;floral;herbal,5,goodscents
C=C1C2CCC(C)(OCC)C1CCC2(C)C,C=C1C2CCC(C)(OCC)C1CCC2(C)C,amber;orris;tobacco;woody,4,goodscents
COC(=O)c1ccccc1N=CC1CCC(C)=CC1C,COC(=O)c1ccccc1N=CC1CCC(C)=CC1C,aldehydic;bark;fresh;green;leafy,5,goodscents
CCC1=C(C)C(=O)CC(C)C1CC,CCC1=C(C)C(=O)CC(C)C1CC,dry;orris;phenolic;powdery;woody,5,goodscents
CC1(C)C2CCC(C3CCC(O)CC3)C1(C)C2,CC1(C)C2CCC(C3CCC(O)CC3)C1(C)C2,balsamic;clean;sandalwood;woody,4,goodscents
C=CCCCCCCCCC(=O)OC/C=C(\C)CCC=C(C)C,C=CCCCCCCCCC(=O)OCC=C(C)CCC=C(C)C,floral;leafy;rose;waxy,4,goodscents
CC1CC(CC2C3CCC(C3)C2(C)C)CCC1=O,CC1CC(CC2C3CCC(C3)C2(C)C)CCC1=O,amber;animal;musk,3,goodscents
CC1=CC2CC(C3OCCO3)C1CC2C(C)C,CC1=CC2CC(C3OCCO3)C1CC2C(C)C,floral;green;rose;woody,4,goodscents
CCC(=O)OC1C=CC2C3CCC(C3)C12,CCC(=O)OC1C=CC2C3CCC(C3)C12,fruity;green;herbal;jasmin;oily;woody,6,goodscents
CC1CCC2OC23CCC2C(C2(C)C)C13C,CC1CCC2OC23CCC2C(C2(C)C)C13C,woody,1,goodscents
COC(=O)C1CC2(C(C)C)C=CC1(C)CC2,COC(=O)C1CC2(C(C)C)C=CC1(C)CC2,clean;dry;woody,3,goodscents
CC1(C)CCCC2=C1CC(C=O)CC2,CC1(C)CCCC2=C1CC(C=O)CC2,balsamic;clean;floral;marine;muguet;ozone,6,goodscents
CCCCCCCCOC(=O)/C=C/c1ccccc1,CCCCCCCCOC(=O)C=Cc1ccccc1,balsamic,1,goodscents
C=CC(C)=CCC1OC1(C)C,C=CC(C)=CCC1OC1(C)C,fresh;herbal;lavender;metallic;pear;sweet,6,goodscents
CCOC(=O)CCC(O)C(=O)OCC,CCOC(=O)CCC(O)C(=O)OCC,caramel,1,"flavornet,goodscents"
CCCC[C@H](O)CO,CCCCC(O)CO,bland,1,goodscents
CCCCCCCCC(C)C#N,CCCCCCCCC(C)C#N,floral;fruity;jasmin;lactonic;peach,5,goodscents
CCCCCCCCCCCCCCCCOCCO,CCCCCCCCCCCCCCCCOCCO,bland,1,goodscents
C/C=C1\CC2CC1C1CCC(=O)OC21,CC=C1CC2CC1C1CCC(=O)OC21,balsamic;green;spicy;sweet;tobacco;woody,6,goodscents
CC(=O)OCCCCCOC(C)=O,CC(=O)OCCCCCOC(C)=O,fruity,1,goodscents
Cc1cc(C)c(C)c(O)c1,Cc1cc(C)c(C)c(O)c1,woody,1,goodscents
CC(C)c1ccc(C=CC=O)cc1,CC(C)c1ccc(C=CC=O)cc1,amber;spicy,2,goodscents
CC(O)Cc1ccccc1,CC(O)Cc1ccccc1,floral;rose,2,goodscents
CC(=O)c1ccc(C)[nH]1,CC(=O)c1ccc(C)[nH]1,earthy;roasted,2,goodscents
CC1(C)C2CCC1C(C1CCCCC1O)C2,CC1(C)C2CCC1C(C1CCCCC1O)C2,creamy;oily;sandalwood;sweet;woody,5,goodscents
COC1=C(C)CC(C)C1=O,COC1=C(C)CC(C)C1=O,caramel,1,goodscents
Cc1ccc(CCO)cc1,Cc1ccc(CCO)cc1,balsamic;floral;green;rose,4,goodscents
CCOCCC(C)CCC=C(C)C,CCOCCC(C)CCC=C(C)C,citrus;clean;floral;fresh;rose,5,goodscents
CC1=CC(C)C(C(=O)C(C)(C)C)CC1,CC1=CC(C)C(C(=O)C(C)(C)C)CC1,floral;grapefruit;herbal,3,goodscents
O=C1CCC2=C(CCCC2)O1,O=C1CCC2=C(CCCC2)O1,coconut;coumarinic,2,goodscents
CCC(C)C,CCC(C)C,gasoline,1,goodscents
CCC(O)Cc1ccccc1,CCC(O)Cc1ccccc1,floral;hyacinth,2,goodscents
CCOC(C)/C=C/C1C(C)=CCCC1(C)C,CCOC(C)C=CC1C(C)=CCCC1(C)C,dry;ethereal;fruity;woody,4,goodscents
CC(C)CC(C)CCCC(C)O,CC(C)CC(C)CCCC(C)O,chicken;floral;fruity;green;mushroom,5,goodscents
CC/C=C\CCOC,CCC=CCCOC,apple;fresh;fruity;green;pear;sweet,6,goodscents
CC(C)(c1ccccc1)c1cc(-n2nc3ccccc3n2)c(O)c(C(C)(C)c2ccccc2)c1,CC(C)(c1ccccc1)c1cc(-n2nc3ccccc3n2)c(O)c(C(C)(C)c2ccccc2)c1,fresh;fruity;raspberry;rose,4,goodscents
CC(C)(C)c1cc(CCC(=O)OCCNC(=O)C(=O)NCCOC(=O)CCc2cc(C(C)(C)C)c(O)c(C(C)(C)C)c2)cc(C(C)(C)C)c1O,CC(C)(C)c1cc(CCC(=O)OCCNC(=O)C(=O)NCCOC(=O)CCc2cc(C(C)(C)C)c(O)c(C(C)(C)C)c2)cc(C(C)(C)C)c1O,dry;floral;fruity;green;woody,5,goodscents
CC1(C)COC2(CCCCC2)OC1,CC1(C)COC2(CCCCC2)OC1,animal;fresh;herbal;leathery;sweet;tobacco,6,goodscents
CC1(C)[C@H]2CC[C@]1(C)[C@@H](OCCO)C2,CC1(C)C2CCC1(C)C(OCCO)C2,balsamic;cedar;pine;woody,4,goodscents
CC1=CC2OCC(C)C2CC1,CC1=CC2OCC(C)C2CC1,herbaceous;herbal;minty,3,"aromadb,flavornet,goodscents"
CCCC(O)CCC1C(C)CCCC1(C)C,CCCC(O)CCC1C(C)CCCC1(C)C,amber;dry;powdery;sandalwood;woody,5,goodscents
CCC(C)(O)CC/C=C(\C)CC/C=C(\C)CCC=C(C)C,CCC(C)(O)CCC=C(C)CCC=C(C)CCC=C(C)C,balsamic;floral,2,goodscents
C=CC(C)CCC=C(C)CCC=O,C=CC(C)CCC=C(C)CCC=O,aldehydic;floral;lily;muguet,4,goodscents
CC1=CCC(C)C(C)C12C=CC(C)O2,CC1=CCC(C)C(C)C12C=CC(C)O2,berry;black;currant;fruity,4,goodscents
CC(C)Oc1cc(C=O)ccc1O,CC(C)Oc1cc(C=O)ccc1O,vanilla,1,goodscents
CC1=CCC(C(C)(C)S)CC1,CC1=CCC(C(C)(C)S)CC1,aromatic;citrus;garlic;grapefruit;onion;sulfur;tropical;woody,8,"flavornet,goodscents"
CCC1CC(=O)C(O)=C1C,CCC1CC(=O)C(O)=C1C,malty;sweet,2,goodscents
C=CCC(O)C1CC=C(C)CC1C,C=CCC(O)C1CC=C(C)CC1C,berry;floral;fruity;green;herbal;licorice,6,goodscents
C=CC(C)(CCC=C(C)CCC=C(C)C)OC(=O)CC,C=CC(C)(CCC=C(C)CCC=C(C)C)OC(=O)CC,floral,1,goodscents
C=CCOC(=O)CC(C)CC(C)(C)C,C=CCOC(=O)CC(C)CC(C)(C)C,fruity;pineapple;spicy,3,goodscents
CCCCCCCOC(=O)c1ccccc1,CCCCCCCOC(=O)c1ccccc1,balsamic;green;herbal;metallic,4,goodscents
CCCCC(CC)COC(=O)CCCCCC(C)C,CCCCC(CC)COC(=O)CCCCCC(C)C,odorless,1,goodscents
CC1CC(C)(C)CC(=O)O1,CC1CC(C)(C)CC(=O)O1,bitter;citrus;herbal;nut;nutty;skin,6,goodscents
CCC1OCC2(CO1)CC(C)=CCC2C,CCC1OCC2(CO1)CC(C)=CCC2C,aromatic;celery;herbal,3,goodscents
CC(C)=CCC/C(C)=C/COC(=O)/C=C/c1ccccc1,CC(C)=CCCC(C)=CCOC(=O)C=Cc1ccccc1,amber;balsamic;rose,3,goodscents
C=C1CCC(C(C)(C)OC(=O)c2ccccc2)CC1,C=C1CCC(C(C)(C)OC(=O)c2ccccc2)CC1,balsamic;floral;woody,3,goodscents
C=C(C)C1CCC(=C)C(OC(C)=O)C1,C=C(C)C1CCC(=C)C(OC(C)=O)C1,fruity;minty,2,goodscents
CCCC(=O)OC(C)C(=O)OCC,CCCC(=O)OC(C)C(=O)OCC,buttery;creamy;fruity;sweet,4,goodscents
CC1(C)C/C=C\CC/C=C\CCC2OC21C,CC1(C)CC=CCCC=CCCC2OC21C,amber;cedar;dry;powdery;sandalwood;sweet;woody,7,goodscents
CC/C=C\CCCCOC(C)=O,CCC=CCCCCOC(C)=O,banana;fermented;fruity;green;melon;peel,6,goodscents
CC/C=C\CCCCOC(=O)CC(C)C,CCC=CCCCCOC(=O)CC(C)C,banana;fruity;melon;ripe;sour;woody,6,goodscents
CC(O)C(=O)[O-],CC(O)C(=O)[O-],odorless,1,goodscents
CCCCCC/C(C)=N/O,CCCCCCC(C)=NO,clean;earthy;floral;fresh;green,5,goodscents
CC1=CCC(CCC(C)CO)C1(C)C,CC1=CCC(CCC(C)CO)C1(C)C,herbal;nutty;sandalwood;waxy;woody,5,goodscents
CCC(=O)/C(C)=C/C1C(C)=CCCC1(C)C,CCC(=O)C(C)=CC1C(C)=CCCC1(C)C,floral;powdery;sweet;violet;woody,5,goodscents
COC(=O)C1OC1(C)C1CC2C=CC1C2,COC(=O)C1OC1(C)C1CC2C=CC1C2,floral;fruity;jasmin;melon;rose,5,goodscents
CC(C)=CC/C=C(/C)CC=O,CC(C)=CCC=C(C)CC=O,green,1,"flavornet,goodscents"
CCOc1cc(C=O)ccc1OC(C)=O,CCOc1cc(C=O)ccc1OC(C)=O,caramel;creamy;milky;powdery;vanilla,5,goodscents
CC(=O)OC1CC2CCC1(C)OC2(C)C,CC(=O)OC1CC2CCC1(C)OC2(C)C,clean;fresh;herbal;minty,4,goodscents
CC(C)(C)C1CCC2(CCC(=O)O2)CC1,CC(C)(C)C1CCC2(CCC(=O)O2)CC1,woody,1,goodscents
COc1ccccc1OC(=O)C(C)C,COc1ccccc1OC(=O)C(C)C,fruity;nutty,2,goodscents
C=C(C)C1CCC(C)(O)C1C,C=C(C)C1CCC(C)(O)C1C,camphoreous;citrus;spicy,3,goodscents
CC(=O)OC[C@H]1CCC=C(CCC=C(C)C)C1,CC(=O)OCC1CCC=C(CCC=C(C)C)C1,citrus;floral;fresh;green;lily;sweet,6,goodscents
C[C@@H]1C[C@H]2CC(C)(C)CO[C@@H]2C[C@@H]1C,CC1CC2CC(C)(C)COC2CC1C,floral;grapefruit;herbal;woody,4,goodscents
CCSCCC(=O)O,CCSCCC(=O)O,milky;savory,2,goodscents
Cc1cnc2ccccc2n1,Cc1cnc2ccccc2n1,coffee;fruity;nut;nutty;roasted,5,"flavornet,goodscents"
Cc1cnc(CC(C)C)s1,Cc1cnc(CC(C)C)s1,fruity;green;nutty;tropical,4,goodscents
CCOc1ccc(C(OCC)OCC)cc1OC,CCOc1ccc(C(OCC)OCC)cc1OC,vanilla,1,goodscents
C/C=C(\C)COC(=O)/C(C)=C/C,CC=C(C)COC(=O)C(C)=CC,anise;floral;green;leafy;mushroom,5,goodscents
CCCCCCCOCCCCCC,CCCCCCCOCCCCCC,green;hyacinth,2,goodscents
CCCCCCCCCCOC,CCCCCCCCCCOC,clean;fresh;marine;sweet,4,goodscents
CCCCCCCCCCOCC=O,CCCCCCCCCCOCC=O,fatty;rose;waxy,3,goodscents
CCCCCCCCC=Nc1ccccc1C(=O)OC,CCCCCCCCC=Nc1ccccc1C(=O)OC,aldehydic;floral;orangeflower;rose;sweet,5,goodscents
CCOC(=O)C1CCC(C(=O)OCC)CC1,CCOC(=O)C1CCC(C(=O)OCC)CC1,apple;ethereal;fruity;raspberry,4,goodscents
O=CCOC1CC2CC1C1CC=CC21,O=CCOC1CC2CC1C1CC=CC21,fruity,1,goodscents
CC1(C)CCCC2=C1CC(C#N)CC2,CC1(C)CCCC2=C1CC(C#N)CC2,citrus;earthy;marine;orris,4,goodscents
CCCC(=O)OC(C)(C)[C@@H]1CC[C@H](C)C2=C(C1)[C@@H](C)CC2,CCCC(=O)OC(C)(C)C1CCC(C)C2=C(C1)C(C)CC2,animal;balsamic;plum;rose;woody,5,goodscents
CCCCCCC(=O)OC/C=C(\C)CCC=C(C)C,CCCCCCC(=O)OCC=C(C)CCC=C(C)C,cognac;floral;winey,3,goodscents
C=C(CCOC(C)=O)c1ccccc1,C=C(CCOC(C)=O)c1ccccc1,anise;balsamic;floral;hawthorn;sweet,5,goodscents
CC(=O)[C@@]1(C)CCC23C[C@@H]1C(C)(C)[C@@H]2CC[C@H]3C,CC(=O)C1(C)CCC23CC1C(C)(C)C2CCC3C,vetiver;woody,2,goodscents
CC1CCC(C(C)C)C(C(=O)NC2CC2)C1,CC1CCC(C(C)C)C(C(=O)NC2CC2)C1,cooling,1,goodscents
CCCCC/C=C/CCC(OCC)OCC,CCCCCC=CCCC(OCC)OCC,bitter;citrus;orange,3,goodscents
CCCCC(CC)C(=O)OCC(COC(=O)C(CC)CCCC)OC(=O)C(CC)CCCC,CCCCC(CC)C(=O)OCC(COC(=O)C(CC)CCCC)OC(=O)C(CC)CCCC,bland,1,goodscents
C=CC1(C)CCCC(C)(C)O1,C=CC1(C)CCCC(C)(C)O1,camphoreous;citrus;cooling;floral;fresh;herbal;minty;sweet;woody,9,"aromadb,goodscents"
CC(C)=CCCC(C)C1OCC(C)O1,CC(C)=CCCC(C)C1OCC(C)O1,citrus;green,2,goodscents
CCCCC(CC)COC(=O)C(CC)CCCC,CCCCC(CC)COC(=O)C(CC)CCCC,fruity,1,goodscents
CC(C)=CCC(C)(C)C(=O)C(C)C,CC(C)=CCC(C)(C)C(=O)C(C)C,bergamot;citrus;herbal;sweet;tropical,5,goodscents
CC(C)=CCC/C(C)=C/CNC(=O)C1CC1,CC(C)=CCCC(C)=CCNC(=O)C1CC1,brown;cooked;meaty;roasted,4,goodscents
CCCCCCCCCCCCCCOCCCOC(=O)CC,CCCCCCCCCCCCCCOCCCOC(=O)CC,bland,1,goodscents
O=CC(O)C(O)C(O)C(O)CO,O=CC(O)C(O)C(O)C(O)CO,odorless,1,goodscents
COCCOC(C)OCc1ccccc1,COCCOC(C)OCc1ccccc1,fruity;green;sweet,3,"aromadb,goodscents"
C=CCOC(=O)c1ccccc1N,C=CCOC(=O)c1ccccc1N,floral;grape;green;leafy,4,goodscents
CCC(=O)Oc1ccc(C)cc1,CCC(=O)Oc1ccc(C)cc1,animal,1,goodscents
CC1CO1,CC1CO1,ethereal;sweet,2,goodscents
CC12CCCC(C)(CC1)C2=NO,CC12CCCC(C)(CC1)C2=NO,clean;fresh;fruity;herbal,4,goodscents
CC(=O)c1nc(C)cs1,CC(=O)c1nc(C)cs1,cooked;meaty,2,goodscents
CC(CC(C)(C)C#N)c1ccccc1,CC(CC(C)(C)C#N)c1ccccc1,burnt;citrus;grapefruit;leafy;vetiver,5,goodscents
O=P([O-])([O-])O,O=P([O-])([O-])O,odorless,1,goodscents
O=P([O-])(O)O,O=P([O-])(O)O,odorless,1,goodscents
CCCCCCCCCC(=O)OOCC,CCCCCCCCCC(=O)OOCC,fatty;peach;sweet,3,goodscents
CC(C)=CCSC(=O)CC(C)C,CC(C)=CCSC(=O)CC(C)C,fruity;sulfur;tropical,3,goodscents
CC(=O)C(S)C(C)C,CC(=O)C(S)C(C)C,berry;black;currant,3,"flavornet,goodscents"
OC[C@H]1O[C@@H]2O[C@H]3C(O)[C@@H](O)[C@@H](O[C@H]4[C@H](O)[C@@H](O)[C@@H](O[C@H]5[C@H](O)[C@@H](O)[C@@H](O[C@H]6[C@H](O)[C@@H](O)[C@@H](O[C@H]7[C@H](O)[C@@H](O)[C@@H](O[C@H]8[C@H](O)[C@@H](O)[C@@H](O[C@H]1[C@H](O)[C@H]2O)O[C@@H]8CO)O[C@@H]7CO)O[C@@H]6CO)O[C@@H]5CO)O[C@@H]4CO)O[C@@H]3CO,OCC1OC2OC3C(CO)OC(OC4C(CO)OC(OC5C(CO)OC(OC6C(CO)OC(OC7C(CO)OC(OC8C(CO)OC(OC1C(O)C2O)C(O)C8O)C(O)C7O)C(O)C6O)C(O)C5O)C(O)C4O)C(O)C3O,odorless,1,goodscents
CC(C)C(=O)C(=O)O,CC(C)C(=O)C(=O)O,fruity,1,"aromadb,goodscents"
CCC(=O)Oc1ccccc1OC,CCC(=O)Oc1ccccc1OC,fruity;nutty;vanilla,3,goodscents
O=[N+]([O-])[O-],O=[N+]([O-])[O-],odorless,1,goodscents
COc1ccc(C2CCc3ccc(O)cc3O2)cc1O,COc1ccc(C2CCc3ccc(O)cc3O2)cc1O,sweet,1,"aromadb,goodscents"
C=COCCCCCCCCCC,C=COCCCCCCCCCC,clean;fresh;powdery;rose;waxy,5,goodscents
O=C1CCCCC1=O,O=C1CCCCC1=O,brothy;caramel;nut;nutty;skin;sweet,6,goodscents
O=P(O)(O)O,O=P(O)(O)O,bland,1,goodscents
CC/C=C(/C)C(=O)OCC/C=C/CC,CCC=CCCOC(=O)C(C)=CCC,fresh;fruity;green;metallic;tropical;waxy,6,goodscents
CCCCC(=O)C1=C(C)CCCC1(C)C,CCCCC(=O)C1=C(C)CCCC1(C)C,apricot;sweet,2,goodscents
CCOC(=O)CC(CC(=O)OCC)(OC(C)=O)C(=O)OCC,CCOC(=O)CC(CC(=O)OCC)(OC(C)=O)C(=O)OCC,odorless,1,goodscents
CC(=O)C(C)(C)c1ccccc1,CC(=O)C(C)(C)c1ccccc1,orris,1,goodscents
CC(=O)c1c(O)oc(C)cc1=O,CC(=O)c1c(O)oc(C)cc1=O,odorless,1,goodscents
CCCCOC(=O)/C=C/SC,CCCCOC(=O)C=CSC,acidic;fruity,2,goodscents
OC1C(C2CCCC2)CCC1C1CCCC1,OC1C(C2CCCC2)CCC1C1CCCC1,floral;fruity;musk;tropical,4,goodscents
O=P([O-])([O-])OP(=O)([O-])[O-],O=P([O-])([O-])OP(=O)([O-])[O-],odorless,1,goodscents
CCCCc1cnco1,CCCCc1cnco1,animal;fatty;meaty,3,goodscents
CC(=O)c1ncco1,CC(=O)c1ncco1,nutty;popcorn,2,goodscents
CC(=O)c1ccc2c(c1)CCCC2,CC(=O)c1ccc2c(c1)CCCC2,floral;grape;musk;orangeflower,4,goodscents
[O-][I+2]([O-])[O-],[O-][I+2]([O-])[O-],odorless,1,goodscents
CC1=CCC(C(C)(C)OC(=O)C(C)C)CC1,CC1=CCC(C(C)(C)OC(=O)C(C)C)CC1,bergamot;fatty;floral;green;herbal;peppery;spicy,7,goodscents
CC(C)C(=O)OC(C)c1ccccc1,CC(C)C(=O)OC(C)c1ccccc1,floral;fruity;green;jasmin;tropical,5,goodscents
CCCCCCC(=O)CCOC(C)=O,CCCCCCC(=O)CCOC(C)=O,floral;fruity;waxy,3,goodscents
O=S(=O)(O)O,O=S(=O)(O)O,odorless,1,goodscents
CCC(=O)/C=C/C1C(C)C=CCC1(C)C,CCC(=O)C=CC1C(C)C=CCC1(C)C,musk;woody,2,goodscents
CCOC(=O)C1C(C)=C(C)CCC1(C)C,CCOC(=O)C1C(C)=C(C)CCC1(C)C,berry;floral;fruity;rose;spicy;warm;woody,7,goodscents
[O]=[Bi],[O]=[Bi],odorless,1,goodscents
O=P(=O)[O-],O=P(=O)[O-],odorless,1,goodscents
CC1(C)CCCC2C(=O)C3CCC21C3,CC1(C)CCCC2C(=O)C3CCC21C3,earthy;fresh;orris;ozone;tropical;woody,6,goodscents
CCOP(=O)(OCC)OCC,CCOP(=O)(OCC)OCC,mild,1,goodscents
C=C(C)C=O,C=C(C)C=O,floral;green;hyacinth,3,goodscents
CCCCCC1CCC(O)O1,CCCCCC1CCC(O)O1,fruity;green;melon,3,goodscents
COc1ncc(CC(C)C)nc1C,COc1ncc(CC(C)C)nc1C,licorice;woody,2,goodscents
CC(=O)c1cnc(C)o1,CC(=O)c1cnc(C)o1,nutty,1,goodscents
CCCCC1COC2(CCCC2)O1,CCCCC1COC2(CCCC2)O1,green;jasmin,2,goodscents
CC(C)=CCCC(C)[C@H]1CC[C@@]2(C)C3=C(CC[C@]12C)[C@@]1(C)CC[C@H](O)C(C)(C)[C@@H]1CC3,CC(C)=CCCC(C)C1CCC2(C)C3=C(CCC12C)C1(C)CCC(O)C(C)(C)C1CC3,bland,1,goodscents
CC(=O)/C=C/C1=CCC[C@@H](C)C1(C)C,CC(=O)C=CC1=CCCC(C)C1(C)C,berry;dry;floral;fruity;orris;powdery;sweet;woody,8,goodscents
CC(=O)C1=CC[C@@H]2C=CC[C@@H]2C1,CC(=O)C1=CCC2C=CCC2C1,floral;fruity;green;melon,4,goodscents
CCCCCCOC(=O)CC(C)S,CCCCCCOC(=O)CC(C)S,fruity;herbal;spicy,3,goodscents
CCC1=CCCC(C)(C)C12C=CC(C)O2,CCC1=CCCC(C)(C)C12C=CC(C)O2,berry;black;currant;fruity,4,goodscents
CC(C)OCCOC(=O)c1ccccc1O,CC(C)OCCOC(=O)c1ccccc1O,balsamic;cherry;floral;herbal;sweet,5,goodscents
CC(C)(c1ccc(O)cc1)c1ccc(O)cc1,CC(C)(c1ccc(O)cc1)c1ccc(O)cc1,mild;phenolic,2,goodscents
CC(CC=O)c1ccc(C(C)(C)C)cc1,CC(CC=O)c1ccc(C(C)(C)C)cc1,floral;green;muguet;powdery,4,goodscents
CC1=C(O)C(=O)CC1,CC1=C(O)C(=O)CC1,caramel;licorice,2,"aromadb,goodscents"
CC(=O)OC1(C(C)C)C=CC(C)CC1,CC(=O)OC1(C(C)C)C=CC(C)CC1,bergamot;floral;herbal;lavender;pine;sweet,6,goodscents
C=C(C)CC(C)OC(=O)C(C)C,C=C(C)CC(C)OC(=O)C(C)C,chamomile;floral;fruity;herbal,4,goodscents
CC(=O)/C=C1/CC[C@H]2C(C)(C)[C@@H]3C[C@]12CC[C@H]3C,CC(=O)C=C1CCC2C13CCC(C)C(C3)C2(C)C,amber;musk;warm;woody,4,goodscents
CCCC(C)C1OCC(C)(CCC)CO1,CCCC(C)C1OCC(C)(CCC)CO1,fresh;green;herbal;jasmin;oily;spicy,6,goodscents
CC(C)C1=CC2=CC[C@@H]3[C@](C)(CCC[C@@]3(C)C(=O)OC(=O)[C@]3(C)CCC[C@@]4(C)[C@H]3CC=C3C=C(C(C)C)CC[C@@H]34)[C@H]2CC1,CC(C)C1=CC2=CCC3C(C)(C(=O)OC(=O)C4(C)CCCC5(C)C6CCC(C(C)C)=CC6=CCC45)CCCC3(C)C2CC1,balsamic;mild;woody,3,goodscents
COc1cc(CCCS(=O)(=O)[O-])ccc1OC(Cc1cccc(OC)c1O)CS(=O)(=O)[O-],COc1cc(CCCS(=O)(=O)[O-])ccc1OC(Cc1cccc(OC)c1O)CS(=O)(=O)[O-],odorless,1,goodscents
CCOC(=O)[C@@]12CCC[C@@H]1[C@@H]1CC[C@H]2C1,CCOC(=O)C12CCCC1C1CCC2C1,floral;fruity;ripe;rummy;sweet,5,goodscents
CC1=CC=CC(C)(C)C12CC(=O)C(C)O2,CC1=CC=CC(C)(C)C12CC(=O)C(C)O2,floral;woody,2,goodscents
CC1C2CCC(C3(O)CCCCC3)(C2)C1(C)C,CC1C2CCC(C3(O)CCCCC3)(C2)C1(C)C,clean;sandalwood;sweet;woody,4,goodscents
c1ccc(CCOC2CCCCC2)cc1,c1ccc(CCOC2CCCCC2)cc1,balsamic;floral;fruity;green;hyacinth;metallic;raspberry,7,goodscents
C[C@@H](NC(=O)[C@@H](N)CC(=O)O)C(=O)NC1C(C)(C)SC1(C)C,CC(NC(=O)C(N)CC(=O)O)C(=O)NC1C(C)(C)SC1(C)C,odorless,1,goodscents
CC(=O)c1c(C)c([N+](=O)[O-])c(C(C)(C)C)c([N+](=O)[O-])c1C,CC(=O)c1c(C)c([N+](=O)[O-])c(C(C)(C)C)c([N+](=O)[O-])c1C,dry;fatty;floral;musk;powdery;soap,6,goodscents
Cc1c([N+](=O)[O-])c(C)c([N+](=O)[O-])c(C(C)(C)C)c1[N+](=O)[O-],Cc1c([N+](=O)[O-])c(C)c([N+](=O)[O-])c(C(C)(C)C)c1[N+](=O)[O-],dry;fatty;musk;soap;sweet,5,goodscents
CC(=O)/C=C\c1cc(C)cc(C)c1C,CC(=O)C=Cc1cc(C)cc(C)c1C,floral;green,2,goodscents
CC(=O)O[C@@H]1CC(C)=C2[C@H]1[C@H](C)CC[C@H]2/C=C(\C)C(=O)O,CC(=O)OC1CC(C)=C2C(C=C(C)C(=O)O)CCC(C)C21,odorless,1,goodscents
COC(=O)C1C(C)C=CCC1(C)C,COC(=O)C1C(C)C=CCC1(C)C,floral;fruity;rose,3,goodscents
CC(C)CC(=O)C(=O)O,CC(C)CC(=O)C(=O)O,fruity,1,goodscents
CC(C)CCCCCCCCCCCCCCC(=O)OCC(O)COCC(O)CO,CC(C)CCCCCCCCCCCCCCC(=O)OCC(O)COCC(O)CO,mild;waxy,2,goodscents
C=C1CCCC(C)(C)C1C(=O)OC,C=C1CCCC(C)(C)C1C(=O)OC,aromatic;fruity;rose,3,goodscents
CC/C=C(\C)C(O)CCCCC,CCC=C(C)C(O)CCCCC,fruity;green;lily;oily;violet,5,goodscents
C=C/C(C)=C/CC(C)(C)/C(=N\O)C(C)C,C=CC(C)=CCC(C)(C)C(=NO)C(C)C,black;currant;floral;grapefruit;green;herbal;rose,7,goodscents
CC(=O)/C(C)=C(/C)C(C)C(C)(C)C,CC(=O)C(C)=C(C)C(C)C(C)(C)C,balsamic;floral;orris;pine;violet;woody,6,goodscents
C=C(C(C)C(C)O)C(C)C(C)(C)C,C=C(C(C)C(C)O)C(C)C(C)(C)C,amber;clean;dry;vetiver;woody,5,goodscents
C=CCCC(=O)OC,C=CCCC(=O)OC,fruity;green,2,goodscents
C=C1[C@H]2C[C@H]([C@H]3CC=C(C)[C@H]32)[C@H]1OC(C)=O,C=C1C2CC(C1OC(C)=O)C1CC=C(C)C21,fresh;green,2,goodscents
CC1C/C=C/CCCCCCCCCC(=O)C1,CC1CC=CCCCCCCCCCC(=O)C1,animal;musk;soap,3,goodscents
O[C@H]1CC[C@@H]2CCCC[C@H]2C1,OC1CCC2CCCCC2C1,clean;floral;minty;muguet;rose,5,goodscents
C/C(=C\CC(C)C=O)C(C)C,CC(=CCC(C)C=O)C(C)C,fresh;green;melon;ozone;sweet,5,goodscents
CCC[C@@](C)(S)CCO,CCCC(C)(S)CCO,black;citrus;currant;fruity;grapefruit;onion,6,goodscents
CC1CCC(C(C)C)C2(C1)OC(=O)C(C)O2,CC1CCC(C(C)C)C2(C1)OC(=O)C(C)O2,minty,1,goodscents
CCC1SC(CC(C)C)=NC1C,CCC1SC(CC(C)C)=NC1C,cooked;meaty;nutty;roasted,4,goodscents
CCC(C)C1=NC(C)C(CC)S1,CCC(C)C1=NC(C)C(CC)S1,cooked;meaty;nutty;roasted,4,goodscents
C/C=C(\C)C(=O)OCC=C(C)C,CC=C(C)C(=O)OCC=C(C)C,fruity;jasmin,2,goodscents
CC(C)(O)CCC1CCCCC1,CC(C)(O)CCC1CCCCC1,floral;rose,2,goodscents
O=C(OC1CCCCC1)c1ccccc1C(=O)OC1CCCCC1,O=C(OC1CCCCC1)c1ccccc1C(=O)OC1CCCCC1,mild;plastic,2,goodscents
CCOC(=O)c1ccccc1C(=O)OCC,CCOC(=O)c1ccccc1C(=O)OCC,odorless,1,goodscents
CC1=C(C/C=C(\C)CCCC(C)CCCC(C)CCCC(C)C)C(=O)c2ccccc2C1=O,CC(=CCC1=C(C)C(=O)c2ccccc2C1=O)CCCC(C)CCCC(C)CCCC(C)C,odorless,1,goodscents
C=C(C)C1CCC(C)=C1CC(C)(C)COC(=O)CC,C=C(C)C1CCC(C)=C1CC(C)(C)COC(=O)CC,animal;musk;sweet,3,goodscents
C/C=C\c1ccc(OC(C)OCC)c(OC)c1,CC=Cc1ccc(OC(C)OCC)c(OC)c1,floral;spicy;sweet;tropical,4,goodscents
C=CC(C)(CCCC(C)C)OC(C)OCC,C=CC(C)(CCCC(C)C)OC(C)OCC,floral;fresh;fruity;sweet;tropical,5,goodscents
C=CC(C)CCOC(=O)/C(C)=C\C,C=CC(C)CCOC(=O)C(C)=CC,anise;fruity;green,3,goodscents
CCC(C)C(=O)N(C)c1ccccc1,CCC(C)C(=O)N(C)c1ccccc1,cedar;citrus;floral;fresh;grapefruit;oily;woody,7,goodscents
CCCCCC1CCCC1O,CCCCCC1CCCC1O,floral;fruity;jasmin;tea,4,goodscents
CCCCCCCCCCOC(=O)CCCCCCCCCCCCCCC(C)C,CCCCCCCCCCOC(=O)CCCCCCCCCCCCCCC(C)C,bland,1,goodscents
C=C(C)C1CCC(C)(C(=O)C2CCCC2=O)C1=C,C=C(C)C1CCC(C)(C(=O)C2CCCC2=O)C1=C,cedar;woody,2,goodscents
CC1CC(CC(=O)C2CCCC2=O)CC(C)(C)C1,CC1CC(CC(=O)C2CCCC2=O)CC(C)(C)C1,animal;aromatic;woody,3,goodscents
CCCC(=O)OC(C)C(C)=O,CCCC(=O)OC(C)C(C)=O,berry;buttery;cheesy;creamy;fruity;musty,6,"aromadb,goodscents"
CCCCC/C(C=O)=C/c1ccc(C)cc1,CCCCCC(C=O)=Cc1ccc(C)cc1,berry;floral;green;tropical,4,goodscents
CC1CCC(C(C)C)C(C(=O)NCCc2ccccn2)C1,CC1CCC(C(C)C)C(C(=O)NCCc2ccccn2)C1,cooling,1,goodscents
CCCCCCCCCCCCCCCCOP(=O)([O-])[O-],CCCCCCCCCCCCCCCCOP(=O)([O-])[O-],bland,1,goodscents
Nc1nc(=O)c2ncn([C@@H]3O[C@H](COP(=O)(O)O)[C@@H](O)[C@H]3O)c2[nH]1,Nc1nc(=O)c2ncn(C3OC(COP(=O)(O)O)C(O)C3O)c2[nH]1,odorless,1,goodscents
CCCCOC(=O)COC(=O)c1ccccc1C(=O)OCCCC,CCCCOC(=O)COC(=O)c1ccccc1C(=O)OCCCC,odorless,1,goodscents
C=CC(C)(CC=C(C)C)C(C)O,C=CC(C)(CC=C(C)C)C(C)O,herbal;lavender,2,goodscents
COC[C@@H](CC(C)C)NC(=O)c1ccc(C)c(C)c1,COCC(CC(C)C)NC(=O)c1ccc(C)c(C)c1,milky;savory,2,goodscents
COc1cccc(CNC(=O)C(=O)NCCc2ccccn2)c1OC,COc1cccc(CNC(=O)C(=O)NCCc2ccccn2)c1OC,milky,1,goodscents
CC1=CC[C@@]2(O1)C(C)=CC(=O)CC2(C)C,CC1=CCC2(O1)C(C)=CC(=O)CC2(C)C,camphoreous;woody,2,goodscents
CCCCCCCCCC(C)CC#N,CCCCCCCCCC(C)CC#N,citrus;green;marine;oily;orange,5,goodscents
CCCC=CCCCCC(=O)O,CCCC=CCCCCC(=O)O,buttery;milky,2,goodscents
CCC/C=C/CCCCC(=O)OC(CCCC)CCCCC(=O)O,CCCC=CCCCCC(=O)OC(CCCC)CCCCC(=O)O,fruity;green;jasmin;lactonic;milky;peach,6,goodscents
COc1ccccc1-c1ccccc1,COc1ccccc1-c1ccccc1,floral;fruity;rose,3,goodscents
CC1=C(O)C(=O)CC1(C)C,CC1=C(O)C(=O)CC1(C)C,burnt;sweet,2,goodscents
O=C([O-])C(O)C(O)C(=O)[O-],O=C([O-])C(O)C(O)C(=O)[O-],odorless,1,goodscents
COC1CC2CC1C1CC(C=O)CC21,COC1CC2CC1C1CC(C=O)CC21,aldehydic;floral;fresh;marine;ozone;woody,6,goodscents
CCCCCSS,CCCCCSS,onion;sweet,2,goodscents
OC[C@@H](O)C(O)[C@@H](O)CO,OCC(O)C(O)C(O)CO,odorless,1,goodscents
CC1CCC(C(C)C)C(OCC(O)CO)C1,CC1CCC(C(C)C)C(OCC(O)CO)C1,berry;fruity;jammy;minty;phenolic,5,goodscents
CC(O)C(C)C(C)C(C)C(C)(C)C,CC(O)C(C)C(C)C(C)C(C)(C)C,amber;dry;fatty;soap;woody,5,goodscents
CCCC1(C(C)(C)C)C=CC(C)O1,CCCC1(C(C)(C)C)C=CC(C)O1,anise;black;currant;fruity;green;leafy,6,goodscents
CCCCCCCCCOC(=O)CCCCCCCC,CCCCCCCCCOC(=O)CCCCCCCC,aldehydic;floral;fruity;oily;orange;rose,6,goodscents
CCC=CCC(C)OC(=O)c1ccccc1O,CCC=CCC(C)OC(=O)c1ccccc1O,floral;green;lily;muguet,4,goodscents
COc1ccc(C#N)cc1,COc1ccc(C#N)cc1,coumarinic;floral;hawthorn;hay;sweet,5,goodscents
CC(=O)C[C@@H]1CC[C@@H]2[C@@H](C1)[C@H](C)CC2(C)C,CC(=O)CC1CCC2C(C1)C(C)CC2(C)C,dry;leafy;tobacco;woody,4,goodscents
CC1OCC2(CO1)CC1CCC2C1,CC1OCC2(CO1)CC1CCC2C1,celery;fruity;green,3,goodscents
COC(=O)OC1CC/C=C\CCC1,COC(=O)OC1CCC=CCCC1,banana;floral;fruity;green;violet,5,goodscents
CC(=O)c1cccs1,CC(=O)c1cccs1,hazelnut;nutty;sulfur,3,"flavornet,goodscents"
CCc1cc2c(cc1C(C)=O)C(C)(C)CCC2(C)C,CCc1cc2c(cc1C(C)=O)C(C)(C)CCC2(C)C,musk;sweet,2,goodscents
O=C1C=CCCCCCCCCCCCCC1,O=C1C=CCCCCCCCCCCCCC1,balsamic;clean;musk;powdery,4,goodscents
CC1(C)CCCC2(O)C(C)(C)C3CCC12C3,CC1(C)CCCC2(O)C(C)(C)C3CCC12C3,balsamic;green;woody,3,goodscents
CCOC(=O)C(C)C(C)S,CCOC(=O)C(C)C(C)S,fruity,1,goodscents
COC(=O)c1ccccc1C,COC(=O)c1ccccc1C,floral;grape;orangeflower,3,goodscents
CC1=CC2(C=CC(C)O2)C(C(C)C)CC1,CC1=CC2(C=CC(C)O2)C(C(C)C)CC1,black;currant;fruity;tropical,4,goodscents
CCCCCC(=O)OC(C)(C)Cc1ccccc1,CCCCCC(=O)OC(C)(C)Cc1ccccc1,herbaceous;herbal,2,"aromadb,goodscents"
CC(=O)OCCC(C)S,CC(=O)OCCC(C)S,fruity,1,goodscents
C/C=C(\C)CSC,CC=C(C)CSC,cooked;meaty;roasted,3,goodscents
CC(C)CC1OCC(O)CO1,CC(C)CC1OCC(O)CO1,fatty;fruity,2,goodscents
CCC/C=C/C1OCC(O)CO1,CCCC=CC1OCC(O)CO1,fresh;green,2,goodscents
COc1c(C=O)c(C)cc2c1C(C)(C)CCC2(C)C,COc1c(C=O)c(C)cc2c1C(C)(C)CCC2(C)C,musk;powdery;sweet;woody,4,goodscents
CCCC=CCC=O,CCCC=CCC=O,hay,1,goodscents
CC(=O)OC(c1ccccc1)C(Cl)(Cl)Cl,CC(=O)OC(c1ccccc1)C(Cl)(Cl)Cl,balsamic;floral;powdery;rose;soap,5,goodscents
O=C1CCCCC1C1CCCCC1,O=C1CCCCC1C1CCCCC1,herbal;minty;orris;ozone;sweet;woody,6,goodscents
O=C1O[C@H](CO)[C@@H](O)[C@H](O)[C@H]1O,O=C1OC(CO)C(O)C(O)C1O,odorless,1,goodscents
CCC(=O)c1ccc(F)c([C@@H]2C[C@@H]2NC(=O)Nc2ccc(C#N)cn2)c1O,CCC(=O)c1ccc(F)c(C2CC2NC(=O)Nc2ccc(C#N)cn2)c1O,odorless,1,goodscents
CCCCCCCCCCCCOCCO,CCCCCCCCCCCCOCCO,bland,1,goodscents
CC(C)(C)CC(C)(C)c1ccc(OCCO)cc1,CC(C)(C)CC(C)(C)c1ccc(OCCO)cc1,bland,1,goodscents
CCCCOCC(C)OCC(C)O,CCCCOCC(C)OCC(C)O,bland,1,goodscents
COCC1O[C@@H](O[C@@H]2C(COC)OC(OC)C(OC)C2OC)C(OC)C(OC)C1OC,COCC1OC(OC2C(COC)OC(OC)C(OC)C2OC)C(OC)C(OC)C1OC,odorless,1,goodscents
CCCCCCCCCCCCCCCCCCOCCO,CCCCCCCCCCCCCCCCCCOCCO,bland,1,goodscents
COC1OC(C(=O)O)C(OC2OC(C(=O)O)C(OC)C(O)C2O)C(O)C1O,COC1OC(C(=O)O)C(OC2OC(C(=O)O)C(OC)C(O)C2O)C(O)C1O,odorless,1,goodscents
O=C([O-])[C@H]1O[C@@H](O[C@H]2[C@H](O)[C@H](O)[C@H](O[C@H]3[C@H](O)[C@H](O)[C@H](O)O[C@H]3C(=O)[O-])O[C@H]2C(=O)O)[C@@H](O)[C@@H](O)[C@@H]1O,O=C([O-])C1OC(OC2C(C(=O)O)OC(OC3C(C(=O)[O-])OC(O)C(O)C3O)C(O)C2O)C(O)C(O)C1O,odorless,1,goodscents
O=C([O-])[C@H]1O[C@@H](O[C@H]2[C@H](O)[C@H](O)[C@H](O)O[C@@H]2C(=O)[O-])[C@@H](O)[C@@H](O)[C@@H]1O,O=C([O-])C1OC(OC2C(C(=O)[O-])OC(O)C(O)C2O)C(O)C(O)C1O,odorless,1,goodscents
CCCCCCCC/C=C/CCCCCCCC(=O)OCCOCC(OCCO)C1OCC(OCCO)C1OCCO,CCCCCCCCC=CCCCCCCCC(=O)OCCOCC(OCCO)C1OCC(OCCO)C1OCCO,alcoholic;mild,2,goodscents
CCCCCCCCCCCCCCCCCC(=O)OCCOCC(OCCOC)C1OCC(OCCOC)C1OCCOC,CCCCCCCCCCCCCCCCCC(=O)OCCOCC(OCCOC)C1OCC(OCCOC)C1OCCOC,alcoholic;mild,2,goodscents
CCCCCCCCCCCCCCCCOCCCO,CCCCCCCCCCCCCCCCOCCCO,bland,1,goodscents
CCCC(C)OC(=O)C(C)CCC,CCCC(C)OC(=O)C(C)CCC,fruity;pear,2,goodscents
CC=C1CC2CC(OC(C)C)C1C2,CC=C1CC2CC(OC(C)C)C1C2,animal;citrus;herbal;licorice,4,goodscents
Cc1scnc1CCOC=O,Cc1scnc1CCOC=O,brown;nutty,2,goodscents
OC(c1ccccc1)c1ccccc1,OC(c1ccccc1)c1ccccc1,green;rose;weedy,3,goodscents
COC(=O)c1ccccc1N=CC(C)Cc1ccc(C(C)C)cc1,COC(=O)c1ccccc1N=CC(C)Cc1ccc(C(C)C)cc1,floral;fresh;lily;orangeflower,4,goodscents
COC(=O)c1ccccc1N=CC(C)Cc1ccc(C(C)(C)C)cc1,COC(=O)c1ccccc1N=CC(C)Cc1ccc(C(C)(C)C)cc1,citrus;floral;fresh;green;lily;muguet;orangeflower,7,goodscents
O=c1ccc2ccccc2o1,O=c1ccc2ccccc2o1,green;hay;sweet,3,"flavornet,goodscents"
CCCCCCCCCC(=O)CC(=O)OCC(O)CO,CCCCCCCCCC(=O)CC(=O)OCC(O)CO,fatty;mild,2,goodscents
CCCCCCCCCCCCCC(=O)CC(=O)OCC(O)CO,CCCCCCCCCCCCCC(=O)CC(=O)OCC(O)CO,fatty;mild,2,goodscents
CCCC(=O)CC(=O)OCC(O)CO,CCCC(=O)CC(=O)OCC(O)CO,fatty;mild,2,goodscents
CCC1CCC2(CCC(=O)O2)CC1,CCC1CCC2(CCC(=O)O2)CC1,cinnamon;creamy;lactonic;peach;spicy,5,goodscents
CCCCCC=CCC=CCO,CCCCCC=CCC=CCO,fatty;waxy,2,goodscents
CC(=O)OC(C)CCC=C(C)CCC=C(C)C,CC(=O)OC(C)CCC=C(C)CCC=C(C)C,bitter;citrus;fresh;green;waxy,5,goodscents
Cc1occc1SC(C)CC=O,Cc1occc1SC(C)CC=O,meaty;roasted,2,goodscents
CCCC1CC(C(=O)OCC)=C(C)O1,CCCC1CC(C(=O)OCC)=C(C)O1,celery;chamomile;herbal;jasmin,4,goodscents
CC(=O)C1CCC(C)CC1O,CC(=O)C1CCC(C)CC1O,floral;hawthorn,2,goodscents
O=C1CCC(C2CCCCC2)CC1,O=C1CCC(C2CCCCC2)CC1,floral;fresh;orris;ozone;woody,5,goodscents
CC1CCC2C(C1)OC(=O)C2C,CC1CCC2C(C1)OC(=O)C2C,coumarinic;herbaceous;lactonic;phenolic;tobacco,5,"aromadb,goodscents"
CCC12CCC(C1)C(C1(O)CCCCC1)C2,CCC12CCC(C1)C(C1(O)CCCCC1)C2,floral;lily;muguet,3,goodscents
Cc1ccoc1CC1OC1(C)C,Cc1ccoc1CC1OC1(C)C,citrus;earthy;green,3,"flavornet,goodscents"
CCC(C)C(=O)OC(C)CO,CCC(C)C(=O)OC(C)CO,ethereal;fruity,2,goodscents
COc1ncc(C)nc1C,COc1ncc(C)nc1C,earthy,1,goodscents
CC(CO)CC(C)c1ccccc1,CC(CO)CC(C)c1ccccc1,citrus;floral;grapefruit;green;vetiver,5,goodscents
CC12C=CC(CC1)C(C)(C)O2,CC12C=CC(CC1)C(C)(C)O2,lemon;minty,2,"flavornet,goodscents"
CCC(C)(CCCC(C)C=O)OC,CCC(C)(CCCC(C)C=O)OC,citrus;fruity;green;herbal;marine;ozone,6,goodscents
COC1=CCCCC1,COC1=CCCCC1,herbal;spicy,2,"flavornet,goodscents"
CCC=CCC=CCCC=O,CCC=CCC=CCCC=O,aldehydic;citrus,2,goodscents
CC(CCCC(C)(C)O)CC1OCC(C)O1,CC(CCCC(C)(C)O)CC1OCC(C)O1,floral;green;lily;muguet,4,goodscents
CCC(O)/C=C/C1=C(C)CCCC1(C)C,CCC(O)C=CC1=C(C)CCCC1(C)C,berry;fruity,2,goodscents
CC(C)=CCC/C(C)=C/C(OCCCCCCCCCCC(C)C)OCCCCCCCCCCC(C)C,CC(C)=CCCC(C)=CC(OCCCCCCCCCCC(C)C)OCCCCCCCCCCC(C)C,fresh;fruity;green;lemon;woody,5,goodscents
COC(=O)c1ccccc1N=CC1CC=C(CCC=C(C)C)CC1,COC(=O)c1ccccc1N=CC1CC=C(CCC=C(C)C)CC1,citrus;clean;fresh;fruity;green;hyacinth,6,goodscents
C/C=C1/CC2CC1C1CCCOC21,CC=C1CC2CC1C1CCCOC21,berry;floral;fruity;herbal;woody,5,goodscents
COC1=C(C)C(C)C2C3CCC(C3)C12,COC1=C(C)C(C)C2C3CCC(C3)C12,herbal;woody,2,goodscents
CC(C)OC(=O)CC1=CCCCC1,CC(C)OC(=O)CC1=CCCCC1,honey;licorice;rose;sweet;waxy,5,goodscents
CCOC(=O)OC1C(C)CCC(C)C1C,CCOC(=O)OC1C(C)CCC(C)C1C,floral;fruity;leathery;metallic;rose;warm,6,goodscents
C=CCOc1ccc(C)cc1C,C=CCOc1ccc(C)cc1C,geranium;herbal,2,goodscents
O=C(OOC(=O)c1ccccc1)c1ccccc1,O=C(OOC(=O)c1ccccc1)c1ccccc1,mild,1,goodscents
CCCc1ccc2c(c1)OCO2,CCCc1ccc2c(c1)OCO2,spicy,1,goodscents
CCCC(O)C(CC)CO,CCCC(O)C(CC)CO,odorless,1,goodscents
Cc1scnc1CCOC(=O)C(C)C,Cc1scnc1CCOC(=O)C(C)C,nutty;roasted,2,goodscents
CC(C)C(=O)OCCCC1CCCCC1,CC(C)C(=O)OCCCC1CCCCC1,fruity;green;metallic,3,goodscents
CC1(C)C2CCC1(C)C(OC(=O)Cc1ccccc1)C2,CC1(C)C2CCC1(C)C(OC(=O)Cc1ccccc1)C2,balsamic,1,goodscents
CC1=CC2C(C(C)C)CC1CC2C1OCCO1,CC1=CC2C(C(C)C)CC1CC2C1OCCO1,bark;floral;green;milky;woody,5,goodscents
CCC(C)C(=O)OC1CC2CCC1(C)C2(C)C,CCC(C)C(=O)OC1CC2CCC1(C)C2(C)C,herbal;woody,2,goodscents
CCCC(=O)OCCCC1CCCCC1,CCCC(=O)OCCCC1CCCCC1,cooling;green;waxy,3,goodscents
CC1CCC2(CCC(=O)O2)CC1,CC1CCC2(CCC(=O)O2)CC1,coconut;coumarinic;creamy;lactonic;milky;plum;tropical,7,goodscents
CC1CCOC(c2ccccc2)C1,CC1CCOC(c2ccccc2)C1,bitter;floral;fresh;green;herbal;phenolic;rose,7,goodscents
CC1=CC2C3CC(CC3O)C2C1C,CC1=CC2C3CC(CC3O)C2C1C,camphoreous;earthy;herbal;woody,4,goodscents
CCCC(S)CCOC,CCCC(S)CCOC,herbal,1,goodscents
CCOC(=O)C1=C(CC)C(C)CCC1(C)C,CCOC(=O)C1=C(CC)C(C)CCC1(C)C,floral;fruity;tropical,3,goodscents
C=C(C)[C@@H]1CC[C@](C)(OC(C)=O)[C@@H]1C,C=C(C)C1CCC(C)(OC(C)=O)C1C,herbal;warm;woody,3,goodscents
COC(=O)c1ccccc1N=C/C=C/c1ccccc1,COC(=O)c1ccccc1N=CC=Cc1ccccc1,cinnamon;spicy;sweet,3,goodscents
CC1(C=O)CC(C)(C)C2CCCC=C21,CC1(C=O)CC(C)(C)C2CCCC=C21,black;currant;herbal,3,goodscents
CC1=NC(C)SC(C)S1,CC1=NC(C)SC(C)S1,beefy;meaty,2,goodscents
Cc1ccccc1C,Cc1ccccc1C,geranium,1,"flavornet,goodscents"
COC1(OC)CCCCCCCCCCC1,COC1(OC)CCCCCCCCCCC1,cedar;woody,2,goodscents
CC(C)c1ccc2c(c1)OCC(=O)CO2,CC(C)c1ccc2c(c1)OCC(=O)CO2,clean;fruity;marine,3,goodscents
C/C=C(\C)COC(=O)C(C)CC,CC=C(C)COC(=O)C(C)CC,berry;estery;fruity,3,goodscents
CC1CCC(CCCC(=O)O)C1(C)C,CC1CCC(CCCC(=O)O)C1(C)C,sweet,1,goodscents
CC(C)[C@H]1CC[C@H](C)C[C@H]1NC(=O)C1CC1,CC1CCC(C(C)C)C(NC(=O)C2CC2)C1,brothy;savory,2,goodscents
CC1CC(C)SS1,CC1CC(C)SS1,cooked;onion;sulfur,3,goodscents
CC1=CCC(C(C)CC2CCCC2=O)CC1,CC1=CCC(C(C)CC2CCCC2=O)CC1,apricot;coconut;fruity;lactonic;oily;peach;tropical;waxy,8,goodscents
C=C(C)c1ccc(O)c(OC)c1,C=C(C)c1ccc(O)c(OC)c1,floral;spicy;sweet;woody,4,goodscents
CCCCCCCCCCCC(=O)N(C)CC(=O)O,CCCCCCCCCCCC(=O)N(C)CC(=O)O,bland,1,goodscents
CCC(=O)OCCCC1CCCCC1,CCC(=O)OCCCC1CCCCC1,fresh;fruity;green,3,goodscents
CC/C=C/CCOC(CC)OC,CCC=CCCOC(CC)OC,bark;fresh;green;leaf;tomato;weedy,6,goodscents
COCCOc1ccc(C)cc1,COCCOc1ccc(C)cc1,animal;bark;earthy;fresh;green;melon;phenolic,7,goodscents
C=CC(C)(C#N)Cc1ccccc1,C=CC(C)(C#N)Cc1ccccc1,aldehydic;green;herbal;peppery;spicy;sweet,6,goodscents
CC/C=C\CC/C=C/C#N,CCC=CCCC=CC#N,floral;green;leaf;violet,4,goodscents
CC1C(O)C=C2CC(C)(C)C=CC21C,CC1C(O)C=C2CC(C)(C)C=CC21C,fruity,1,goodscents
OCc1ccco1,OCc1ccco1,alcoholic;bready;brown;burnt;caramel;chemical;coffee;estery;musty;sulfur;sweet,11,"aromadb,flavornet,goodscents"
CC(C)(C)c1ccc(O)c(O)c1,CC(C)(C)c1ccc(O)c(O)c1,phenolic,1,goodscents
O=C1CC[C@@H](C(=O)O)N1,O=C1CCC(C(=O)O)N1,ethereal;mild;sweet,3,goodscents
CCCCCCCCCOC(=O)CCCCCC,CCCCCCCCCOC(=O)CCCCCC,cognac;floral;herbal;orange;rose,5,goodscents
O=C(O)c1ccc(O)c(O)c1,O=C(O)c1ccc(O)c(O)c1,balsamic;phenolic,2,goodscents
COC(=O)c1ccc(O)cc1,COC(=O)c1ccc(O)cc1,odorless,1,goodscents
CC1CCC(C(C)C)CC1,CC1CCC(C(C)C)CC1,pine,1,goodscents
CC(=O)c1ccc(Cl)cc1,CC(=O)c1ccc(Cl)cc1,floral;hawthorn;hay;sweet,4,goodscents
C[C@@H](NC1C(C)(C)SC1(C)C)C(=O)NC(=O)[C@@H](N)CC(=O)O,CC(NC1C(C)(C)SC1(C)C)C(=O)NC(=O)C(N)CC(=O)O,odorless,1,goodscents
CC(=O)C1CCC=N1,CC(=O)C1CCC=N1,malty;popcorn,2,goodscents
CCCCCCCC(=O)N(CC)CC,CCCCCCCC(=O)N(CC)CC,fresh;fruity;minty;spicy;sweet;tobacco;woody,7,goodscents
CCOC(=O)CCCO,CCOC(=O)CCCO,caramel,1,"flavornet,goodscents"
CC1=CCCC(C)(C)C1/C=C\C(=O)CC(C)C,CC1=CCCC(C)(C)C1C=CC(=O)CC(C)C,earthy;vetiver;woody,3,goodscents
CC1CSC(C)S1,CC1CSC(C)S1,sulfur,1,goodscents
CC1CCSC(C)S1,CC1CCSC(C)S1,garlic,1,goodscents
CC(CC=O)C1CCC(C)(O)CC1,CC(CC=O)C1CCC(C)(O)CC1,floral;muguet,2,goodscents
CCCC1(C(C)(C)C)CCC(C)O1,CCCC1(C(C)(C)C)CCC(C)O1,black;currant;fruity;green;minty;pine;sweet,7,goodscents
C=CCc1ccc2c(c1)OCC(=O)CO2,C=CCc1ccc2c(c1)OCC(=O)CO2,aldehydic;fatty;floral;herbal;marine;ozone,6,goodscents
C/C=C/C(=O)/C(C)=C(\C)C(C)(C)C,CC=CC(=O)C(C)=C(C)C(C)(C)C,apple;celery;fruity;herbal;jasmin,5,goodscents
C/C=C/C(=O)/C(C)=C(/CC)C(C)C,CC=CC(=O)C(C)=C(CC)C(C)C,fruity;raspberry;rose,3,goodscents
C=C(CCC=C(C)C)C1CC=C(C=O)CC1,C=C(CCC=C(C)C)C1CC=C(C=O)CC1,fatty;fruity;green,3,goodscents
C[C@@H]1CC(C)(C)C[C@@]2(C1)[C@@H](C)CC(=O)[C@]2(C)O,CC1CC(C)(C)CC2(C1)C(C)CC(=O)C2(C)O,amber;tobacco;woody,3,goodscents
C[C@H]1CC(=O)[C@](C)(O)C12CCCCCC2,CC1CC(=O)C(C)(O)C12CCCCCC2,camphoreous;herbal;woody,3,goodscents
C[C@@H]1CC(=O)[C@](C)(O)C12CC(C)(C)CC(C)(C)C2,CC1CC(=O)C(C)(O)C12CC(C)(C)CC(C)(C)C2,woody,1,goodscents
CC(C)=CCC1(C)CC(C)C=C(C)C1=O,CC(C)=CCC1(C)CC(C)C=C(C)C1=O,aldehydic;floral;fresh;grapefruit;herbal;terpenic,6,goodscents
CC(C)=CCC1(C)CCC(C)=C(C)C1=O,CC(C)=CCC1(C)CCC(C)=C(C)C1=O,aldehydic;fruity;herbal;minty,4,goodscents
CC1=CCCC(C)(Cc2ccccc2)C1=O,CC1=CCCC(C)(Cc2ccccc2)C1=O,apple;fruity;minty;rose,4,goodscents
OCCCCC1=CCCC1,OCCCCC1=CCCC1,aldehydic;floral;green;rose,4,goodscents
C=C/C=C/CCC(O)C(C)(C)C,C=CC=CCCC(O)C(C)(C)C,earthy;fruity;lavender;mushroom,4,goodscents
CC1CCOC(C)(C)S1,CC1CCOC(C)(C)S1,fruity;green;terpenic;tropical;woody,5,goodscents
CC(=O)CCC(CCC(C)O)C(C)C,CC(=O)CCC(CCC(C)O)C(C)C,dry;woody,2,goodscents
CC1CCC=CCCCCCCCCCC(=O)C1,CC1CCC=CCCCCCCCCCC(=O)C1,creamy;musk;powdery;warm;woody,5,goodscents
CC1(C)C2CCC3(C2)C1c1ncncc1CC3(C)C,CC1(C)C2CCC3(C2)C1c1ncncc1CC3(C)C,amber;musk;woody,3,goodscents
C=CCSC(C(=O)CC(C)C)C(C)C,C=CCSC(C(=O)CC(C)C)C(C)C,citrus;floral;grapefruit;green;spicy,5,goodscents
C=CCC(C)(O)C1C2CCC(C2)C1(C)C,C=CCC(C)(O)C1C2CCC(C2)C1(C)C,balsamic;berry;woody,3,goodscents
CCCCCC#CC(=O)OCc1ccccc1,CCCCCC#CC(=O)OCc1ccccc1,green;melon;violet,3,goodscents
CCCCC1(O)C(C)=CC(=O)CC1(C)C,CCCCC1(O)C(C)=CC(=O)CC1(C)C,earthy;fruity;green;herbal;minty;sweet;woody,7,goodscents
COc1scnc1CC(C)C,COc1scnc1CC(C)C,brothy;celery;green;onion;vegetable,5,goodscents
CCCCC1COCC(C)O1,CCCCC1COCC(C)O1,fresh,1,goodscents
CC=CCSC(C(=O)CC(C)C)C(C)C,CC=CCSC(C(=O)CC(C)C)C(C)C,citrus;floral;woody,3,goodscents
CC1C(=CCC#N)C2C=CC1C2,CC1C(=CCC#N)C2C=CC1C2,floral;spicy,2,goodscents
CC1CC=CCC12COC(C)(C)OC2,CC1CC=CCC12COC(C)(C)OC2,camphor;fruity;woody,3,goodscents
CCCC(=O)C(CC)SC(C(=O)CC(C)C)C(C)C,CCCC(=O)C(CC)SC(C(=O)CC(C)C)C(C)C,floral;grapefruit;woody,3,goodscents
CC/C=C\C(=O)C(OC)OC,CCC=CC(=O)C(OC)OC,camphor;earthy;minty;sweet;warm,5,goodscents
CC1OCC2(CC=CCC2C)CO1,CC1OCC2(CC=CCC2C)CO1,green;lavender,2,goodscents
CC(=O)CC1C2CCC(C2)C1(C)C,CC(=O)CC1C2CCC(C2)C1(C)C,balsamic;berry;fruity;pine;sweet;woody,6,goodscents
C=CC(C)(O)CC/C=C(\C)CCC/C=C/C(=C)C,C=CC(C)(O)CCC=C(C)CCCC=CC(=C)C,balsamic;floral;woody,3,goodscents
CC1CCOC(C2CCCCC2)S1,CC1CCOC(C2CCCCC2)S1,citrus;dry;herbal;onion;tropical;woody,6,goodscents
CC(C)CC(=O)C(S)C(C)C,CC(C)CC(=O)C(S)C(C)C,grape;grapefruit;green,3,goodscents
C=C(C)CSC(C(=O)CC(C)C)C(C)C,C=C(C)CSC(C(=O)CC(C)C)C(C)C,bready;celery;citrus;floral;fruity;grapefruit;orange;vegetable,8,goodscents
CCCC(=O)C(CC)OC,CCCC(=O)C(CC)OC,almond;fruity;grape;sweet,4,goodscents
CC1C(C)(C)c2ccc(-c3ccncn3)cc2C1(C)C,CC1C(C)(C)c2ccc(-c3ccncn3)cc2C1(C)C,floral,1,goodscents
CC1=C(C)CC2(COCOC2)C(C)C1,CC1=C(C)CC2(COCOC2)C(C)C1,spicy,1,goodscents
CC(C)(C)c1cc(-c2ccncn2)c2c(c1)C(C)(C)CC2,CC(C)(C)c1cc(-c2ccncn2)c2c(c1)C(C)(C)CC2,fatty,1,goodscents
CC1=CCC2(C)CCC1C2,CC1=CCC2(C)CCC1C2,black;green;peppery;woody,4,goodscents
C=CCC1(C)C(=O)CC2(C)CCC1C2,C=CCC1(C)C(=O)CC2(C)CCC1C2,amber;fruity;musty,3,goodscents
CCCc1ccc(CC=COC)cc1,CCCc1ccc(CC=COC)cc1,fatty;green;muguet,3,goodscents
COC=CCc1ccc(C)cc1,COC=CCc1ccc(C)cc1,fatty;green;muguet,3,goodscents
O=C1CCCCCC=CC=CCCCCCC1,O=C1CCCCCC=CC=CCCCCCC1,musk;powdery;warm,3,goodscents
CC=CC(=O)C1=C(C)CCCC1,CC=CC(=O)C1=C(C)CCCC1,fruity,1,goodscents
c1coc(COCc2cccs2)c1,c1coc(COCc2cccs2)c1,green;woody,2,goodscents
Cc1ncc2c(n1)C(C)OC2C,Cc1ncc2c(n1)C(C)OC2C,sweet,1,goodscents
CC(C)C1OC2(C)CCC1C(C)C2,CC(C)C1OC2(C)CCC1C(C)C2,cooling;green;herbal;minty,4,goodscents
C=CCC(O)C1CC=C(C)CC1,C=CCC(O)C1CC=C(C)CC1,anise;green;licorice,3,goodscents
CC1C=CC2(O1)C(C)(C)CCCC2(C)O,CC1C=CC2(O1)C(C)(C)CCCC2(C)O,balsamic;woody,2,goodscents
C=CCC(O)/C=C/CCC,C=CCC(O)C=CCCC,earthy;fatty;green;mushroom,4,goodscents
C=CCC(C=CCCC)OC(C)=O,C=CCC(C=CCCC)OC(C)=O,earthy;fatty;green;mushroom,4,goodscents
CC(C)C1CC(c2ccccc2)C=CO1,CC(C)C1CC(c2ccccc2)C=CO1,spicy;sweet,2,goodscents
C=C(C)CCC[C@@H](C)[C@]1(O)CC=C(C)CC1,C=C(C)CCCC(C)C1(O)CC=C(C)CC1,lily,1,goodscents
C[C@H]1OCCCCCCCCCCCOC1=O,CC1OCCCCCCCCCCCOC1=O,animal;musk;sweet,3,goodscents
C[C@H]1OCCCCCCCCCCCCOC1=O,CC1OCCCCCCCCCCCCOC1=O,animal;musk;sweet;woody,4,goodscents
CC[C@@H]1CC(C)(C)CCC1=O,CCC1CC(C)(C)CCC1=O,berry;earthy;fruity;herbal;spicy,5,goodscents
C=C(CCCCCCC)C(C)O,C=C(CCCCCCC)C(C)O,floral;orange,2,goodscents
CCC1OCCC(C)S1,CCC1OCCC(C)S1,apricot;floral;fruity;green;tropical;vegetable;waxy,7,goodscents
CCCCC1OCCC(C)S1,CCCCC1OCCC(C)S1,banana;fruity;grapefruit;green;leafy;oily;peppery;spicy;tropical;woody,10,goodscents
CC[C@@H](C)CCC=O,CCC(C)CCC=O,bland;fresh;green;warm,4,goodscents
Cc1ccc(C)c(C)c1,Cc1ccc(C)c(C)c1,plastic,1,flavornet
Cc1cc(C)c(C)cc1C,Cc1cc(C)c(C)cc1C,sweet,1,flavornet
CCOCCCO,CCOCCCO,fruity,1,flavornet
C=C1CCC2C(C1)C2(C)C,C=C1CCC2C(C1)C2(C)C,orange;peel,2,flavornet
Cc1ccc2cc(C)ccc2c1,Cc1ccc2cc(C)ccc2c1,grass,1,flavornet
C=Cc1cccc(C)c1C,C=Cc1cccc(C)c1C,gasoline,1,flavornet
CCCCCCCCCCCCC(O)CCC,CCCCCCCCCCCCC(O)CCC,floral;waxy,2,flavornet
CC1=CCC2C(C)=CCC(C)(C)CC2C1,CC1=CCC2C(C)=CCC(C)(C)CC2C1,green;woody,2,flavornet
CC(=O)C1CC=C(C)CC1,CC(=O)C1CC=C(C)CC1,spicy,1,flavornet
C=CC(C)(CCC=C(C)C)OC(=O)CC(C)C,C=CC(C)(CCC=C(C)C)OC(=O)CC(C)C,apple;citrus;sweet,3,flavornet
CC(=O)C1=NCCC1,CC(=O)C1=NCCC1,nut,1,flavornet
C=C(C)C1=CC=C(C)C(O)C1,C=C(C)C1=CC=C(C)C(O)C1,herbal,1,flavornet
OC[C@@H](O)c1ccccc1,OCC(O)c1ccccc1,sweet,1,flavornet
CC(C)[C@@H](C(=O)O)[C@@H](O)[C@H](O)[C@@H](N)CC1CCCCC1,CC(C)C(C(=O)O)C(O)C(O)C(N)CC1CCCCC1,solvent,1,flavornet
Cc1cc(O)c2c(c1)[C@H](C(C)C)CC[C@H]2C,Cc1cc(O)c2c(c1)C(C(C)C)CCC2C,herbal,1,flavornet
C=CC(=O)C/C(=C\CCSCC)c1ccccc1,C=CC(=O)CC(=CCCSCC)c1ccccc1,earthy,1,flavornet
CCC(=O)O[C@@H]1C[C@H]2CC[C@]1(C)C2(C)C,CCC(=O)OC1CC2CCC1(C)C2(C)C,camphor;fruity,2,"aromadb,flavornet"
C12=C3C4C1=C1C2C3C14,C12=C3C4C1=C1C2C3C14,fruity;spicy,2,flavornet
C=CC(CCCCC)OO,C=CC(CCCCC)OO,mushroom,1,flavornet
c1ccccc1,c1ccccc1,garlic,1,aromadb
OCc1ccccc1O,OCc1ccccc1O,coconut,1,aromadb
CCCCOC(=O)c1ccccc1C(=O)OCC(CC)CCCC,CCCCOC(=O)c1ccccc1C(=O)OCC(CC)CCCC,citrus,1,aromadb
C1=CCCC=C1,C1=CCCC=C1,lemon,1,aromadb
NCC(=O)c1ccccc1,NCC(=O)c1ccccc1,almond,1,aromadb
CC(C)CCC(C)O,CC(C)CCC(C)O,sweet,1,aromadb
O=C(O)C(Cc1ccccc1)c1ccccc1,O=C(O)C(Cc1ccccc1)c1ccccc1,floral;honey,2,aromadb
CN(C)CCc1ccccc1,CN(C)CCc1ccccc1,sweet,1,aromadb
C=CCCC(O)CCC,C=CCCC(O)CCC,fruity,1,aromadb
C=C1CCC(C(=C)C)CC1,C=C1CCC(C(=C)C)CC1,minty,1,aromadb
CC(=O)c1ccc(O)cc1C,CC(=O)c1ccc(O)cc1C,almond,1,aromadb
CCCC(=O)Oc1ccccc1OC,CCCC(=O)Oc1ccccc1OC,fruity,1,aromadb
CC1=COC(=O)C2C(C)CCC12,CC1=COC(=O)C2C(C)CCC12,minty,1,aromadb
CC(C)=C1CCC(C)CC1O,CC(C)=C1CCC(C)CC1O,camphor,1,aromadb
CCCCCCCCC(CO)CCCCCC,CCCCCCCCC(CO)CCCCCC,fruity,1,aromadb
[CH2]CCCO,[CH2]CCCO,minty;tea,2,aromadb
Cc1ccc(CC(=O)O)cc1,Cc1ccc(CC(=O)O)cc1,floral,1,aromadb
C=C(C)C1CC(=O)C(C)=C(O)C1,C=C(C)C1CC(=O)C(C)=C(O)C1,minty,1,aromadb
C=C(C)C1CCC2(C)OC2C1=O,C=C(C)C1CCC2(C)OC2C1=O,minty,1,aromadb
C=CC(C)(O)CCC1OC1(C)C,C=CC(C)(O)CCC1OC1(C)C,floral,1,aromadb
C=C(C)C1C=CC(C)(OO)CC1,C=C(C)C1C=CC(C)(OO)CC1,citrus,1,aromadb
CC1(C)C2CCC1(C)C(C(=O)O)C2,CC1(C)C2CCC1(C)C(C(=O)O)C2,camphor,1,aromadb
CS(=O)(=O)c1ccc(CCC(=O)O)cc1,CS(=O)(=O)c1ccc(CCC(=O)O)cc1,floral;honey,2,aromadb
C=CC(C)(O)CC/C=C(\C)CO,C=CC(C)(O)CCC=C(C)CO,citrus,1,aromadb
C=C[C@]1(C)Cc2occ(C)c2CC1C(=C)C,C=CC1(C)Cc2occ(C)c2CC1C(=C)C,fruity;spicy,2,aromadb
C=C[C@]1(C)Cc2occ(C)c2C(=O)[C@@H]1C(=C)C,C=CC1(C)Cc2occ(C)c2C(=O)C1C(=C)C,spicy,1,aromadb
C=C(C)C(CO)C/C=C(/C)CCC=C(C)C,C=C(C)C(CO)CC=C(C)CCC=C(C)C,lavender,1,aromadb
CCC/C=C/COC(=O)c1ccccc1,CCCC=CCOC(=O)c1ccccc1,herbaceous,1,aromadb
COc1cccc(/C=C/C=O)c1,COc1cccc(C=CC=O)c1,floral,1,aromadb
CC1=CCC(C(C)C)=CC2C(C)CCC12,CC1=CCC(C(C)C)=CC2C(C)CCC12,spicy,1,aromadb
CC(C)=CCCC(C)C1=CCC(C)=CC1,CC(C)=CCCC(C)C1=CCC(C)=CC1,herbaceous,1,aromadb
C/C1=C\CC[C@@](C)(O)/C=C/[C@H](C(C)C)CC1,CC1=CCCC(C)(O)C=CC(C(C)C)CC1,raspberry,1,aromadb
CC1(C)O[C@]2(C)CC[C@H]1C[C@@H]2O,CC1(C)OC2(C)CCC1CC2O,minty,1,aromadb
CCCC(=O)CC(=O)[O-],CCCC(=O)CC(=O)[O-],sweet,1,aromadb
C=C(C)C1CCC(C)=C(C=O)C1,C=C(C)C1CCC(C)=C(C=O)C1,minty,1,aromadb
C=CCC(CCCC)C(=O)O,C=CCC(CCCC)C(=O)O,pineapple,1,aromadb
C/C(C=O)=C\CCC1(C)C2CC3C(C2)C31C,CC(C=O)=CCCC1(C)C2CC3C(C2)C31C,sweet,1,aromadb
C=C(CO)[C@@H]1CC[C@@H](C)[C@@H]2CCC(C)=C[C@@H]21,C=C(CO)C1CCC(C)C2CCC(C)=CC12,grass,1,aromadb
OCOc1ccccc1,OCOc1ccccc1,floral;sweet,2,aromadb
CC(C)CCOC(C=O)(OCCC(C)C)c1ccc(O)cc1,CC(C)CCOC(C=O)(OCCC(C)C)c1ccc(O)cc1,fruity,1,aromadb
C=CCCC(=O)OC1CCCCC1,C=CCCC(=O)OC1CCCCC1,apricot;peach,2,aromadb
CC(=O)SC1=C(C)OCC1,CC(=O)SC1=C(C)OCC1,sulfur,1,aromadb
CC(C)CC(CCCC(=O)O)(CC(C)C)C(=O)O,CC(C)CC(CCCC(=O)O)(CC(C)C)C(=O)O,bland,1,aromadb
CCC(C(=O)O)C(=O)c1ccccc1,CCC(C(=O)O)C(=O)c1ccccc1,cherry,1,aromadb
CCCC[NH-],CCCC[NH-],nutty,1,aromadb
Cc1oc(C)c(O)c1O,Cc1oc(C)c(O)c1O,pineapple,1,aromadb
CCCCCCCCC=CC(=O)OCCCC,CCCCCCCCC=CC(=O)OCCCC,fruity,1,aromadb
CC(C)C1=CCC(CO)C=C1,CC(C)C1=CCC(CO)C=C1,minty,1,aromadb
C=CCSC(=O)CCCCC,C=CCSC(=O)CCCCC,fruity,1,aromadb
[2H]C([2H])([2H])C(=O)C([2H])([2H])c1ccc(O)c(OC)c1,[H]C([H])([H])C(=O)C([H])([H])c1ccc(O)c(OC)c1,vanilla,1,aromadb
C=C1C2CCC(CO)[C@@]23CC[C@H](C3)C1(C)C,C=C1C2CCC(CO)C23CCC(C3)C1(C)C,sweet,1,aromadb
CC(O)C(=O)c1cc(O)ccc1C=O,CC(O)C(=O)c1cc(O)ccc1C=O,nutty,1,aromadb
CCCCCCCCCCCC(=O)OC(O)C(CO)OCCCCCCCCCC,CCCCCCCCCCCC(=O)OC(O)C(CO)OCCCCCCCCCC,fruity,1,aromadb
CCCC(=O)C(=O)CCC(=O)CC(C)=O,CCCC(=O)C(=O)CCC(=O)CC(C)=O,sweet,1,aromadb
C=C1CCC[C@H](C)C2CC(C(C)(C)O)CC12,C=C1CCCC(C)C2CC(C(C)(C)O)CC12,fruity,1,aromadb
